#
# A fatal error has been detected by the Java Runtime Environment:
#
#  SIGSEGV (0xb) at pc=0x000000010255800c, pid=60727, tid=33827
#
# JRE version: Java(TM) SE Runtime Environment (21.0.12.1+1) (build 21.0.12.1+1-LTS-4)
# Java VM: Java HotSpot(TM) 64-Bit Server VM (21.0.12.1+1-LTS-4, mixed mode, sharing, tiered, compressed oops, compressed class ptrs, g1 gc, bsd-aarch64)
# Problematic frame:
# C  [python3.12+0x1000c]  PyObject_RichCompareBool+0x48
#
# No core dump will be written. Core dumps have been disabled. To enable core dumping, try "ulimit -c unlimited" before starting Java again
#
# If you would like to submit a bug report, please visit:
#   https://bugreport.java.com/bugreport/crash.jsp
# The crash happened outside the Java Virtual Machine in native code.
# See problematic frame for where to report the bug.
#

---------------  S U M M A R Y ------------

Command Line: -Dfile.encoding=UTF8 -ea -Xmx1024m 

Host: "Mac16,1" arm64, 10 cores, 16G, Darwin 25.6.0, macOS 26.6.2 (25G83)
Time: Thu Sep  3 19:19:57 2026 KST elapsed time: 8971.075290 seconds (0d 2h 29m 31s)

---------------  T H R E A D  ---------------

Current thread (0x000000097d402300):  JavaThread "SIGTERM handler" daemon [_thread_in_native, id=33827, stack(0x0000000178e10000,0x0000000179013000) (2060K)]

Stack: [0x0000000178e10000,0x0000000179013000],  sp=0x0000000179012660,  free space=2057k
Native frames: (J=compiled Java code, j=interpreted, Vv=VM code, C=native code)
C  [python3.12+0x1000c]  PyObject_RichCompareBool+0x48
C  [python3.12+0x287e8c]  compare_handler+0x38
C  [python3.12+0x8822ec]  PyErr_SetInterruptEx+0x44
j  org.jpype.JPypeSignal.interruptPy(I)V+0
j  org.jpype.JPypeSignal.lambda$getSignalHandler$0(ILjava/lang/Object;Ljava/lang/reflect/Method;[Ljava/lang/Object;)Ljava/lang/Object;+7
j  org.jpype.JPypeSignal$$Lambda+0x0000007001007830.invoke(Ljava/lang/Object;Ljava/lang/reflect/Method;[Ljava/lang/Object;)Ljava/lang/Object;+7
j  jdk.proxy2.$Proxy3.handle(Lsun/misc/Signal;)V+16 jdk.proxy2
j  sun.misc.Signal$InternalMiscHandler.handle(Ljdk/internal/misc/Signal;)V+8 jdk.unsupported@21.0.12.1
j  jdk.internal.misc.Signal$1.run()V+8 java.base@21.0.12.1
j  java.lang.Thread.runWith(Ljava/lang/Object;Ljava/lang/Runnable;)V+5 java.base@21.0.12.1
j  java.lang.Thread.run()V+19 java.base@21.0.12.1
v  ~StubRoutines::call_stub 0x0000000159e34154
V  [libjvm.dylib+0x4d65cc]  JavaCalls::call_helper(JavaValue*, methodHandle const&, JavaCallArguments*, JavaThread*)+0x39c
V  [libjvm.dylib+0x4d5590]  JavaCalls::call_virtual(JavaValue*, Klass*, Symbol*, Symbol*, JavaCallArguments*, JavaThread*)+0x140
V  [libjvm.dylib+0x4d565c]  JavaCalls::call_virtual(JavaValue*, Handle, Klass*, Symbol*, Symbol*, JavaThread*)+0x64
V  [libjvm.dylib+0x59a4d0]  thread_entry(JavaThread*, JavaThread*)+0x9c
V  [libjvm.dylib+0x4e96b4]  JavaThread::thread_main_inner()+0x8c
V  [libjvm.dylib+0x9a3f0c]  Thread::call_run()+0xc8
V  [libjvm.dylib+0x84de78]  thread_native_entry(Thread*)+0x158
C  [libsystem_pthread.dylib+0x6c58]  _pthread_start+0x88
Java frames: (J=compiled Java code, j=interpreted, Vv=VM code)
j  org.jpype.JPypeSignal.interruptPy(I)V+0
j  org.jpype.JPypeSignal.lambda$getSignalHandler$0(ILjava/lang/Object;Ljava/lang/reflect/Method;[Ljava/lang/Object;)Ljava/lang/Object;+7
j  org.jpype.JPypeSignal$$Lambda+0x0000007001007830.invoke(Ljava/lang/Object;Ljava/lang/reflect/Method;[Ljava/lang/Object;)Ljava/lang/Object;+7
j  jdk.proxy2.$Proxy3.handle(Lsun/misc/Signal;)V+16 jdk.proxy2
j  sun.misc.Signal$InternalMiscHandler.handle(Ljdk/internal/misc/Signal;)V+8 jdk.unsupported@21.0.12.1
j  jdk.internal.misc.Signal$1.run()V+8 java.base@21.0.12.1
j  java.lang.Thread.runWith(Ljava/lang/Object;Ljava/lang/Runnable;)V+5 java.base@21.0.12.1
j  java.lang.Thread.run()V+19 java.base@21.0.12.1
v  ~StubRoutines::call_stub 0x0000000159e34154

siginfo: si_signo: 11 (SIGSEGV), si_code: 2 (SEGV_ACCERR), si_addr: 0x0000000000000024

Registers:
 x0=0x0000000975c14258  x1=0x0000000103418378  x2=0x0000000000000002  x3=0x0000000000000000
 x4=0x0000000000000001  x5=0x0000000000000000  x6=0x00000000000000d6  x7=0x000000097d402300
 x8=0x000000018cfd0388  x9=0x0000000103321860 x10=0x0000000103321860 x11=0x0000000000000004
x12=0x00000001334198c8 x13=0x00000001334198c8 x14=0x000000000007f800 x15=0x0000000000000012
x16=0x0000000000000102 x17=0x0000000000000000 x18=0x0000000000000000 x19=0x0000000000000000
x20=0x0000000103418378 x21=0x0000000000000002 x22=0x0000000103418358 x23=0x0000000159e3ba40
x24=0x0000000179012778 x25=0x0000000000000001 x26=0x0000000133419ad8 x27=0x0000000000000000
x28=0x000000097d402300  fp=0x00000001790126b0  lr=0x0000000102558000  sp=0x0000000179012660
pc=0x000000010255800c cpsr=0x0000000080000000

Register to memory mapping:

x0 =0x0000000975c14258 points into unknown readable memory: 0x0000000000000000 | 00 00 00 00 00 00 00 00
x1 =0x0000000103418378: _PyRuntime+0xaa0 in /Users/chaeyeong/.local/share/uv/python/cpython-3.12.14-macos-aarch64-none/bin/python3.12 at 0x0000000102548000
x2 =0x0000000000000002 is an unknown value
x3 =0x0 is null
x4 =0x0000000000000001 is an unknown value
x5 =0x0 is null
x6 =0x00000000000000d6 is an unknown value
x7 =0x000000097d402300 is a thread
x8 =0x000000018cfd0388: _tlv_get_addr+0 in /usr/lib/system/libdyld.dylib at 0x000000018cfb3000
x9 =0x0000000103321860: PyLong_Type+0 in /Users/chaeyeong/.local/share/uv/python/cpython-3.12.14-macos-aarch64-none/bin/python3.12 at 0x0000000102548000
x10=0x0000000103321860: PyLong_Type+0 in /Users/chaeyeong/.local/share/uv/python/cpython-3.12.14-macos-aarch64-none/bin/python3.12 at 0x0000000102548000
x11=0x0000000000000004 is an unknown value
x12={method} {0x00000001334198c8} 'interruptPy' '(I)V' in 'org/jpype/JPypeSignal'
x13={method} {0x00000001334198c8} 'interruptPy' '(I)V' in 'org/jpype/JPypeSignal'
x14=0x000000000007f800 is an unknown value
x15=0x0000000000000012 is an unknown value
x16=0x0000000000000102 is an unknown value
x17=0x0 is null
x18=0x0 is null
x19=0x0 is null
x20=0x0000000103418378: _PyRuntime+0xaa0 in /Users/chaeyeong/.local/share/uv/python/cpython-3.12.14-macos-aarch64-none/bin/python3.12 at 0x0000000102548000
x21=0x0000000000000002 is an unknown value
x22=0x0000000103418358: _PyRuntime+0xa80 in /Users/chaeyeong/.local/share/uv/python/cpython-3.12.14-macos-aarch64-none/bin/python3.12 at 0x0000000102548000
x23=0x0000000159e3ba40 is at code_begin+0 in an Interpreter codelet
method entry point (kind = zerolocals)  [0x0000000159e3ba40, 0x0000000159e3bd60]  800 bytes
x24=0x0000000179012778 is pointing into the stack for thread: 0x000000097d402300
x25=0x0000000000000001 is an unknown value
x26=0x0000000133419ad8 is pointing into metadata
x27=0x0 is null
x28=0x000000097d402300 is a thread
 fp=0x00000001790126b0 is pointing into the stack for thread: 0x000000097d402300
 lr=0x0000000102558000: PyObject_RichCompareBool+0x3c in /Users/chaeyeong/.local/share/uv/python/cpython-3.12.14-macos-aarch64-none/bin/python3.12 at 0x0000000102548000
 sp=0x0000000179012660 is pointing into the stack for thread: 0x000000097d402300

Top of Stack: (sp=0x0000000179012660)
0x0000000179012660:   0000000179012778 0000000159e3ba40
0x0000000179012670:   0000000971171360 00000001334198c8
0x0000000179012680:   0000000179012778 0000000159e3ba40
0x0000000179012690:   0000000000000000 0000000127d5b8d0
0x00000001790126a0:   0000000103418358 000000000000000f
0x00000001790126b0:   00000001790126c0 00000001027cfe8c
0x00000001790126c0:   00000001790126e0 0000000102dca2ec
0x00000001790126d0:   00000001790126f8 0000000159e3a8f0
0x00000001790126e0:   0000000179012750 0000000159e3ca88
0x00000001790126f0:   0000000000000001 000000097d402300
0x0000000179012700:   0000000179012700 0000000000000000
0x0000000179012710:   0000000000000005 0000000133419ad8
0x0000000179012720:   0000000315000000 00000001790126f0
0x0000000179012730:   0000000000000000 00000001334198c8
0x0000000179012740:   0000000000000000 0000000179012760
0x0000000179012750:   00000001790127d0 0000000159e3917c
0x0000000179012760:   0000000000000000 0000000315000000
0x0000000179012770:   000000031512db08 000000000000000f
0x0000000179012780:   0000000179012780 0000000133419a0f
0x0000000179012790:   0000000000000005 0000000133419ad8
0x00000001790127a0:   0000000315000000 0000000179012760
0x00000001790127b0:   0000000000000000 0000000133419a18
0x00000001790127c0:   0000000179012778 00000001790127c0
0x00000001790127d0:   0000000179012850 0000000159e38f70
0x00000001790127e0:   000000031cfafbe0 00000003150018d8
0x00000001790127f0:   00000003150024c0 000000000000000f
0x0000000179012800:   0000000179012800 0000000133419fd7
0x0000000179012810:   0000000000000005 0000000133424068
0x0000000179012820:   00000003150010f8 00000001790127c0
0x0000000179012830:   0000000000000000 0000000133424000
0x0000000179012840:   00000001790127e0 0000000179012830
0x0000000179012850:   00000001790128d0 0000000159e39420 

Instructions: (pc=0x000000010255800c)
0x0000000102557f0c:   e1 03 17 aa 4a 45 00 94 f6 03 00 aa e0 f9 ff b5
0x0000000102557f1c:   e8 02 40 f9 28 04 f8 36 78 00 00 b4 08 03 40 f9
0x0000000102557f2c:   c8 02 f8 36 74 e5 ff b4 88 02 40 f9 28 e5 ff 37
0x0000000102557f3c:   08 05 00 f1 88 02 00 f9 c1 e4 ff 54 88 06 40 f9
0x0000000102557f4c:   08 19 40 f9 e0 03 14 aa 00 01 3f d6 21 ff ff 17
0x0000000102557f5c:   c8 02 40 f9 e8 fd ff 37 08 05 00 f1 c8 02 00 f9
0x0000000102557f6c:   81 fd ff 54 c8 06 40 f9 08 19 40 f9 e0 03 16 aa
0x0000000102557f7c:   00 01 3f d6 e7 ff ff 17 08 05 00 f1 08 03 00 f9
0x0000000102557f8c:   21 fd ff 54 08 07 40 f9 08 19 40 f9 e0 03 18 aa
0x0000000102557f9c:   00 01 3f d6 e4 ff ff 17 08 05 00 f1 e8 02 00 f9
0x0000000102557fac:   c1 fb ff 54 e8 06 40 f9 08 19 40 f9 e0 03 17 aa
0x0000000102557fbc:   00 01 3f d6 d9 ff ff 17 ff 83 01 d1 f8 5f 02 a9
0x0000000102557fcc:   f6 57 03 a9 f4 4f 04 a9 fd 7b 05 a9 fd 43 01 91
0x0000000102557fdc:   f5 03 02 aa f4 03 01 aa f6 03 00 aa 1f 00 01 eb
0x0000000102557fec:   60 06 00 54 00 76 00 90 00 00 23 91 08 00 40 f9
0x0000000102557ffc:   00 01 3f d6 13 00 40 f9 f6 15 00 b4 d4 15 00 b4
0x000000010255800c:   68 26 40 b9 09 05 00 51 69 26 00 b9 1f 01 00 71
0x000000010255801c:   0d 17 00 54 88 06 40 f9 c9 06 40 f9 77 6e 00 b0
0x000000010255802c:   f7 22 35 91 3f 01 08 eb e1 0a 00 54 38 00 80 52
0x000000010255803c:   c8 06 40 f9 08 65 40 f9 68 05 00 b4 e0 03 16 aa
0x000000010255804c:   e1 03 14 aa e2 03 15 aa 00 01 3f d6 1f 00 17 eb
0x000000010255805c:   40 04 00 54 68 26 40 b9 08 05 00 11 68 26 00 b9
0x000000010255806c:   a0 13 00 b4 08 04 40 f9 c9 6d 00 90 29 21 12 91
0x000000010255807c:   1f 01 09 eb 41 13 00 54 c8 6d 00 90 08 a1 18 91
0x000000010255808c:   1f 00 08 eb f3 17 9f 1a 08 00 40 f9 88 01 f8 36
0x000000010255809c:   e0 03 13 aa fd 7b 45 a9 f4 4f 44 a9 f6 57 43 a9
0x00000001025580ac:   f8 5f 42 a9 ff 83 01 91 c0 03 5f d6 bf 0a 00 71
0x00000001025580bc:   41 08 00 54 33 00 80 52 f6 ff ff 17 08 05 00 f1
0x00000001025580cc:   08 00 00 f9 61 fe ff 54 08 04 40 f9 08 19 40 f9
0x00000001025580dc:   00 01 3f d6 ef ff ff 17 68 6e 00 b0 09 a5 46 f9
0x00000001025580ec:   29 03 f8 36 f8 01 00 34 88 06 40 f9 08 65 40 f9
0x00000001025580fc:   88 01 00 b4 69 6e 00 b0 29 c1 1d 91 22 d9 75 b8 


Stack slot to memory mapping:

stack at sp + 0 slots: 0x0000000179012778 is pointing into the stack for thread: 0x000000097d402300
stack at sp + 1 slots: 0x0000000159e3ba40 is at code_begin+0 in an Interpreter codelet
method entry point (kind = zerolocals)  [0x0000000159e3ba40, 0x0000000159e3bd60]  800 bytes
stack at sp + 2 slots: 0x0000000971171360 points into unknown readable memory: 0x0000001e00000003 | 03 00 00 00 1e 00 00 00
stack at sp + 3 slots: {method} {0x00000001334198c8} 'interruptPy' '(I)V' in 'org/jpype/JPypeSignal'
stack at sp + 4 slots: 0x0000000179012778 is pointing into the stack for thread: 0x000000097d402300
stack at sp + 5 slots: 0x0000000159e3ba40 is at code_begin+0 in an Interpreter codelet
method entry point (kind = zerolocals)  [0x0000000159e3ba40, 0x0000000159e3bd60]  800 bytes
stack at sp + 6 slots: 0x0 is null
stack at sp + 7 slots: 0x0000000127d5b8d0: _ZN19TemplateInterpreter13_active_tableE+0 in /Library/Java/JavaVirtualMachines/jdk-21.jdk/Contents/Home/lib/server/libjvm.dylib at 0x000000012708c000


---------------  P R O C E S S  ---------------

Threads class SMR info:
_java_thread_list=0x000000097135fb40, length=12, elements={
0x000000097b4af100, 0x000000097f4d9500, 0x000000097f4d8e00, 0x000000097f4db800,
0x000000097f458000, 0x000000097f458700, 0x000000097bbeb000, 0x0000000979453800,
0x000000097f458e00, 0x000000097f459500, 0x000000097f459c00, 0x000000097d402300
}

Java Threads: ( => current thread )
  0x000000097b4af100 JavaThread "main"                              [_thread_in_native, id=259, stack(0x000000016d0bc000,0x000000016d8b8000) (8176K)]
  0x000000097f4d9500 JavaThread "Reference Handler"          daemon [_thread_blocked, id=23811, stack(0x0000000176b44000,0x0000000176d47000) (2060K)]
  0x000000097f4d8e00 JavaThread "Finalizer"                  daemon [_thread_blocked, id=30979, stack(0x0000000176d50000,0x0000000176f53000) (2060K)]
  0x000000097f4db800 JavaThread "Signal Dispatcher"          daemon [_thread_blocked, id=24579, stack(0x0000000176f5c000,0x000000017715f000) (2060K)]
  0x000000097f458000 JavaThread "Service Thread"             daemon [_thread_blocked, id=24835, stack(0x0000000177168000,0x000000017736b000) (2060K)]
  0x000000097f458700 JavaThread "Monitor Deflation Thread"   daemon [_thread_blocked, id=25347, stack(0x0000000177374000,0x0000000177577000) (2060K)]
  0x000000097bbeb000 JavaThread "C2 CompilerThread0"         daemon [_thread_blocked, id=30467, stack(0x0000000177580000,0x0000000177783000) (2060K)]
  0x0000000979453800 JavaThread "C1 CompilerThread0"         daemon [_thread_blocked, id=29955, stack(0x000000017778c000,0x000000017798f000) (2060K)]
  0x000000097f458e00 JavaThread "Notification Thread"        daemon [_thread_blocked, id=29699, stack(0x0000000177998000,0x0000000177b9b000) (2060K)]
  0x000000097f459500 JavaThread "Common-Cleaner"             daemon [_thread_blocked, id=26115, stack(0x0000000177ba4000,0x0000000177da7000) (2060K)]
  0x000000097f459c00 JavaThread "Python Reference Queue"     daemon [_thread_blocked, id=26371, stack(0x0000000177db0000,0x0000000177fb3000) (2060K)]
=>0x000000097d402300 JavaThread "SIGTERM handler"            daemon [_thread_in_native, id=33827, stack(0x0000000178e10000,0x0000000179013000) (2060K)]
Total: 12

Other Threads:
  0x0000000984789800 VMThread "VM Thread"                           [id=23555, stack(0x0000000176938000,0x0000000176b3b000) (2060K)]
  0x00000009740bf800 WatcherThread "VM Periodic Task Thread"        [id=32259, stack(0x000000017672c000,0x000000017692f000) (2060K)]
  0x0000000984782400 WorkerThread "GC Thread#0"                     [id=17411, stack(0x0000000175cf0000,0x0000000175ef3000) (2060K)]
  0x0000000984879c00 WorkerThread "GC Thread#1"                     [id=28675, stack(0x0000000177fbc000,0x00000001781bf000) (2060K)]
  0x000000098487a000 WorkerThread "GC Thread#2"                     [id=26883, stack(0x00000001781c8000,0x00000001783cb000) (2060K)]
  0x000000098487a400 WorkerThread "GC Thread#3"                     [id=28163, stack(0x00000001783d4000,0x00000001785d7000) (2060K)]
  0x000000098487a800 WorkerThread "GC Thread#4"                     [id=27907, stack(0x00000001785e0000,0x00000001787e3000) (2060K)]
  0x000000098487ac00 WorkerThread "GC Thread#5"                     [id=27395, stack(0x00000001787ec000,0x00000001789ef000) (2060K)]
  0x000000098485e000 WorkerThread "GC Thread#6"                     [id=33283, stack(0x0000000178c04000,0x0000000178e07000) (2060K)]
  0x0000000984782800 ConcurrentGCThread "G1 Main Marker"            [id=19715, stack(0x0000000175efc000,0x00000001760ff000) (2060K)]
  0x0000000984783000 WorkerThread "G1 Conc#0"                       [id=18691, stack(0x0000000176108000,0x000000017630b000) (2060K)]
  0x000000098486ac00 WorkerThread "G1 Conc#1"                       [id=33027, stack(0x00000001789f8000,0x0000000178bfb000) (2060K)]
  0x0000000974e81e00 ConcurrentGCThread "G1 Refine#0"               [id=18179, stack(0x0000000176314000,0x0000000176517000) (2060K)]
  0x0000000984783c00 ConcurrentGCThread "G1 Service"                [id=17667, stack(0x0000000176520000,0x0000000176723000) (2060K)]
Total: 14

Threads with active compile tasks:
Total: 0

VM state: not at safepoint (normal execution)

VM Mutex/Monitor currently owned by a thread: None

Heap address: 0x0000000315000000, size: 1024 MB, Compressed Oops mode: Zero based, Oop shift amount: 3

CDS archive(s) mapped at: [0x0000007000000000-0x0000007000ca8000-0x0000007000ca8000), size 13271040, SharedBaseAddress: 0x0000007000000000, ArchiveRelocationMode: 1.
Compressed class space mapped at: 0x0000007001000000-0x0000007041000000, reserved size: 1073741824
Narrow klass base: 0x0000007000000000, Narrow klass shift: 0, Narrow klass range: 0x100000000

GC Precious Log:
 CardTable entry size: 512
 Card Set container configuration: InlinePtr #cards 5 size 8 Array Of Cards #cards 12 size 40 Howl #buckets 4 coarsen threshold 1843 Howl Bitmap #cards 512 size 80 coarsen threshold 460 Card regions per heap region 1 cards per card region 2048
 CPUs: 10 total, 10 available
 Memory: 16384M
 Large Page Support: Disabled
 NUMA Support: Disabled
 Compressed Oops: Enabled (Zero based)
 Heap Region Size: 1M
 Heap Min Capacity: 8M
 Heap Initial Capacity: 256M
 Heap Max Capacity: 1G
 Pre-touch: Disabled
 Parallel Workers: 9
 Concurrent Workers: 2
 Concurrent Refinement Workers: 9
 Periodic GC: Disabled

Heap:
 garbage-first heap   total 280576K, used 228068K [0x0000000315000000, 0x0000000355000000)
  region size 1024K, 147 young (150528K), 1 survivors (1024K)
 Metaspace       used 10350K, committed 10624K, reserved 1114112K
  class space    used 1511K, committed 1664K, reserved 1048576K

Heap Regions: E=young(eden), S=young(survivor), O=old, HS=humongous(starts), HC=humongous(continues), CS=collection set, F=free, TAMS=top-at-mark-start, PB=parsable bottom
|   0|0x0000000315000000, 0x00000003150ffff8, 0x0000000315100000| 99%| O|  |TAMS 0x0000000315000000| PB 0x0000000315000000| Untracked 
|   1|0x0000000315100000, 0x0000000315200000, 0x0000000315200000|100%| O|  |TAMS 0x0000000315100000| PB 0x0000000315100000| Untracked 
|   2|0x0000000315200000, 0x00000003152ffff0, 0x0000000315300000| 99%| O|  |TAMS 0x0000000315200000| PB 0x0000000315200000| Untracked 
|   3|0x0000000315300000, 0x00000003153ffff8, 0x0000000315400000| 99%| O|  |TAMS 0x0000000315300000| PB 0x0000000315300000| Untracked 
|   4|0x0000000315400000, 0x00000003154ffff8, 0x0000000315500000| 99%| O|  |TAMS 0x0000000315400000| PB 0x0000000315400000| Untracked 
|   5|0x0000000315500000, 0x00000003155fffe8, 0x0000000315600000| 99%| O|  |TAMS 0x0000000315500000| PB 0x0000000315500000| Untracked 
|   6|0x0000000315600000, 0x0000000315700000, 0x0000000315700000|100%| O|  |TAMS 0x0000000315600000| PB 0x0000000315600000| Untracked 
|   7|0x0000000315700000, 0x00000003157ffff0, 0x0000000315800000| 99%| O|  |TAMS 0x0000000315700000| PB 0x0000000315700000| Untracked 
|   8|0x0000000315800000, 0x00000003158fffe8, 0x0000000315900000| 99%| O|  |TAMS 0x0000000315800000| PB 0x0000000315800000| Untracked 
|   9|0x0000000315900000, 0x0000000315a00000, 0x0000000315a00000|100%| O|  |TAMS 0x0000000315900000| PB 0x0000000315900000| Untracked 
|  10|0x0000000315a00000, 0x0000000315b00000, 0x0000000315b00000|100%| O|  |TAMS 0x0000000315a00000| PB 0x0000000315a00000| Untracked 
|  11|0x0000000315b00000, 0x0000000315c00000, 0x0000000315c00000|100%| O|  |TAMS 0x0000000315b00000| PB 0x0000000315b00000| Untracked 
|  12|0x0000000315c00000, 0x0000000315cffff0, 0x0000000315d00000| 99%| O|  |TAMS 0x0000000315c00000| PB 0x0000000315c00000| Untracked 
|  13|0x0000000315d00000, 0x0000000315e00000, 0x0000000315e00000|100%|HS|  |TAMS 0x0000000315d00000| PB 0x0000000315d00000| Untracked 
|  14|0x0000000315e00000, 0x0000000315f00000, 0x0000000315f00000|100%|HC|  |TAMS 0x0000000315e00000| PB 0x0000000315e00000| Untracked 
|  15|0x0000000315f00000, 0x0000000316000000, 0x0000000316000000|100%|HS|  |TAMS 0x0000000315f00000| PB 0x0000000315f00000| Untracked 
|  16|0x0000000316000000, 0x0000000316100000, 0x0000000316100000|100%|HC|  |TAMS 0x0000000316000000| PB 0x0000000316000000| Untracked 
|  17|0x0000000316100000, 0x0000000316200000, 0x0000000316200000|100%| O|  |TAMS 0x0000000316100000| PB 0x0000000316100000| Untracked 
|  18|0x0000000316200000, 0x0000000316300000, 0x0000000316300000|100%| O|  |TAMS 0x0000000316200000| PB 0x0000000316200000| Untracked 
|  19|0x0000000316300000, 0x00000003163ffff8, 0x0000000316400000| 99%| O|  |TAMS 0x0000000316300000| PB 0x0000000316300000| Untracked 
|  20|0x0000000316400000, 0x00000003164ffff0, 0x0000000316500000| 99%| O|  |TAMS 0x0000000316400000| PB 0x0000000316400000| Untracked 
|  21|0x0000000316500000, 0x00000003165ffff8, 0x0000000316600000| 99%| O|  |TAMS 0x0000000316500000| PB 0x0000000316500000| Untracked 
|  22|0x0000000316600000, 0x0000000316700000, 0x0000000316700000|100%| O|  |TAMS 0x0000000316600000| PB 0x0000000316600000| Untracked 
|  23|0x0000000316700000, 0x00000003167fffc8, 0x0000000316800000| 99%| O|  |TAMS 0x0000000316700000| PB 0x0000000316700000| Untracked 
|  24|0x0000000316800000, 0x00000003168ffff0, 0x0000000316900000| 99%| O|  |TAMS 0x0000000316800000| PB 0x0000000316800000| Untracked 
|  25|0x0000000316900000, 0x0000000316a00000, 0x0000000316a00000|100%|HS|  |TAMS 0x0000000316900000| PB 0x0000000316900000| Untracked 
|  26|0x0000000316a00000, 0x0000000316affff0, 0x0000000316b00000| 99%| O|  |TAMS 0x0000000316a00000| PB 0x0000000316a00000| Untracked 
|  27|0x0000000316b00000, 0x0000000316c00000, 0x0000000316c00000|100%|HS|  |TAMS 0x0000000316b00000| PB 0x0000000316b00000| Untracked 
|  28|0x0000000316c00000, 0x0000000316cffff0, 0x0000000316d00000| 99%| O|  |TAMS 0x0000000316c00000| PB 0x0000000316c00000| Untracked 
|  29|0x0000000316d00000, 0x0000000316e00000, 0x0000000316e00000|100%| O|  |TAMS 0x0000000316d00000| PB 0x0000000316d00000| Untracked 
|  30|0x0000000316e00000, 0x0000000316efea68, 0x0000000316f00000| 99%| O|  |TAMS 0x0000000316e00000| PB 0x0000000316e00000| Untracked 
|  31|0x0000000316f00000, 0x0000000317000000, 0x0000000317000000|100%|HS|  |TAMS 0x0000000316f00000| PB 0x0000000316f00000| Untracked 
|  32|0x0000000317000000, 0x0000000317100000, 0x0000000317100000|100%| O|  |TAMS 0x0000000317000000| PB 0x0000000317000000| Untracked 
|  33|0x0000000317100000, 0x00000003171ffff8, 0x0000000317200000| 99%| O|  |TAMS 0x0000000317100000| PB 0x0000000317100000| Untracked 
|  34|0x0000000317200000, 0x00000003172ffff0, 0x0000000317300000| 99%| O|  |TAMS 0x0000000317200000| PB 0x0000000317200000| Untracked 
|  35|0x0000000317300000, 0x00000003173ffff8, 0x0000000317400000| 99%| O|  |TAMS 0x0000000317300000| PB 0x0000000317300000| Untracked 
|  36|0x0000000317400000, 0x00000003174ffff8, 0x0000000317500000| 99%| O|  |TAMS 0x0000000317400000| PB 0x0000000317400000| Untracked 
|  37|0x0000000317500000, 0x00000003175ffff8, 0x0000000317600000| 99%| O|  |TAMS 0x0000000317500000| PB 0x0000000317500000| Untracked 
|  38|0x0000000317600000, 0x00000003176ffff8, 0x0000000317700000| 99%| O|  |TAMS 0x0000000317600000| PB 0x0000000317600000| Untracked 
|  39|0x0000000317700000, 0x00000003177ffff8, 0x0000000317800000| 99%| O|  |TAMS 0x0000000317700000| PB 0x0000000317700000| Untracked 
|  40|0x0000000317800000, 0x0000000317900000, 0x0000000317900000|100%| O|  |TAMS 0x0000000317800000| PB 0x0000000317800000| Untracked 
|  41|0x0000000317900000, 0x0000000317a00000, 0x0000000317a00000|100%|HS|  |TAMS 0x0000000317900000| PB 0x0000000317900000| Untracked 
|  42|0x0000000317a00000, 0x0000000317b00000, 0x0000000317b00000|100%|HC|  |TAMS 0x0000000317a00000| PB 0x0000000317a00000| Untracked 
|  43|0x0000000317b00000, 0x0000000317c00000, 0x0000000317c00000|100%|HS|  |TAMS 0x0000000317b00000| PB 0x0000000317b00000| Untracked 
|  44|0x0000000317c00000, 0x0000000317d00000, 0x0000000317d00000|100%|HC|  |TAMS 0x0000000317c00000| PB 0x0000000317c00000| Untracked 
|  45|0x0000000317d00000, 0x0000000317e00000, 0x0000000317e00000|100%| O|  |TAMS 0x0000000317d00000| PB 0x0000000317d00000| Untracked 
|  46|0x0000000317e00000, 0x0000000317efffe8, 0x0000000317f00000| 99%| O|  |TAMS 0x0000000317e00000| PB 0x0000000317e00000| Untracked 
|  47|0x0000000317f00000, 0x0000000318000000, 0x0000000318000000|100%|HS|  |TAMS 0x0000000317f00000| PB 0x0000000317f00000| Untracked 
|  48|0x0000000318000000, 0x0000000318100000, 0x0000000318100000|100%|HC|  |TAMS 0x0000000318000000| PB 0x0000000318000000| Untracked 
|  49|0x0000000318100000, 0x0000000318200000, 0x0000000318200000|100%|HS|  |TAMS 0x0000000318100000| PB 0x0000000318100000| Untracked 
|  50|0x0000000318200000, 0x0000000318300000, 0x0000000318300000|100%|HC|  |TAMS 0x0000000318200000| PB 0x0000000318200000| Untracked 
|  51|0x0000000318300000, 0x00000003183ffff8, 0x0000000318400000| 99%| O|  |TAMS 0x0000000318300000| PB 0x0000000318300000| Untracked 
|  52|0x0000000318400000, 0x00000003184fffe8, 0x0000000318500000| 99%| O|  |TAMS 0x0000000318400000| PB 0x0000000318400000| Untracked 
|  53|0x0000000318500000, 0x0000000318600000, 0x0000000318600000|100%| O|  |TAMS 0x0000000318500000| PB 0x0000000318500000| Untracked 
|  54|0x0000000318600000, 0x0000000318700000, 0x0000000318700000|100%| O|  |TAMS 0x0000000318600000| PB 0x0000000318600000| Untracked 
|  55|0x0000000318700000, 0x00000003187ffff8, 0x0000000318800000| 99%| O|  |TAMS 0x0000000318700000| PB 0x0000000318700000| Untracked 
|  56|0x0000000318800000, 0x00000003188ffff8, 0x0000000318900000| 99%| O|  |TAMS 0x0000000318800000| PB 0x0000000318800000| Untracked 
|  57|0x0000000318900000, 0x00000003189ffff0, 0x0000000318a00000| 99%| O|  |TAMS 0x0000000318900000| PB 0x0000000318900000| Untracked 
|  58|0x0000000318a00000, 0x0000000318affff0, 0x0000000318b00000| 99%| O|  |TAMS 0x0000000318a00000| PB 0x0000000318a00000| Untracked 
|  59|0x0000000318b00000, 0x0000000318bffff8, 0x0000000318c00000| 99%| O|  |TAMS 0x0000000318b00000| PB 0x0000000318b00000| Untracked 
|  60|0x0000000318c00000, 0x0000000318cffff8, 0x0000000318d00000| 99%| O|  |TAMS 0x0000000318c00000| PB 0x0000000318c00000| Untracked 
|  61|0x0000000318d00000, 0x0000000318dffff8, 0x0000000318e00000| 99%| O|  |TAMS 0x0000000318d00000| PB 0x0000000318d00000| Untracked 
|  62|0x0000000318e00000, 0x0000000318effff0, 0x0000000318f00000| 99%| O|  |TAMS 0x0000000318e00000| PB 0x0000000318e00000| Untracked 
|  63|0x0000000318f00000, 0x0000000319000000, 0x0000000319000000|100%| O|  |TAMS 0x0000000318f00000| PB 0x0000000318f00000| Untracked 
|  64|0x0000000319000000, 0x00000003190ffff8, 0x0000000319100000| 99%| O|  |TAMS 0x0000000319000000| PB 0x0000000319000000| Untracked 
|  65|0x0000000319100000, 0x00000003191ffff0, 0x0000000319200000| 99%| O|  |TAMS 0x0000000319100000| PB 0x0000000319100000| Untracked 
|  66|0x0000000319200000, 0x00000003192ffff0, 0x0000000319300000| 99%| O|  |TAMS 0x0000000319200000| PB 0x0000000319200000| Untracked 
|  67|0x0000000319300000, 0x00000003193ffff8, 0x0000000319400000| 99%| O|  |TAMS 0x0000000319300000| PB 0x0000000319300000| Untracked 
|  68|0x0000000319400000, 0x00000003194ffff0, 0x0000000319500000| 99%| O|  |TAMS 0x0000000319400000| PB 0x0000000319400000| Untracked 
|  69|0x0000000319500000, 0x00000003195ffff8, 0x0000000319600000| 99%| O|  |TAMS 0x0000000319500000| PB 0x0000000319500000| Untracked 
|  70|0x0000000319600000, 0x00000003196ffff8, 0x0000000319700000| 99%| O|  |TAMS 0x0000000319600000| PB 0x0000000319600000| Untracked 
|  71|0x0000000319700000, 0x00000003197c0ea0, 0x0000000319800000| 75%| O|  |TAMS 0x0000000319700000| PB 0x0000000319700000| Untracked 
|  72|0x0000000319800000, 0x00000003198fffe8, 0x0000000319900000| 99%| O|  |TAMS 0x0000000319800000| PB 0x0000000319800000| Untracked 
|  73|0x0000000319900000, 0x0000000319a00000, 0x0000000319a00000|100%| O|  |TAMS 0x0000000319900000| PB 0x0000000319900000| Untracked 
|  74|0x0000000319a00000, 0x0000000319affff8, 0x0000000319b00000| 99%| O|  |TAMS 0x0000000319a00000| PB 0x0000000319a00000| Untracked 
|  75|0x0000000319b00000, 0x0000000319c00000, 0x0000000319c00000|100%| O|  |TAMS 0x0000000319b00000| PB 0x0000000319b00000| Untracked 
|  76|0x0000000319c00000, 0x0000000319c91020, 0x0000000319d00000| 56%| O|  |TAMS 0x0000000319c00000| PB 0x0000000319c00000| Untracked 
|  77|0x0000000319d00000, 0x0000000319d13490, 0x0000000319e00000|  7%| O|  |TAMS 0x0000000319d00000| PB 0x0000000319d00000| Untracked 
|  78|0x0000000319e00000, 0x0000000319e14b40, 0x0000000319f00000|  8%| O|  |TAMS 0x0000000319e00000| PB 0x0000000319e00000| Untracked 
|  79|0x0000000319f00000, 0x0000000319f188c8, 0x000000031a000000|  9%| O|  |TAMS 0x0000000319f00000| PB 0x0000000319f00000| Untracked 
|  80|0x000000031a000000, 0x000000031a0110e8, 0x000000031a100000|  6%| O|  |TAMS 0x000000031a000000| PB 0x000000031a000000| Untracked 
|  81|0x000000031a100000, 0x000000031a100000, 0x000000031a200000|  0%| F|  |TAMS 0x000000031a100000| PB 0x000000031a100000| Untracked 
|  82|0x000000031a200000, 0x000000031a200000, 0x000000031a300000|  0%| F|  |TAMS 0x000000031a200000| PB 0x000000031a200000| Untracked 
|  83|0x000000031a300000, 0x000000031a300000, 0x000000031a400000|  0%| F|  |TAMS 0x000000031a300000| PB 0x000000031a300000| Untracked 
|  84|0x000000031a400000, 0x000000031a400000, 0x000000031a500000|  0%| F|  |TAMS 0x000000031a400000| PB 0x000000031a400000| Untracked 
|  85|0x000000031a500000, 0x000000031a500000, 0x000000031a600000|  0%| F|  |TAMS 0x000000031a500000| PB 0x000000031a500000| Untracked 
|  86|0x000000031a600000, 0x000000031a600000, 0x000000031a700000|  0%| F|  |TAMS 0x000000031a600000| PB 0x000000031a600000| Untracked 
|  87|0x000000031a700000, 0x000000031a700000, 0x000000031a800000|  0%| F|  |TAMS 0x000000031a700000| PB 0x000000031a700000| Untracked 
|  88|0x000000031a800000, 0x000000031a800000, 0x000000031a900000|  0%| F|  |TAMS 0x000000031a800000| PB 0x000000031a800000| Untracked 
|  89|0x000000031a900000, 0x000000031a900000, 0x000000031aa00000|  0%| F|  |TAMS 0x000000031a900000| PB 0x000000031a900000| Untracked 
|  90|0x000000031aa00000, 0x000000031aa00000, 0x000000031ab00000|  0%| F|  |TAMS 0x000000031aa00000| PB 0x000000031aa00000| Untracked 
|  91|0x000000031ab00000, 0x000000031ab00000, 0x000000031ac00000|  0%| F|  |TAMS 0x000000031ab00000| PB 0x000000031ab00000| Untracked 
|  92|0x000000031ac00000, 0x000000031ac00000, 0x000000031ad00000|  0%| F|  |TAMS 0x000000031ac00000| PB 0x000000031ac00000| Untracked 
|  93|0x000000031ad00000, 0x000000031ad00000, 0x000000031ae00000|  0%| F|  |TAMS 0x000000031ad00000| PB 0x000000031ad00000| Untracked 
|  94|0x000000031ae00000, 0x000000031ae00000, 0x000000031af00000|  0%| F|  |TAMS 0x000000031ae00000| PB 0x000000031ae00000| Untracked 
|  95|0x000000031af00000, 0x000000031af00000, 0x000000031b000000|  0%| F|  |TAMS 0x000000031af00000| PB 0x000000031af00000| Untracked 
|  96|0x000000031b000000, 0x000000031b000000, 0x000000031b100000|  0%| F|  |TAMS 0x000000031b000000| PB 0x000000031b000000| Untracked 
|  97|0x000000031b100000, 0x000000031b100000, 0x000000031b200000|  0%| F|  |TAMS 0x000000031b100000| PB 0x000000031b100000| Untracked 
|  98|0x000000031b200000, 0x000000031b200000, 0x000000031b300000|  0%| F|  |TAMS 0x000000031b200000| PB 0x000000031b200000| Untracked 
|  99|0x000000031b300000, 0x000000031b300000, 0x000000031b400000|  0%| F|  |TAMS 0x000000031b300000| PB 0x000000031b300000| Untracked 
| 100|0x000000031b400000, 0x000000031b400000, 0x000000031b500000|  0%| F|  |TAMS 0x000000031b400000| PB 0x000000031b400000| Untracked 
| 101|0x000000031b500000, 0x000000031b500000, 0x000000031b600000|  0%| F|  |TAMS 0x000000031b500000| PB 0x000000031b500000| Untracked 
| 102|0x000000031b600000, 0x000000031b600000, 0x000000031b700000|  0%| F|  |TAMS 0x000000031b600000| PB 0x000000031b600000| Untracked 
| 103|0x000000031b700000, 0x000000031b700000, 0x000000031b800000|  0%| F|  |TAMS 0x000000031b700000| PB 0x000000031b700000| Untracked 
| 104|0x000000031b800000, 0x000000031b800000, 0x000000031b900000|  0%| F|  |TAMS 0x000000031b800000| PB 0x000000031b800000| Untracked 
| 105|0x000000031b900000, 0x000000031b900000, 0x000000031ba00000|  0%| F|  |TAMS 0x000000031b900000| PB 0x000000031b900000| Untracked 
| 106|0x000000031ba00000, 0x000000031ba00000, 0x000000031bb00000|  0%| F|  |TAMS 0x000000031ba00000| PB 0x000000031ba00000| Untracked 
| 107|0x000000031bb00000, 0x000000031bb00000, 0x000000031bc00000|  0%| F|  |TAMS 0x000000031bb00000| PB 0x000000031bb00000| Untracked 
| 108|0x000000031bc00000, 0x000000031bc00000, 0x000000031bd00000|  0%| F|  |TAMS 0x000000031bc00000| PB 0x000000031bc00000| Untracked 
| 109|0x000000031bd00000, 0x000000031bd172e0, 0x000000031be00000|  9%| S|CS|TAMS 0x000000031bd00000| PB 0x000000031bd00000| Complete 
| 110|0x000000031be00000, 0x000000031be00000, 0x000000031bf00000|  0%| F|  |TAMS 0x000000031be00000| PB 0x000000031be00000| Untracked 
| 111|0x000000031bf00000, 0x000000031bf00000, 0x000000031c000000|  0%| F|  |TAMS 0x000000031bf00000| PB 0x000000031bf00000| Untracked 
| 112|0x000000031c000000, 0x000000031c000000, 0x000000031c100000|  0%| F|  |TAMS 0x000000031c000000| PB 0x000000031c000000| Untracked 
| 113|0x000000031c100000, 0x000000031c100000, 0x000000031c200000|  0%| F|  |TAMS 0x000000031c100000| PB 0x000000031c100000| Untracked 
| 114|0x000000031c200000, 0x000000031c200000, 0x000000031c300000|  0%| F|  |TAMS 0x000000031c200000| PB 0x000000031c200000| Untracked 
| 115|0x000000031c300000, 0x000000031c300000, 0x000000031c400000|  0%| F|  |TAMS 0x000000031c300000| PB 0x000000031c300000| Untracked 
| 116|0x000000031c400000, 0x000000031c400000, 0x000000031c500000|  0%| F|  |TAMS 0x000000031c400000| PB 0x000000031c400000| Untracked 
| 117|0x000000031c500000, 0x000000031c500000, 0x000000031c600000|  0%| F|  |TAMS 0x000000031c500000| PB 0x000000031c500000| Untracked 
| 118|0x000000031c600000, 0x000000031c600000, 0x000000031c700000|  0%| F|  |TAMS 0x000000031c600000| PB 0x000000031c600000| Untracked 
| 119|0x000000031c700000, 0x000000031c700000, 0x000000031c800000|  0%| F|  |TAMS 0x000000031c700000| PB 0x000000031c700000| Untracked 
| 120|0x000000031c800000, 0x000000031c800000, 0x000000031c900000|  0%| F|  |TAMS 0x000000031c800000| PB 0x000000031c800000| Untracked 
| 121|0x000000031c900000, 0x000000031c900000, 0x000000031ca00000|  0%| F|  |TAMS 0x000000031c900000| PB 0x000000031c900000| Untracked 
| 122|0x000000031ca00000, 0x000000031ca00000, 0x000000031cb00000|  0%| F|  |TAMS 0x000000031ca00000| PB 0x000000031ca00000| Untracked 
| 123|0x000000031cb00000, 0x000000031cb00000, 0x000000031cc00000|  0%| F|  |TAMS 0x000000031cb00000| PB 0x000000031cb00000| Untracked 
| 124|0x000000031cc00000, 0x000000031cc00000, 0x000000031cd00000|  0%| F|  |TAMS 0x000000031cc00000| PB 0x000000031cc00000| Untracked 
| 125|0x000000031cd00000, 0x000000031cd00000, 0x000000031ce00000|  0%| F|  |TAMS 0x000000031cd00000| PB 0x000000031cd00000| Untracked 
| 126|0x000000031ce00000, 0x000000031ce00000, 0x000000031cf00000|  0%| F|  |TAMS 0x000000031ce00000| PB 0x000000031ce00000| Untracked 
| 127|0x000000031cf00000, 0x000000031d000000, 0x000000031d000000|100%| E|  |TAMS 0x000000031cf00000| PB 0x000000031cf00000| Complete 
| 128|0x000000031d000000, 0x000000031d100000, 0x000000031d100000|100%| E|CS|TAMS 0x000000031d000000| PB 0x000000031d000000| Complete 
| 129|0x000000031d100000, 0x000000031d200000, 0x000000031d200000|100%| E|CS|TAMS 0x000000031d100000| PB 0x000000031d100000| Complete 
| 130|0x000000031d200000, 0x000000031d300000, 0x000000031d300000|100%| E|CS|TAMS 0x000000031d200000| PB 0x000000031d200000| Complete 
| 131|0x000000031d300000, 0x000000031d400000, 0x000000031d400000|100%| E|CS|TAMS 0x000000031d300000| PB 0x000000031d300000| Complete 
| 132|0x000000031d400000, 0x000000031d500000, 0x000000031d500000|100%| E|CS|TAMS 0x000000031d400000| PB 0x000000031d400000| Complete 
| 133|0x000000031d500000, 0x000000031d600000, 0x000000031d600000|100%| E|CS|TAMS 0x000000031d500000| PB 0x000000031d500000| Complete 
| 134|0x000000031d600000, 0x000000031d700000, 0x000000031d700000|100%| E|CS|TAMS 0x000000031d600000| PB 0x000000031d600000| Complete 
| 135|0x000000031d700000, 0x000000031d800000, 0x000000031d800000|100%| E|CS|TAMS 0x000000031d700000| PB 0x000000031d700000| Complete 
| 136|0x000000031d800000, 0x000000031d900000, 0x000000031d900000|100%| E|CS|TAMS 0x000000031d800000| PB 0x000000031d800000| Complete 
| 137|0x000000031d900000, 0x000000031da00000, 0x000000031da00000|100%| E|CS|TAMS 0x000000031d900000| PB 0x000000031d900000| Complete 
| 138|0x000000031da00000, 0x000000031db00000, 0x000000031db00000|100%| E|CS|TAMS 0x000000031da00000| PB 0x000000031da00000| Complete 
| 139|0x000000031db00000, 0x000000031dc00000, 0x000000031dc00000|100%| E|CS|TAMS 0x000000031db00000| PB 0x000000031db00000| Complete 
| 140|0x000000031dc00000, 0x000000031dd00000, 0x000000031dd00000|100%| E|CS|TAMS 0x000000031dc00000| PB 0x000000031dc00000| Complete 
| 141|0x000000031dd00000, 0x000000031de00000, 0x000000031de00000|100%| E|CS|TAMS 0x000000031dd00000| PB 0x000000031dd00000| Complete 
| 142|0x000000031de00000, 0x000000031df00000, 0x000000031df00000|100%| E|CS|TAMS 0x000000031de00000| PB 0x000000031de00000| Complete 
| 143|0x000000031df00000, 0x000000031e000000, 0x000000031e000000|100%| E|CS|TAMS 0x000000031df00000| PB 0x000000031df00000| Complete 
| 144|0x000000031e000000, 0x000000031e100000, 0x000000031e100000|100%| E|CS|TAMS 0x000000031e000000| PB 0x000000031e000000| Complete 
| 145|0x000000031e100000, 0x000000031e200000, 0x000000031e200000|100%| E|CS|TAMS 0x000000031e100000| PB 0x000000031e100000| Complete 
| 146|0x000000031e200000, 0x000000031e300000, 0x000000031e300000|100%| E|CS|TAMS 0x000000031e200000| PB 0x000000031e200000| Complete 
| 147|0x000000031e300000, 0x000000031e400000, 0x000000031e400000|100%| E|CS|TAMS 0x000000031e300000| PB 0x000000031e300000| Complete 
| 148|0x000000031e400000, 0x000000031e500000, 0x000000031e500000|100%| E|CS|TAMS 0x000000031e400000| PB 0x000000031e400000| Complete 
| 149|0x000000031e500000, 0x000000031e600000, 0x000000031e600000|100%| E|CS|TAMS 0x000000031e500000| PB 0x000000031e500000| Complete 
| 150|0x000000031e600000, 0x000000031e700000, 0x000000031e700000|100%| E|CS|TAMS 0x000000031e600000| PB 0x000000031e600000| Complete 
| 151|0x000000031e700000, 0x000000031e800000, 0x000000031e800000|100%| E|CS|TAMS 0x000000031e700000| PB 0x000000031e700000| Complete 
| 152|0x000000031e800000, 0x000000031e900000, 0x000000031e900000|100%| E|CS|TAMS 0x000000031e800000| PB 0x000000031e800000| Complete 
| 153|0x000000031e900000, 0x000000031ea00000, 0x000000031ea00000|100%| E|CS|TAMS 0x000000031e900000| PB 0x000000031e900000| Complete 
| 154|0x000000031ea00000, 0x000000031eb00000, 0x000000031eb00000|100%| E|CS|TAMS 0x000000031ea00000| PB 0x000000031ea00000| Complete 
| 155|0x000000031eb00000, 0x000000031ec00000, 0x000000031ec00000|100%| E|CS|TAMS 0x000000031eb00000| PB 0x000000031eb00000| Complete 
| 156|0x000000031ec00000, 0x000000031ed00000, 0x000000031ed00000|100%| E|CS|TAMS 0x000000031ec00000| PB 0x000000031ec00000| Complete 
| 157|0x000000031ed00000, 0x000000031ee00000, 0x000000031ee00000|100%| E|CS|TAMS 0x000000031ed00000| PB 0x000000031ed00000| Complete 
| 158|0x000000031ee00000, 0x000000031ef00000, 0x000000031ef00000|100%| E|CS|TAMS 0x000000031ee00000| PB 0x000000031ee00000| Complete 
| 159|0x000000031ef00000, 0x000000031f000000, 0x000000031f000000|100%| E|CS|TAMS 0x000000031ef00000| PB 0x000000031ef00000| Complete 
| 160|0x000000031f000000, 0x000000031f100000, 0x000000031f100000|100%| E|CS|TAMS 0x000000031f000000| PB 0x000000031f000000| Complete 
| 161|0x000000031f100000, 0x000000031f200000, 0x000000031f200000|100%| E|CS|TAMS 0x000000031f100000| PB 0x000000031f100000| Complete 
| 162|0x000000031f200000, 0x000000031f300000, 0x000000031f300000|100%| E|CS|TAMS 0x000000031f200000| PB 0x000000031f200000| Complete 
| 163|0x000000031f300000, 0x000000031f400000, 0x000000031f400000|100%| E|CS|TAMS 0x000000031f300000| PB 0x000000031f300000| Complete 
| 164|0x000000031f400000, 0x000000031f500000, 0x000000031f500000|100%| E|CS|TAMS 0x000000031f400000| PB 0x000000031f400000| Complete 
| 165|0x000000031f500000, 0x000000031f600000, 0x000000031f600000|100%| E|CS|TAMS 0x000000031f500000| PB 0x000000031f500000| Complete 
| 166|0x000000031f600000, 0x000000031f700000, 0x000000031f700000|100%| E|CS|TAMS 0x000000031f600000| PB 0x000000031f600000| Complete 
| 167|0x000000031f700000, 0x000000031f800000, 0x000000031f800000|100%| E|CS|TAMS 0x000000031f700000| PB 0x000000031f700000| Complete 
| 168|0x000000031f800000, 0x000000031f900000, 0x000000031f900000|100%| E|CS|TAMS 0x000000031f800000| PB 0x000000031f800000| Complete 
| 169|0x000000031f900000, 0x000000031fa00000, 0x000000031fa00000|100%| E|CS|TAMS 0x000000031f900000| PB 0x000000031f900000| Complete 
| 170|0x000000031fa00000, 0x000000031fb00000, 0x000000031fb00000|100%| E|CS|TAMS 0x000000031fa00000| PB 0x000000031fa00000| Complete 
| 171|0x000000031fb00000, 0x000000031fc00000, 0x000000031fc00000|100%| E|CS|TAMS 0x000000031fb00000| PB 0x000000031fb00000| Complete 
| 172|0x000000031fc00000, 0x000000031fd00000, 0x000000031fd00000|100%| E|CS|TAMS 0x000000031fc00000| PB 0x000000031fc00000| Complete 
| 173|0x000000031fd00000, 0x000000031fe00000, 0x000000031fe00000|100%| E|CS|TAMS 0x000000031fd00000| PB 0x000000031fd00000| Complete 
| 174|0x000000031fe00000, 0x000000031ff00000, 0x000000031ff00000|100%| E|CS|TAMS 0x000000031fe00000| PB 0x000000031fe00000| Complete 
| 175|0x000000031ff00000, 0x0000000320000000, 0x0000000320000000|100%| E|CS|TAMS 0x000000031ff00000| PB 0x000000031ff00000| Complete 
| 176|0x0000000320000000, 0x0000000320100000, 0x0000000320100000|100%| E|CS|TAMS 0x0000000320000000| PB 0x0000000320000000| Complete 
| 177|0x0000000320100000, 0x0000000320200000, 0x0000000320200000|100%| E|CS|TAMS 0x0000000320100000| PB 0x0000000320100000| Complete 
| 178|0x0000000320200000, 0x0000000320300000, 0x0000000320300000|100%| E|CS|TAMS 0x0000000320200000| PB 0x0000000320200000| Complete 
| 179|0x0000000320300000, 0x0000000320400000, 0x0000000320400000|100%| E|CS|TAMS 0x0000000320300000| PB 0x0000000320300000| Complete 
| 180|0x0000000320400000, 0x0000000320500000, 0x0000000320500000|100%| E|CS|TAMS 0x0000000320400000| PB 0x0000000320400000| Complete 
| 181|0x0000000320500000, 0x0000000320600000, 0x0000000320600000|100%| E|CS|TAMS 0x0000000320500000| PB 0x0000000320500000| Complete 
| 182|0x0000000320600000, 0x0000000320700000, 0x0000000320700000|100%| E|CS|TAMS 0x0000000320600000| PB 0x0000000320600000| Complete 
| 183|0x0000000320700000, 0x0000000320800000, 0x0000000320800000|100%| E|CS|TAMS 0x0000000320700000| PB 0x0000000320700000| Complete 
| 184|0x0000000320800000, 0x0000000320900000, 0x0000000320900000|100%| E|CS|TAMS 0x0000000320800000| PB 0x0000000320800000| Complete 
| 185|0x0000000320900000, 0x0000000320a00000, 0x0000000320a00000|100%| E|CS|TAMS 0x0000000320900000| PB 0x0000000320900000| Complete 
| 186|0x0000000320a00000, 0x0000000320b00000, 0x0000000320b00000|100%| E|CS|TAMS 0x0000000320a00000| PB 0x0000000320a00000| Complete 
| 187|0x0000000320b00000, 0x0000000320c00000, 0x0000000320c00000|100%| E|CS|TAMS 0x0000000320b00000| PB 0x0000000320b00000| Complete 
| 188|0x0000000320c00000, 0x0000000320d00000, 0x0000000320d00000|100%| E|CS|TAMS 0x0000000320c00000| PB 0x0000000320c00000| Complete 
| 189|0x0000000320d00000, 0x0000000320e00000, 0x0000000320e00000|100%| E|CS|TAMS 0x0000000320d00000| PB 0x0000000320d00000| Complete 
| 190|0x0000000320e00000, 0x0000000320f00000, 0x0000000320f00000|100%| E|CS|TAMS 0x0000000320e00000| PB 0x0000000320e00000| Complete 
| 191|0x0000000320f00000, 0x0000000321000000, 0x0000000321000000|100%| E|CS|TAMS 0x0000000320f00000| PB 0x0000000320f00000| Complete 
| 192|0x0000000321000000, 0x0000000321100000, 0x0000000321100000|100%| E|CS|TAMS 0x0000000321000000| PB 0x0000000321000000| Complete 
| 193|0x0000000321100000, 0x0000000321200000, 0x0000000321200000|100%| E|CS|TAMS 0x0000000321100000| PB 0x0000000321100000| Complete 
| 194|0x0000000321200000, 0x0000000321300000, 0x0000000321300000|100%| E|CS|TAMS 0x0000000321200000| PB 0x0000000321200000| Complete 
| 195|0x0000000321300000, 0x0000000321400000, 0x0000000321400000|100%| E|CS|TAMS 0x0000000321300000| PB 0x0000000321300000| Complete 
| 196|0x0000000321400000, 0x0000000321500000, 0x0000000321500000|100%| E|CS|TAMS 0x0000000321400000| PB 0x0000000321400000| Complete 
| 197|0x0000000321500000, 0x0000000321600000, 0x0000000321600000|100%| E|CS|TAMS 0x0000000321500000| PB 0x0000000321500000| Complete 
| 198|0x0000000321600000, 0x0000000321700000, 0x0000000321700000|100%| E|CS|TAMS 0x0000000321600000| PB 0x0000000321600000| Complete 
| 199|0x0000000321700000, 0x0000000321800000, 0x0000000321800000|100%| E|CS|TAMS 0x0000000321700000| PB 0x0000000321700000| Complete 
| 200|0x0000000321800000, 0x0000000321900000, 0x0000000321900000|100%| E|CS|TAMS 0x0000000321800000| PB 0x0000000321800000| Complete 
| 201|0x0000000321900000, 0x0000000321a00000, 0x0000000321a00000|100%| E|CS|TAMS 0x0000000321900000| PB 0x0000000321900000| Complete 
| 202|0x0000000321a00000, 0x0000000321b00000, 0x0000000321b00000|100%| E|CS|TAMS 0x0000000321a00000| PB 0x0000000321a00000| Complete 
| 203|0x0000000321b00000, 0x0000000321c00000, 0x0000000321c00000|100%| E|CS|TAMS 0x0000000321b00000| PB 0x0000000321b00000| Complete 
| 204|0x0000000321c00000, 0x0000000321d00000, 0x0000000321d00000|100%| E|CS|TAMS 0x0000000321c00000| PB 0x0000000321c00000| Complete 
| 205|0x0000000321d00000, 0x0000000321e00000, 0x0000000321e00000|100%| E|CS|TAMS 0x0000000321d00000| PB 0x0000000321d00000| Complete 
| 206|0x0000000321e00000, 0x0000000321f00000, 0x0000000321f00000|100%| E|CS|TAMS 0x0000000321e00000| PB 0x0000000321e00000| Complete 
| 207|0x0000000321f00000, 0x0000000322000000, 0x0000000322000000|100%| E|CS|TAMS 0x0000000321f00000| PB 0x0000000321f00000| Complete 
| 208|0x0000000322000000, 0x0000000322100000, 0x0000000322100000|100%| E|CS|TAMS 0x0000000322000000| PB 0x0000000322000000| Complete 
| 209|0x0000000322100000, 0x0000000322200000, 0x0000000322200000|100%| E|CS|TAMS 0x0000000322100000| PB 0x0000000322100000| Complete 
| 210|0x0000000322200000, 0x0000000322300000, 0x0000000322300000|100%| E|CS|TAMS 0x0000000322200000| PB 0x0000000322200000| Complete 
| 211|0x0000000322300000, 0x0000000322400000, 0x0000000322400000|100%| E|CS|TAMS 0x0000000322300000| PB 0x0000000322300000| Complete 
| 212|0x0000000322400000, 0x0000000322500000, 0x0000000322500000|100%| E|CS|TAMS 0x0000000322400000| PB 0x0000000322400000| Complete 
| 213|0x0000000322500000, 0x0000000322600000, 0x0000000322600000|100%| E|CS|TAMS 0x0000000322500000| PB 0x0000000322500000| Complete 
| 214|0x0000000322600000, 0x0000000322700000, 0x0000000322700000|100%| E|CS|TAMS 0x0000000322600000| PB 0x0000000322600000| Complete 
| 215|0x0000000322700000, 0x0000000322800000, 0x0000000322800000|100%| E|CS|TAMS 0x0000000322700000| PB 0x0000000322700000| Complete 
| 216|0x0000000322800000, 0x0000000322900000, 0x0000000322900000|100%| E|CS|TAMS 0x0000000322800000| PB 0x0000000322800000| Complete 
| 217|0x0000000322900000, 0x0000000322a00000, 0x0000000322a00000|100%| E|CS|TAMS 0x0000000322900000| PB 0x0000000322900000| Complete 
| 218|0x0000000322a00000, 0x0000000322b00000, 0x0000000322b00000|100%| E|CS|TAMS 0x0000000322a00000| PB 0x0000000322a00000| Complete 
| 219|0x0000000322b00000, 0x0000000322c00000, 0x0000000322c00000|100%| E|CS|TAMS 0x0000000322b00000| PB 0x0000000322b00000| Complete 
| 220|0x0000000322c00000, 0x0000000322d00000, 0x0000000322d00000|100%| E|CS|TAMS 0x0000000322c00000| PB 0x0000000322c00000| Complete 
| 221|0x0000000322d00000, 0x0000000322e00000, 0x0000000322e00000|100%| E|CS|TAMS 0x0000000322d00000| PB 0x0000000322d00000| Complete 
| 222|0x0000000322e00000, 0x0000000322f00000, 0x0000000322f00000|100%| E|CS|TAMS 0x0000000322e00000| PB 0x0000000322e00000| Complete 
| 223|0x0000000322f00000, 0x0000000323000000, 0x0000000323000000|100%| E|CS|TAMS 0x0000000322f00000| PB 0x0000000322f00000| Complete 
| 224|0x0000000323000000, 0x0000000323100000, 0x0000000323100000|100%| E|CS|TAMS 0x0000000323000000| PB 0x0000000323000000| Complete 
| 225|0x0000000323100000, 0x0000000323200000, 0x0000000323200000|100%| E|CS|TAMS 0x0000000323100000| PB 0x0000000323100000| Complete 
| 226|0x0000000323200000, 0x0000000323300000, 0x0000000323300000|100%| E|CS|TAMS 0x0000000323200000| PB 0x0000000323200000| Complete 
| 227|0x0000000323300000, 0x0000000323400000, 0x0000000323400000|100%| E|CS|TAMS 0x0000000323300000| PB 0x0000000323300000| Complete 
| 228|0x0000000323400000, 0x0000000323500000, 0x0000000323500000|100%| E|CS|TAMS 0x0000000323400000| PB 0x0000000323400000| Complete 
| 229|0x0000000323500000, 0x0000000323600000, 0x0000000323600000|100%| E|CS|TAMS 0x0000000323500000| PB 0x0000000323500000| Complete 
| 230|0x0000000323600000, 0x0000000323700000, 0x0000000323700000|100%| E|CS|TAMS 0x0000000323600000| PB 0x0000000323600000| Complete 
| 231|0x0000000323700000, 0x0000000323800000, 0x0000000323800000|100%| E|CS|TAMS 0x0000000323700000| PB 0x0000000323700000| Complete 
| 232|0x0000000323800000, 0x0000000323900000, 0x0000000323900000|100%| E|CS|TAMS 0x0000000323800000| PB 0x0000000323800000| Complete 
| 233|0x0000000323900000, 0x0000000323a00000, 0x0000000323a00000|100%| E|CS|TAMS 0x0000000323900000| PB 0x0000000323900000| Complete 
| 234|0x0000000323a00000, 0x0000000323b00000, 0x0000000323b00000|100%| E|CS|TAMS 0x0000000323a00000| PB 0x0000000323a00000| Complete 
| 235|0x0000000323b00000, 0x0000000323c00000, 0x0000000323c00000|100%| E|CS|TAMS 0x0000000323b00000| PB 0x0000000323b00000| Complete 
| 236|0x0000000323c00000, 0x0000000323d00000, 0x0000000323d00000|100%| E|CS|TAMS 0x0000000323c00000| PB 0x0000000323c00000| Complete 
| 237|0x0000000323d00000, 0x0000000323e00000, 0x0000000323e00000|100%| E|CS|TAMS 0x0000000323d00000| PB 0x0000000323d00000| Complete 
| 238|0x0000000323e00000, 0x0000000323f00000, 0x0000000323f00000|100%| E|CS|TAMS 0x0000000323e00000| PB 0x0000000323e00000| Complete 
| 239|0x0000000323f00000, 0x0000000324000000, 0x0000000324000000|100%| E|CS|TAMS 0x0000000323f00000| PB 0x0000000323f00000| Complete 
| 240|0x0000000324000000, 0x0000000324100000, 0x0000000324100000|100%| E|CS|TAMS 0x0000000324000000| PB 0x0000000324000000| Complete 
| 241|0x0000000324100000, 0x0000000324200000, 0x0000000324200000|100%| E|CS|TAMS 0x0000000324100000| PB 0x0000000324100000| Complete 
| 242|0x0000000324200000, 0x0000000324300000, 0x0000000324300000|100%| E|CS|TAMS 0x0000000324200000| PB 0x0000000324200000| Complete 
| 243|0x0000000324300000, 0x0000000324400000, 0x0000000324400000|100%| E|CS|TAMS 0x0000000324300000| PB 0x0000000324300000| Complete 
| 244|0x0000000324400000, 0x0000000324500000, 0x0000000324500000|100%| E|CS|TAMS 0x0000000324400000| PB 0x0000000324400000| Complete 
| 245|0x0000000324500000, 0x0000000324600000, 0x0000000324600000|100%| E|CS|TAMS 0x0000000324500000| PB 0x0000000324500000| Complete 
| 246|0x0000000324600000, 0x0000000324700000, 0x0000000324700000|100%| E|CS|TAMS 0x0000000324600000| PB 0x0000000324600000| Complete 
| 247|0x0000000324700000, 0x0000000324800000, 0x0000000324800000|100%| E|CS|TAMS 0x0000000324700000| PB 0x0000000324700000| Complete 
| 248|0x0000000324800000, 0x0000000324900000, 0x0000000324900000|100%| E|CS|TAMS 0x0000000324800000| PB 0x0000000324800000| Complete 
| 249|0x0000000324900000, 0x0000000324a00000, 0x0000000324a00000|100%| E|CS|TAMS 0x0000000324900000| PB 0x0000000324900000| Complete 
| 250|0x0000000324a00000, 0x0000000324b00000, 0x0000000324b00000|100%| E|CS|TAMS 0x0000000324a00000| PB 0x0000000324a00000| Complete 
| 251|0x0000000324b00000, 0x0000000324c00000, 0x0000000324c00000|100%| E|CS|TAMS 0x0000000324b00000| PB 0x0000000324b00000| Complete 
| 252|0x0000000324c00000, 0x0000000324d00000, 0x0000000324d00000|100%| E|CS|TAMS 0x0000000324c00000| PB 0x0000000324c00000| Complete 
| 253|0x0000000324d00000, 0x0000000324e00000, 0x0000000324e00000|100%| E|CS|TAMS 0x0000000324d00000| PB 0x0000000324d00000| Complete 
| 254|0x0000000324e00000, 0x0000000324f00000, 0x0000000324f00000|100%| E|CS|TAMS 0x0000000324e00000| PB 0x0000000324e00000| Complete 
| 255|0x0000000324f00000, 0x0000000325000000, 0x0000000325000000|100%| E|CS|TAMS 0x0000000324f00000| PB 0x0000000324f00000| Complete 
| 256|0x0000000325000000, 0x0000000325100000, 0x0000000325100000|100%| E|CS|TAMS 0x0000000325000000| PB 0x0000000325000000| Complete 
| 257|0x0000000325100000, 0x0000000325200000, 0x0000000325200000|100%| E|CS|TAMS 0x0000000325100000| PB 0x0000000325100000| Complete 
| 258|0x0000000325200000, 0x0000000325300000, 0x0000000325300000|100%| E|CS|TAMS 0x0000000325200000| PB 0x0000000325200000| Complete 
| 259|0x0000000325300000, 0x0000000325400000, 0x0000000325400000|100%| E|CS|TAMS 0x0000000325300000| PB 0x0000000325300000| Complete 
| 260|0x0000000325400000, 0x0000000325500000, 0x0000000325500000|100%| E|CS|TAMS 0x0000000325400000| PB 0x0000000325400000| Complete 
| 261|0x0000000325500000, 0x0000000325600000, 0x0000000325600000|100%| E|CS|TAMS 0x0000000325500000| PB 0x0000000325500000| Complete 
| 262|0x0000000325600000, 0x0000000325700000, 0x0000000325700000|100%| E|CS|TAMS 0x0000000325600000| PB 0x0000000325600000| Complete 
| 263|0x0000000325700000, 0x0000000325800000, 0x0000000325800000|100%| E|CS|TAMS 0x0000000325700000| PB 0x0000000325700000| Complete 
| 264|0x0000000325800000, 0x0000000325900000, 0x0000000325900000|100%| E|CS|TAMS 0x0000000325800000| PB 0x0000000325800000| Complete 
| 265|0x0000000325900000, 0x0000000325a00000, 0x0000000325a00000|100%| E|CS|TAMS 0x0000000325900000| PB 0x0000000325900000| Complete 
| 266|0x0000000325a00000, 0x0000000325b00000, 0x0000000325b00000|100%| E|CS|TAMS 0x0000000325a00000| PB 0x0000000325a00000| Complete 
| 267|0x0000000325b00000, 0x0000000325c00000, 0x0000000325c00000|100%| E|CS|TAMS 0x0000000325b00000| PB 0x0000000325b00000| Complete 
| 268|0x0000000325c00000, 0x0000000325d00000, 0x0000000325d00000|100%| E|CS|TAMS 0x0000000325c00000| PB 0x0000000325c00000| Complete 
| 269|0x0000000325d00000, 0x0000000325e00000, 0x0000000325e00000|100%| E|CS|TAMS 0x0000000325d00000| PB 0x0000000325d00000| Complete 
| 270|0x0000000325e00000, 0x0000000325f00000, 0x0000000325f00000|100%| E|CS|TAMS 0x0000000325e00000| PB 0x0000000325e00000| Complete 
| 271|0x0000000325f00000, 0x0000000326000000, 0x0000000326000000|100%| E|CS|TAMS 0x0000000325f00000| PB 0x0000000325f00000| Complete 
| 272|0x0000000326000000, 0x0000000326100000, 0x0000000326100000|100%| E|CS|TAMS 0x0000000326000000| PB 0x0000000326000000| Complete 
|1022|0x0000000354e00000, 0x0000000354f00000, 0x0000000354f00000|100%| O|  |TAMS 0x0000000354e00000| PB 0x0000000354e00000| Untracked 

Card table byte_map: [0x0000000124e74000,0x0000000125074000] _byte_map_base: 0x00000001235cc000

Marking Bits: (CMBitMap*) 0x0000000974e82310
 Bits: [0x0000000126004000, 0x0000000127004000)

Polling page: 0x0000000108780000

Metaspace:

Usage:
  Non-class:      8.63 MB used.
      Class:      1.48 MB used.
       Both:     10.11 MB used.

Virtual space:
  Non-class space:       64.00 MB reserved,       8.75 MB ( 14%) committed,  1 nodes.
      Class space:        1.00 GB reserved,       1.62 MB ( <1%) committed,  1 nodes.
             Both:        1.06 GB reserved,      10.38 MB ( <1%) committed. 

Chunk freelists:
   Non-Class:  5.91 MB
       Class:  14.44 MB
        Both:  20.35 MB

MaxMetaspaceSize: unlimited
CompressedClassSpaceSize: 1.00 GB
Initial GC threshold: 21.00 MB
Current GC threshold: 21.00 MB
CDS: on
 - commit_granule_bytes: 65536.
 - commit_granule_words: 8192.
 - virtual_space_node_default_size: 8388608.
 - enlarge_chunks_in_place: 1.
 - use_allocation_guard: 0.


Internal statistics:

num_allocs_failed_limit: 0.
num_arena_births: 138.
num_arena_deaths: 28.
num_vsnodes_births: 2.
num_vsnodes_deaths: 0.
num_space_committed: 166.
num_space_uncommitted: 0.
num_chunks_returned_to_freelist: 28.
num_chunks_taken_from_freelist: 432.
num_chunk_merges: 3.
num_chunk_splits: 329.
num_chunks_enlarged: 272.
num_inconsistent_stats: 0.

CodeHeap 'non-profiled nmethods': size=120032Kb used=1437Kb max_used=3344Kb free=118594Kb
 bounds [0x000000015a3c8000, 0x000000015a718000, 0x0000000161900000]
CodeHeap 'profiled nmethods': size=120016Kb used=158Kb max_used=6181Kb free=119857Kb
 bounds [0x0000000152900000, 0x0000000152f10000, 0x0000000159e34000]
CodeHeap 'non-nmethods': size=5712Kb used=1291Kb max_used=1393Kb free=4420Kb
 bounds [0x0000000159e34000, 0x000000015a0a4000, 0x000000015a3c8000]
 total_blobs=1005 nmethods=563 adapters=350
 compilation: enabled
              stopped_count=0, restarted_count=0
 full_count=0

Compilation events (20 events):
Event: 2390.744 Thread 0x0000000979453800 nmethod 4713 0x0000000152edb110 code [0x0000000152edb380, 0x0000000152edb998]
Event: 2391.715 Thread 0x0000000979453800 4714       3       scala.collection.IndexedSeqOptimized::takeRight (28 bytes)
Event: 2391.715 Thread 0x0000000979453800 nmethod 4714 0x0000000152900590 code [0x0000000152900780, 0x0000000152900cb8]
Event: 2405.576 Thread 0x000000097bbeb000 4715 %     4       java.util.regex.Matcher::search @ 46 (154 bytes)
Event: 2405.577 Thread 0x0000000979453800 4718       2       java.util.regex.Pattern$StartS::match (138 bytes)
Event: 2405.578 Thread 0x0000000979453800 nmethod 4718 0x0000000152eddc90 code [0x0000000152eddec0, 0x0000000152ede498]
Event: 2405.581 Thread 0x000000097bbeb000 nmethod 4715% 0x000000015a402d90 code [0x000000015a402f40, 0x000000015a403368]
Event: 2405.581 Thread 0x000000097bbeb000 4717       4       java.lang.Character::isHighSurrogate (18 bytes)
Event: 2405.581 Thread 0x000000097bbeb000 nmethod 4717 0x000000015a3c9010 code [0x000000015a3c9180, 0x000000015a3c9208]
Event: 2405.581 Thread 0x000000097bbeb000 4719       4       java.util.regex.Matcher::search (154 bytes)
Event: 2405.582 Thread 0x000000097bbeb000 nmethod 4719 0x000000015a43e390 code [0x000000015a43e540, 0x000000015a43e820]
Event: 2405.582 Thread 0x000000097bbeb000 4716       4       java.util.regex.Pattern$Start::match (90 bytes)
Event: 2405.583 Thread 0x000000097bbeb000 nmethod 4716 0x000000015a3e7d10 code [0x000000015a3e7ec0, 0x000000015a3e8070]
Event: 2405.599 Thread 0x000000097bbeb000 4720       4       java.util.regex.Pattern$StartS::match (138 bytes)
Event: 2405.601 Thread 0x000000097bbeb000 nmethod 4720 0x000000015a41cc90 code [0x000000015a41ce80, 0x000000015a41d2f8]
Event: 2415.982 Thread 0x000000097bbeb000 4721       4       scala.util.matching.Regex$MatchData::group (42 bytes)
Event: 2415.998 Thread 0x000000097bbeb000 nmethod 4721 0x000000015a4c1590 code [0x000000015a4c1a00, 0x000000015a4c3928]
Event: 3386.386 Thread 0x000000097bbeb000 4722   !   4       java.lang.ref.ReferenceQueue::remove (61 bytes)
Event: 3386.398 Thread 0x000000097bbeb000 nmethod 4722 0x000000015a43be90 code [0x000000015a43c140, 0x000000015a43cf90]
Event: 8971.056 Thread 0x000000097bbeb000 4723       4       java.lang.Thread::isVirtual (5 bytes)

GC Heap History (20 events):
Event: 2416.774 GC heap before
{Heap before GC invocations=714 (full 14):
 garbage-first heap   total 280576K, used 246416K [0x0000000315000000, 0x0000000355000000)
  region size 1024K, 164 young (167936K), 1 survivors (1024K)
 Metaspace       used 10348K, committed 10624K, reserved 1114112K
  class space    used 1510K, committed 1664K, reserved 1048576K
}
Event: 2416.775 GC heap after
{Heap after GC invocations=715 (full 14):
 garbage-first heap   total 280576K, used 79504K [0x0000000315000000, 0x0000000355000000)
  region size 1024K, 1 young (1024K), 1 survivors (1024K)
 Metaspace       used 10348K, committed 10624K, reserved 1114112K
  class space    used 1510K, committed 1664K, reserved 1048576K
}
Event: 2416.896 GC heap before
{Heap before GC invocations=715 (full 14):
 garbage-first heap   total 280576K, used 246416K [0x0000000315000000, 0x0000000355000000)
  region size 1024K, 164 young (167936K), 1 survivors (1024K)
 Metaspace       used 10348K, committed 10624K, reserved 1114112K
  class space    used 1510K, committed 1664K, reserved 1048576K
}
Event: 2416.897 GC heap after
{Heap after GC invocations=716 (full 14):
 garbage-first heap   total 280576K, used 79516K [0x0000000315000000, 0x0000000355000000)
  region size 1024K, 1 young (1024K), 1 survivors (1024K)
 Metaspace       used 10348K, committed 10624K, reserved 1114112K
  class space    used 1510K, committed 1664K, reserved 1048576K
}
Event: 2417.017 GC heap before
{Heap before GC invocations=716 (full 14):
 garbage-first heap   total 280576K, used 246428K [0x0000000315000000, 0x0000000355000000)
  region size 1024K, 164 young (167936K), 1 survivors (1024K)
 Metaspace       used 10348K, committed 10624K, reserved 1114112K
  class space    used 1510K, committed 1664K, reserved 1048576K
}
Event: 2417.018 GC heap after
{Heap after GC invocations=717 (full 14):
 garbage-first heap   total 280576K, used 79512K [0x0000000315000000, 0x0000000355000000)
  region size 1024K, 1 young (1024K), 1 survivors (1024K)
 Metaspace       used 10348K, committed 10624K, reserved 1114112K
  class space    used 1510K, committed 1664K, reserved 1048576K
}
Event: 2417.140 GC heap before
{Heap before GC invocations=717 (full 14):
 garbage-first heap   total 280576K, used 246424K [0x0000000315000000, 0x0000000355000000)
  region size 1024K, 164 young (167936K), 1 survivors (1024K)
 Metaspace       used 10348K, committed 10624K, reserved 1114112K
  class space    used 1510K, committed 1664K, reserved 1048576K
}
Event: 2417.140 GC heap after
{Heap after GC invocations=718 (full 14):
 garbage-first heap   total 280576K, used 79510K [0x0000000315000000, 0x0000000355000000)
  region size 1024K, 1 young (1024K), 1 survivors (1024K)
 Metaspace       used 10348K, committed 10624K, reserved 1114112K
  class space    used 1510K, committed 1664K, reserved 1048576K
}
Event: 2417.267 GC heap before
{Heap before GC invocations=718 (full 14):
 garbage-first heap   total 280576K, used 246422K [0x0000000315000000, 0x0000000355000000)
  region size 1024K, 164 young (167936K), 1 survivors (1024K)
 Metaspace       used 10348K, committed 10624K, reserved 1114112K
  class space    used 1510K, committed 1664K, reserved 1048576K
}
Event: 2417.268 GC heap after
{Heap after GC invocations=719 (full 14):
 garbage-first heap   total 280576K, used 79510K [0x0000000315000000, 0x0000000355000000)
  region size 1024K, 1 young (1024K), 1 survivors (1024K)
 Metaspace       used 10348K, committed 10624K, reserved 1114112K
  class space    used 1510K, committed 1664K, reserved 1048576K
}
Event: 2417.392 GC heap before
{Heap before GC invocations=719 (full 14):
 garbage-first heap   total 280576K, used 246422K [0x0000000315000000, 0x0000000355000000)
  region size 1024K, 164 young (167936K), 1 survivors (1024K)
 Metaspace       used 10348K, committed 10624K, reserved 1114112K
  class space    used 1510K, committed 1664K, reserved 1048576K
}
Event: 2417.393 GC heap after
{Heap after GC invocations=720 (full 14):
 garbage-first heap   total 280576K, used 79518K [0x0000000315000000, 0x0000000355000000)
  region size 1024K, 1 young (1024K), 1 survivors (1024K)
 Metaspace       used 10348K, committed 10624K, reserved 1114112K
  class space    used 1510K, committed 1664K, reserved 1048576K
}
Event: 2417.516 GC heap before
{Heap before GC invocations=720 (full 14):
 garbage-first heap   total 280576K, used 246430K [0x0000000315000000, 0x0000000355000000)
  region size 1024K, 164 young (167936K), 1 survivors (1024K)
 Metaspace       used 10348K, committed 10624K, reserved 1114112K
  class space    used 1510K, committed 1664K, reserved 1048576K
}
Event: 2417.516 GC heap after
{Heap after GC invocations=721 (full 14):
 garbage-first heap   total 280576K, used 79520K [0x0000000315000000, 0x0000000355000000)
  region size 1024K, 1 young (1024K), 1 survivors (1024K)
 Metaspace       used 10348K, committed 10624K, reserved 1114112K
  class space    used 1510K, committed 1664K, reserved 1048576K
}
Event: 2417.640 GC heap before
{Heap before GC invocations=721 (full 14):
 garbage-first heap   total 280576K, used 246432K [0x0000000315000000, 0x0000000355000000)
  region size 1024K, 164 young (167936K), 1 survivors (1024K)
 Metaspace       used 10348K, committed 10624K, reserved 1114112K
  class space    used 1510K, committed 1664K, reserved 1048576K
}
Event: 2417.640 GC heap after
{Heap after GC invocations=722 (full 14):
 garbage-first heap   total 280576K, used 79512K [0x0000000315000000, 0x0000000355000000)
  region size 1024K, 1 young (1024K), 1 survivors (1024K)
 Metaspace       used 10348K, committed 10624K, reserved 1114112K
  class space    used 1510K, committed 1664K, reserved 1048576K
}
Event: 2417.767 GC heap before
{Heap before GC invocations=722 (full 14):
 garbage-first heap   total 280576K, used 246424K [0x0000000315000000, 0x0000000355000000)
  region size 1024K, 164 young (167936K), 1 survivors (1024K)
 Metaspace       used 10348K, committed 10624K, reserved 1114112K
  class space    used 1510K, committed 1664K, reserved 1048576K
}
Event: 2417.767 GC heap after
{Heap after GC invocations=723 (full 14):
 garbage-first heap   total 280576K, used 79512K [0x0000000315000000, 0x0000000355000000)
  region size 1024K, 1 young (1024K), 1 survivors (1024K)
 Metaspace       used 10348K, committed 10624K, reserved 1114112K
  class space    used 1510K, committed 1664K, reserved 1048576K
}
Event: 2417.889 GC heap before
{Heap before GC invocations=723 (full 14):
 garbage-first heap   total 280576K, used 246424K [0x0000000315000000, 0x0000000355000000)
  region size 1024K, 164 young (167936K), 1 survivors (1024K)
 Metaspace       used 10348K, committed 10624K, reserved 1114112K
  class space    used 1510K, committed 1664K, reserved 1048576K
}
Event: 2417.889 GC heap after
{Heap after GC invocations=724 (full 14):
 garbage-first heap   total 280576K, used 79588K [0x0000000315000000, 0x0000000355000000)
  region size 1024K, 1 young (1024K), 1 survivors (1024K)
 Metaspace       used 10348K, committed 10624K, reserved 1114112K
  class space    used 1510K, committed 1664K, reserved 1048576K
}

Dll operation events (6 events):
Event: 0.027 Loaded shared library /Library/Java/JavaVirtualMachines/jdk-21.jdk/Contents/Home/lib/libjava.dylib
Event: 0.087 Loaded shared library /Library/Java/JavaVirtualMachines/jdk-21.jdk/Contents/Home/lib/libnio.dylib
Event: 0.106 Loaded shared library /Library/Java/JavaVirtualMachines/jdk-21.jdk/Contents/Home/lib/libzip.dylib
Event: 0.130 Loaded shared library /Users/chaeyeong/Developer/sk-encoa/dl-workspace/.venv/lib/python3.12/site-packages/_jpype.so
Event: 0.143 Loaded shared library /Library/Java/JavaVirtualMachines/jdk-21.jdk/Contents/Home/lib/libjimage.dylib
Event: 0.699 Loaded shared library /Library/Java/JavaVirtualMachines/jdk-21.jdk/Contents/Home/lib/libverify.dylib

Deoptimization events (20 events):
Event: 2164.890 Thread 0x000000097b4af100 Uncommon trap: trap_request=0xffffffbe fr.pc=0x000000015a667890 relative=0x0000000000000250
Event: 2164.890 Thread 0x000000097b4af100 Uncommon trap: reason=profile_predicate action=maybe_recompile pc=0x000000015a667890 method=java.util.regex.Pattern.RemoveQEQuoting()V @ 7 c2
Event: 2164.890 Thread 0x000000097b4af100 DEOPT PACKING pc=0x000000015a667890 sp=0x000000016d8b4350
Event: 2164.890 Thread 0x000000097b4af100 DEOPT UNPACKING pc=0x0000000159e7701c sp=0x000000016d8b42a0 mode 2
Event: 2172.198 Thread 0x000000097b4af100 Uncommon trap: trap_request=0xffffff45 fr.pc=0x000000015a6595f4 relative=0x0000000000000db4
Event: 2172.198 Thread 0x000000097b4af100 Uncommon trap: reason=unstable_if action=reinterpret pc=0x000000015a6595f4 method=scala.collection.immutable.StringOps$.slice$extension(Ljava/lang/String;II)Ljava/lang/String; @ 2 c2
Event: 2172.198 Thread 0x000000097b4af100 DEOPT PACKING pc=0x000000015a6595f4 sp=0x000000016d8b4360
Event: 2172.198 Thread 0x000000097b4af100 DEOPT UNPACKING pc=0x0000000159e7701c sp=0x000000016d8b4210 mode 2
Event: 2175.857 Thread 0x000000097b4af100 Uncommon trap: trap_request=0xffffff45 fr.pc=0x000000015a4b9a38 relative=0x00000000000004b8
Event: 2175.857 Thread 0x000000097b4af100 Uncommon trap: reason=unstable_if action=reinterpret pc=0x000000015a4b9a38 method=scala.collection.immutable.StringOps$.slice$extension(Ljava/lang/String;II)Ljava/lang/String; @ 2 c2
Event: 2175.857 Thread 0x000000097b4af100 DEOPT PACKING pc=0x000000015a4b9a38 sp=0x000000016d8b4280
Event: 2175.857 Thread 0x000000097b4af100 DEOPT UNPACKING pc=0x0000000159e7701c sp=0x000000016d8b4200 mode 2
Event: 2405.576 Thread 0x000000097b4af100 Uncommon trap: trap_request=0xffffffc6 fr.pc=0x000000015a462c10 relative=0x0000000000000990
Event: 2405.576 Thread 0x000000097b4af100 Uncommon trap: reason=bimorphic_or_optimized_type_check action=maybe_recompile pc=0x000000015a462c10 method=java.util.regex.Matcher.search(I)Z @ 121 c2
Event: 2405.576 Thread 0x000000097b4af100 DEOPT PACKING pc=0x000000015a462c10 sp=0x000000016d8b4410
Event: 2405.576 Thread 0x000000097b4af100 DEOPT UNPACKING pc=0x0000000159e7701c sp=0x000000016d8b42d0 mode 2
Event: 2405.576 Thread 0x000000097b4af100 Uncommon trap: trap_request=0xffffffc6 fr.pc=0x000000015a6dff50 relative=0x0000000000000590
Event: 2405.576 Thread 0x000000097b4af100 Uncommon trap: reason=bimorphic_or_optimized_type_check action=maybe_recompile pc=0x000000015a6dff50 method=java.util.regex.Matcher.search(I)Z @ 121 c2
Event: 2405.576 Thread 0x000000097b4af100 DEOPT PACKING pc=0x000000015a6dff50 sp=0x000000016d8b4340
Event: 2405.576 Thread 0x000000097b4af100 DEOPT UNPACKING pc=0x0000000159e7701c sp=0x000000016d8b42f0 mode 2

Classes loaded (20 events):
Event: 1.201 Loading class java/util/zip/GZIPInputStream$1
Event: 1.201 Loading class java/util/zip/GZIPInputStream$1 done
Event: 1.615 Loading class java/lang/SafeVarargs
Event: 1.615 Loading class java/lang/SafeVarargs done
Event: 1.682 Loading class java/util/AbstractList$Itr
Event: 1.683 Loading class java/util/AbstractList$Itr done
Event: 1.683 Loading class java/util/AbstractList$ListItr
Event: 1.683 Loading class java/util/AbstractList$ListItr done
Event: 1.683 Loading class java/util/AbstractList$RandomAccessSubList
Event: 1.683 Loading class java/util/AbstractList$SubList
Event: 1.683 Loading class java/util/AbstractList$SubList done
Event: 1.683 Loading class java/util/AbstractList$RandomAccessSubList done
Event: 1.683 Loading class java/util/ArrayList$ListItr
Event: 1.683 Loading class java/util/ArrayList$ListItr done
Event: 2146.470 Loading class java/util/regex/Pattern$BnM
Event: 2146.472 Loading class java/util/regex/Pattern$BnM done
Event: 2163.232 Loading class java/util/regex/Pattern$SliceS
Event: 2163.232 Loading class java/util/regex/Pattern$SliceS done
Event: 8971.045 Loading class jdk/internal/misc/Signal$1
Event: 8971.052 Loading class jdk/internal/misc/Signal$1 done

Classes unloaded (14 events):
Event: 2146.168 Thread 0x0000000984789800 Unloading class 0x0000007001188000 'java/lang/invoke/LambdaForm$DMH+0x0000007001188000'
Event: 2146.168 Thread 0x0000000984789800 Unloading class 0x0000007001153000 'java/lang/invoke/LambdaForm$MH+0x0000007001153000'
Event: 2146.168 Thread 0x0000000984789800 Unloading class 0x0000007001152400 'java/lang/invoke/LambdaForm$DMH+0x0000007001152400'
Event: 2146.168 Thread 0x0000000984789800 Unloading class 0x0000007001011400 'java/lang/invoke/LambdaForm$MH+0x0000007001011400'
Event: 2146.168 Thread 0x0000000984789800 Unloading class 0x0000007001010800 'java/lang/invoke/LambdaForm$MH+0x0000007001010800'
Event: 2146.168 Thread 0x0000000984789800 Unloading class 0x000000700100bc00 'java/lang/invoke/LambdaForm$MH+0x000000700100bc00'
Event: 2146.168 Thread 0x0000000984789800 Unloading class 0x000000700100b800 'java/lang/invoke/LambdaForm$MH+0x000000700100b800'
Event: 2146.168 Thread 0x0000000984789800 Unloading class 0x000000700100b000 'java/lang/invoke/LambdaForm$MH+0x000000700100b000'
Event: 2146.168 Thread 0x0000000984789800 Unloading class 0x000000700100a800 'java/lang/invoke/LambdaForm$MH+0x000000700100a800'
Event: 2146.168 Thread 0x0000000984789800 Unloading class 0x0000007001009800 'java/lang/invoke/LambdaForm$MH+0x0000007001009800'
Event: 2146.168 Thread 0x0000000984789800 Unloading class 0x0000007001008400 'java/lang/invoke/LambdaForm$MH+0x0000007001008400'
Event: 2146.168 Thread 0x0000000984789800 Unloading class 0x0000007001008000 'java/lang/invoke/LambdaForm$MH+0x0000007001008000'
Event: 2146.168 Thread 0x0000000984789800 Unloading class 0x0000007001006c00 'java/lang/invoke/LambdaForm$MH+0x0000007001006c00'
Event: 2146.168 Thread 0x0000000984789800 Unloading class 0x0000007001000400 'java/lang/invoke/LambdaForm$MH+0x0000007001000400'

Classes redefined (0 events):
No events

Internal exceptions (20 events):
Event: 0.154 Thread 0x000000097b4af100 Exception <a 'java/lang/IncompatibleClassChangeError'{0x0000000324b63538}: Found class java.lang.Object, but interface was expected> (0x0000000324b63538) 
thrown [open/src/hotspot/share/interpreter/linkResolver.cpp, line 840]
Event: 0.165 Thread 0x000000097b4af100 Exception <a 'java/lang/NoSuchMethodError'{0x0000000324a58490}: method resolution failed> (0x0000000324a58490) 
thrown [open/src/hotspot/share/prims/methodHandles.cpp, line 1136]
Event: 0.631 Thread 0x000000097b4af100 Exception <a 'java/lang/NoSuchMethodError'{0x0000000316495878}: 'java.lang.Object java.lang.invoke.Invokers$Holder.invokeExact_MT(java.lang.Object, java.lang.Object, java.lang.Object, java.lang.Object, java.lang.Object, java.lang.Object)'> (0x0000000316495878) 
thrown [open/src/hotspot/share/interpreter/linkResolver.cpp, line 773]
Event: 0.675 Thread 0x000000097b4af100 Exception <a 'java/lang/NoSuchMethodError'{0x0000000315f68e88}: 'java.lang.Object java.lang.invoke.DirectMethodHandle$Holder.invokeStaticInit(java.lang.Object, java.lang.Object, java.lang.Object)'> (0x0000000315f68e88) 
thrown [open/src/hotspot/share/interpreter/linkResolver.cpp, line 773]
Event: 0.715 Thread 0x000000097b4af100 Exception <a 'java/lang/NoSuchMethodError'{0x00000003169af520}: 'java.lang.Object java.lang.invoke.DirectMethodHandle$Holder.newInvokeSpecial(java.lang.Object, java.lang.Object, java.lang.Object, java.lang.Object, java.lang.Object)'> (0x00000003169af520) 
thrown [open/src/hotspot/share/interpreter/linkResolver.cpp, line 773]
Event: 0.718 Thread 0x000000097b4af100 Exception <a 'java/lang/NoSuchMethodError'{0x00000003169f3e68}: 'java.lang.Object java.lang.invoke.DirectMethodHandle$Holder.invokeStatic(java.lang.Object, java.lang.Object, int, java.lang.Object, java.lang.Object)'> (0x00000003169f3e68) 
thrown [open/src/hotspot/share/interpreter/linkResolver.cpp, line 773]
Event: 0.719 Thread 0x000000097b4af100 Exception <a 'java/lang/NoSuchMethodError'{0x00000003169fd080}: 'java.lang.Object java.lang.invoke.DirectMethodHandle$Holder.newInvokeSpecial(java.lang.Object, java.lang.Object, int, java.lang.Object)'> (0x00000003169fd080) 
thrown [open/src/hotspot/share/interpreter/linkResolver.cpp, line 773]
Event: 0.719 Thread 0x000000097b4af100 Exception <a 'java/lang/NoSuchMethodError'{0x0000000316801048}: 'java.lang.Object java.lang.invoke.DirectMethodHandle$Holder.invokeSpecial(java.lang.Object, java.lang.Object, java.lang.Object, int, java.lang.Object)'> (0x0000000316801048) 
thrown [open/src/hotspot/share/interpreter/linkResolver.cpp, line 773]
Event: 0.725 Thread 0x000000097b4af100 Exception <a 'java/lang/NoSuchMethodError'{0x00000003168a4698}: 'java.lang.Object java.lang.invoke.DirectMethodHandle$Holder.invokeStaticInit(java.lang.Object, java.lang.Object, java.lang.Object, java.lang.Object)'> (0x00000003168a4698) 
thrown [open/src/hotspot/share/interpreter/linkResolver.cpp, line 773]
Event: 0.728 Thread 0x000000097b4af100 Exception <a 'java/lang/NoSuchMethodError'{0x0000000316721180}: 'void java.lang.invoke.DirectMethodHandle$Holder.invokeStatic(java.lang.Object, java.lang.Object)'> (0x0000000316721180) 
thrown [open/src/hotspot/share/interpreter/linkResolver.cpp, line 773]
Event: 0.809 Thread 0x000000097b4af100 Exception <a 'java/lang/NoSuchMethodError'{0x0000000316dca958}: 'java.lang.Object java.lang.invoke.DirectMethodHandle$Holder.invokeStatic(java.lang.Object, java.lang.Object, int, java.lang.Object)'> (0x0000000316dca958) 
thrown [open/src/hotspot/share/interpreter/linkResolver.cpp, line 773]
Event: 0.809 Thread 0x000000097b4af100 Exception <a 'java/lang/NoSuchMethodError'{0x0000000316dd2480}: 'java.lang.Object java.lang.invoke.DirectMethodHandle$Holder.newInvokeSpecial(java.lang.Object, java.lang.Object, int)'> (0x0000000316dd2480) 
thrown [open/src/hotspot/share/interpreter/linkResolver.cpp, line 773]
Event: 0.810 Thread 0x000000097b4af100 Exception <a 'java/lang/NoSuchMethodError'{0x0000000316df4080}: 'java.lang.Object java.lang.invoke.DirectMethodHandle$Holder.invokeStatic(java.lang.Object, int, java.lang.Object)'> (0x0000000316df4080) 
thrown [open/src/hotspot/share/interpreter/linkResolver.cpp, line 773]
Event: 1.112 Thread 0x000000097b4af100 Exception <a 'java/lang/NoSuchMethodError'{0x00000003209f1778}: 'java.lang.Object java.lang.invoke.DirectMethodHandle$Holder.newInvokeSpecial(java.lang.Object, java.lang.Object, java.lang.Object, java.lang.Object, java.lang.Object, int)'> (0x00000003209f1778) 
thrown [open/src/hotspot/share/interpreter/linkResolver.cpp, line 773]
Event: 1.112 Thread 0x000000097b4af100 Exception <a 'java/lang/NoSuchMethodError'{0x00000003209f5b20}: 'java.lang.Object java.lang.invoke.DirectMethodHandle$Holder.invokeSpecial(java.lang.Object, java.lang.Object, java.lang.Object, java.lang.Object, java.lang.Object, java.lang.Object, int)'> (0x00000003209f5b20) 
thrown [open/src/hotspot/share/interpreter/linkResolver.cpp, line 773]
Event: 1.130 Thread 0x000000097b4af100 Exception <a 'java/lang/NoSuchMethodError'{0x00000003208a36b8}: 'java.lang.Object java.lang.invoke.DirectMethodHandle$Holder.newInvokeSpecial(java.lang.Object, java.lang.Object, java.lang.Object, java.lang.Object, int, java.lang.Object)'> (0x00000003208a36b8) 
thrown [open/src/hotspot/share/interpreter/linkResolver.cpp, line 773]
Event: 1.130 Thread 0x000000097b4af100 Exception <a 'java/lang/NoSuchMethodError'{0x00000003208a76d0}: 'java.lang.Object java.lang.invoke.DirectMethodHandle$Holder.invokeSpecial(java.lang.Object, java.lang.Object, java.lang.Object, java.lang.Object, java.lang.Object, int, java.lang.Object)'> (0x00000003208a76d0) 
thrown [open/src/hotspot/share/interpreter/linkResolver.cpp, line 773]
Event: 1.138 Thread 0x000000097b4af100 Exception <a 'java/lang/NoSuchMethodError'{0x00000003208e0008}: 'java.lang.Object java.lang.invoke.DirectMethodHandle$Holder.invokeStaticInit(java.lang.Object, java.lang.Object, java.lang.Object, java.lang.Object, java.lang.Object)'> (0x00000003208e0008) 
thrown [open/src/hotspot/share/interpreter/linkResolver.cpp, line 773]
Event: 1.138 Thread 0x000000097b4af100 Exception <a 'java/lang/NoSuchMethodError'{0x00000003208e6580}: 'java.lang.Object java.lang.invoke.Invokers$Holder.invoke_MT(java.lang.Object, java.lang.Object, java.lang.Object, java.lang.Object, java.lang.Object, java.lang.Object)'> (0x00000003208e6580) 
thrown [open/src/hotspot/share/interpreter/linkResolver.cpp, line 773]
Event: 1.572 Thread 0x000000097b4af100 Exception <a 'java/lang/NoSuchMethodError'{0x00000003230b7d68}: 'int java.lang.invoke.DirectMethodHandle$Holder.invokeVirtual(java.lang.Object, java.lang.Object)'> (0x00000003230b7d68) 
thrown [open/src/hotspot/share/interpreter/linkResolver.cpp, line 773]

ZGC Phase Switch (0 events):
No events

VM Operations (20 events):
Event: 2416.774 Executing VM operation: G1CollectForAllocation (G1 Evacuation Pause)
Event: 2416.775 Executing VM operation: G1CollectForAllocation (G1 Evacuation Pause) done
Event: 2416.896 Executing VM operation: G1CollectForAllocation (G1 Evacuation Pause)
Event: 2416.897 Executing VM operation: G1CollectForAllocation (G1 Evacuation Pause) done
Event: 2417.017 Executing VM operation: G1CollectForAllocation (G1 Evacuation Pause)
Event: 2417.018 Executing VM operation: G1CollectForAllocation (G1 Evacuation Pause) done
Event: 2417.140 Executing VM operation: G1CollectForAllocation (G1 Evacuation Pause)
Event: 2417.140 Executing VM operation: G1CollectForAllocation (G1 Evacuation Pause) done
Event: 2417.267 Executing VM operation: G1CollectForAllocation (G1 Evacuation Pause)
Event: 2417.268 Executing VM operation: G1CollectForAllocation (G1 Evacuation Pause) done
Event: 2417.392 Executing VM operation: G1CollectForAllocation (G1 Evacuation Pause)
Event: 2417.393 Executing VM operation: G1CollectForAllocation (G1 Evacuation Pause) done
Event: 2417.515 Executing VM operation: G1CollectForAllocation (G1 Evacuation Pause)
Event: 2417.516 Executing VM operation: G1CollectForAllocation (G1 Evacuation Pause) done
Event: 2417.640 Executing VM operation: G1CollectForAllocation (G1 Evacuation Pause)
Event: 2417.640 Executing VM operation: G1CollectForAllocation (G1 Evacuation Pause) done
Event: 2417.767 Executing VM operation: G1CollectForAllocation (G1 Evacuation Pause)
Event: 2417.767 Executing VM operation: G1CollectForAllocation (G1 Evacuation Pause) done
Event: 2417.889 Executing VM operation: G1CollectForAllocation (G1 Evacuation Pause)
Event: 2417.889 Executing VM operation: G1CollectForAllocation (G1 Evacuation Pause) done

Events (20 events):
Event: 2411.484 Thread 0x0000000984789800 flushing nmethod 0x000000015a667a90
Event: 2411.484 Thread 0x0000000984789800 flushing nmethod 0x000000015a668290
Event: 2411.484 Thread 0x0000000984789800 flushing nmethod 0x000000015a67c910
Event: 2411.484 Thread 0x0000000984789800 flushing nmethod 0x000000015a67d590
Event: 2411.484 Thread 0x0000000984789800 flushing nmethod 0x000000015a6e0c90
Event: 2411.484 Thread 0x0000000984789800 flushing nmethod 0x000000015a6e1610
Event: 2411.484 Thread 0x0000000984789800 flushing nmethod 0x000000015a6ea390
Event: 2411.484 Thread 0x0000000984789800 flushing nmethod 0x000000015a6eb990
Event: 2411.484 Thread 0x0000000984789800 flushing nmethod 0x0000000152983290
Event: 2411.484 Thread 0x0000000984789800 flushing nmethod 0x00000001529a2590
Event: 2411.484 Thread 0x0000000984789800 flushing nmethod 0x00000001529bbb90
Event: 2411.484 Thread 0x0000000984789800 flushing nmethod 0x0000000152a03210
Event: 2411.484 Thread 0x0000000984789800 flushing nmethod 0x0000000152a20410
Event: 2411.484 Thread 0x0000000984789800 flushing nmethod 0x0000000152a8c790
Event: 2411.484 Thread 0x0000000984789800 flushing nmethod 0x0000000152a94a10
Event: 2411.484 Thread 0x0000000984789800 flushing nmethod 0x0000000152aa0210
Event: 2411.484 Thread 0x0000000984789800 flushing nmethod 0x0000000152b64890
Event: 2411.484 Thread 0x0000000984789800 flushing nmethod 0x0000000152b75910
Event: 8971.058 Thread 0x000000097d402300 Thread added: 0x000000097d402300
Event: 8971.058 Protecting memory [0x0000000178e10000,0x0000000178e1c000] with protection modes 0


Dynamic libraries:
0x000000018d413000 	/System/Library/Frameworks/CoreFoundation.framework/Versions/A/CoreFoundation
0x000000018cf60000 	/usr/lib/libobjc.A.dylib
0x00000001916b2000 	/System/Library/PrivateFrameworks/CoreServicesInternal.framework/Versions/A/CoreServicesInternal
0x000000018ec82000 	/System/Library/Frameworks/Foundation.framework/Versions/C/Foundation
0x000000019d1fb000 	/usr/lib/liboah.dylib
0x000000019d230000 	/usr/lib/libfakelink.dylib
0x00000001910da000 	/usr/lib/libicucore.A.dylib
0x000000019d22e000 	/usr/lib/libSystem.B.dylib
0x000000019d232000 	/System/Library/PrivateFrameworks/SoftLinking.framework/Versions/A/SoftLinking
0x00000001a0b23000 	/usr/lib/swift/libswiftCore.dylib
0x000000018d374000 	/usr/lib/libc++abi.dylib
0x00000002911f1000 	/usr/lib/libRosetta.dylib
0x000000018d2e3000 	/usr/lib/libc++.1.dylib
0x00000001aa703000 	/usr/lib/swift/libswiftObjectiveC.dylib
0x000000029266d000 	/usr/lib/libswiftPrespecialized.dylib
0x000000018e8f1000 	/System/Library/Frameworks/SystemConfiguration.framework/Versions/A/SystemConfiguration
0x000000019d178000 	/usr/lib/libz.1.dylib
0x0000000197c63000 	/System/Library/PrivateFrameworks/CoreAutoLayout.framework/Versions/A/CoreAutoLayout
0x000000019d4d9000 	/usr/lib/libcompression.dylib
0x0000000193736000 	/System/Library/Frameworks/CFNetwork.framework/Versions/A/CFNetwork
0x0000000197094000 	/System/Library/Frameworks/DiskArbitration.framework/Versions/A/DiskArbitration
0x000000019d283000 	/usr/lib/libarchive.2.dylib
0x0000000196f99000 	/usr/lib/libDiagnosticMessagesClient.dylib
0x0000000197cac000 	/usr/lib/libxml2.2.dylib
0x00000001a59b2000 	/System/Library/Frameworks/CoreServices.framework/Versions/A/CoreServices
0x000000019ae0c000 	/usr/lib/liblangid.dylib
0x0000000191732000 	/System/Library/Frameworks/IOKit.framework/Versions/A/IOKit
0x00000001a3624000 	/System/Library/Frameworks/Combine.framework/Versions/A/Combine
0x0000000246553000 	/System/Library/PrivateFrameworks/CollectionsInternal.framework/Versions/A/CollectionsInternal
0x0000000272599000 	/System/Library/PrivateFrameworks/ReflectionInternal.framework/Versions/A/ReflectionInternal
0x00000002734ed000 	/System/Library/PrivateFrameworks/RuntimeInternal.framework/Versions/A/RuntimeInternal
0x00000001badec000 	/usr/lib/swift/libswiftCoreFoundation.dylib
0x00000001b7baf000 	/usr/lib/swift/libswiftDarwin.dylib
0x00000001a7729000 	/usr/lib/swift/libswiftDispatch.dylib
0x00000001bae4d000 	/usr/lib/swift/libswiftIOKit.dylib
0x0000000292ab0000 	/usr/lib/swift/libswiftSystem.dylib
0x00000001badff000 	/usr/lib/swift/libswiftXPC.dylib
0x0000000292ae2000 	/usr/lib/swift/libswift_Builtin_float.dylib
0x0000000292ae3000 	/usr/lib/swift/libswift_Concurrency.dylib
0x0000000292b6f000 	/usr/lib/swift/libswift_DarwinFoundation1.dylib
0x0000000292c13000 	/usr/lib/swift/libswift_StringProcessing.dylib
0x00000001aa707000 	/usr/lib/swift/libswiftos.dylib
0x000000019574b000 	/System/Library/Frameworks/Network.framework/Versions/A/Network
0x000000019ae07000 	/System/Library/PrivateFrameworks/AppleSystemInfo.framework/Versions/A/AppleSystemInfo
0x0000000190cba000 	/System/Library/Frameworks/Security.framework/Versions/A/Security
0x000000019c481000 	/usr/lib/libbsm.0.dylib
0x00000001952bc000 	/System/Library/PrivateFrameworks/ProtocolBuffer.framework/Versions/A/ProtocolBuffer
0x0000000196f69000 	/System/Library/PrivateFrameworks/CoreAnalytics.framework/Versions/A/CoreAnalytics
0x00000001bacac000 	/System/Library/PrivateFrameworks/LoggingSupport.framework/Versions/A/LoggingSupport
0x00000001a18c1000 	/System/Library/PrivateFrameworks/MobileAsset.framework/Versions/A/MobileAsset
0x00000001a6b48000 	/System/Library/PrivateFrameworks/PowerLog.framework/Versions/A/PowerLog
0x0000000195650000 	/System/Library/PrivateFrameworks/RunningBoardServices.framework/Versions/A/RunningBoardServices
0x000000023a6ce000 	/System/Library/Frameworks/SwiftData.framework/Versions/A/SwiftData
0x000000019316a000 	/System/Library/Frameworks/UniformTypeIdentifiers.framework/Versions/A/UniformTypeIdentifiers
0x0000000197e55000 	/System/Library/PrivateFrameworks/UserManagement.framework/Versions/A/UserManagement
0x000000019365d000 	/usr/lib/libboringssl.dylib
0x0000000195730000 	/usr/lib/libdns_services.dylib
0x00000001b9cd2000 	/usr/lib/libquic.dylib
0x00000001a0ab4000 	/usr/lib/libusrtcp.dylib
0x0000000193b09000 	/usr/lib/libMobileGestalt.dylib
0x000000019d40e000 	/usr/lib/libapple_nghttp2.dylib
0x000000019e7fa000 	/usr/lib/libcoretls_cfhelpers.dylib
0x00000001952d8000 	/usr/lib/libsqlite3.dylib
0x00000002429df000 	/System/Library/PrivateFrameworks/AtomicsInternal.framework/Versions/A/AtomicsInternal
0x00000001e1092000 	/System/Library/PrivateFrameworks/InternalSwiftProtobuf.framework/Versions/A/InternalSwiftProtobuf
0x0000000292937000 	/usr/lib/swift/libswiftDistributed.dylib
0x0000000292960000 	/usr/lib/swift/libswiftObservation.dylib
0x0000000292a9c000 	/usr/lib/swift/libswiftSynchronization.dylib
0x000000019d228000 	/usr/lib/system/libcache.dylib
0x000000019d1e3000 	/usr/lib/system/libcommonCrypto.dylib
0x000000019d20e000 	/usr/lib/system/libcompiler_rt.dylib
0x000000019d203000 	/usr/lib/system/libcopyfile.dylib
0x000000018d116000 	/usr/lib/system/libcorecrypto.dylib
0x000000018d216000 	/usr/lib/system/libdispatch.dylib
0x000000018cfb3000 	/usr/lib/system/libdyld.dylib
0x000000019d21e000 	/usr/lib/system/libkeymgr.dylib
0x000000019d1c6000 	/usr/lib/system/libmacho.dylib
0x000000019c459000 	/usr/lib/system/libquarantine.dylib
0x000000019d21b000 	/usr/lib/system/libremovefile.dylib
0x0000000193b89000 	/usr/lib/system/libsystem_asl.dylib
0x000000018d09c000 	/usr/lib/system/libsystem_blocks.dylib
0x000000018d261000 	/usr/lib/system/libsystem_c.dylib
0x000000019d212000 	/usr/lib/system/libsystem_collections.dylib
0x000000019adf9000 	/usr/lib/system/libsystem_configuration.dylib
0x00000001999e7000 	/usr/lib/system/libsystem_containermanager.dylib
0x000000019cbf8000 	/usr/lib/system/libsystem_coreservices.dylib
0x00000001913b0000 	/usr/lib/system/libsystem_darwin.dylib
0x0000000292e04000 	/usr/lib/system/libsystem_darwindirectory.dylib
0x000000019d21f000 	/usr/lib/system/libsystem_dnssd.dylib
0x0000000292e08000 	/usr/lib/system/libsystem_eligibility.dylib
0x000000018d25e000 	/usr/lib/system/libsystem_featureflags.dylib
0x000000018d3e3000 	/usr/lib/system/libsystem_info.dylib
0x000000019d187000 	/usr/lib/system/libsystem_m.dylib
0x000000018d1c5000 	/usr/lib/system/libsystem_malloc.dylib
0x0000000193aec000 	/usr/lib/system/libsystem_networkextension.dylib
0x000000019181b000 	/usr/lib/system/libsystem_notify.dylib
0x000000019adfe000 	/usr/lib/system/libsystem_sandbox.dylib
0x0000000292e13000 	/usr/lib/system/libsystem_sanitizers.dylib
0x000000019d217000 	/usr/lib/system/libsystem_secinit.dylib
0x000000018d38f000 	/usr/lib/system/libsystem_kernel.dylib
0x000000018d3da000 	/usr/lib/system/libsystem_platform.dylib
0x000000018d3cd000 	/usr/lib/system/libsystem_pthread.dylib
0x0000000195742000 	/usr/lib/system/libsystem_symptoms.dylib
0x000000018d0f5000 	/usr/lib/system/libsystem_trace.dylib
0x0000000292e1b000 	/usr/lib/system/libsystem_trial.dylib
0x000000019d1f1000 	/usr/lib/system/libunwind.dylib
0x000000018d0a0000 	/usr/lib/system/libxpc.dylib
0x000000019c41c000 	/System/Library/PrivateFrameworks/BackgroundTaskManagement.framework/Versions/A/BackgroundTaskManagement
0x0000000241b25000 	/System/Library/PrivateFrameworks/AppleKeyStore.framework/Versions/A/AppleKeyStore
0x0000000290ef3000 	/usr/lib/libCoreEntitlements.dylib
0x0000000266c65000 	/System/Library/PrivateFrameworks/MessageSecurity.framework/Versions/A/MessageSecurity
0x00000001a6b38000 	/System/Library/PrivateFrameworks/SymptomDiagnosticReporter.framework/Versions/A/SymptomDiagnosticReporter
0x000000019e9c9000 	/System/Library/PrivateFrameworks/CrashReporterSupport.framework/Versions/A/CrashReporterSupport
0x000000019cbdf000 	/System/Library/PrivateFrameworks/AppleFSCompression.framework/Versions/A/AppleFSCompression
0x000000019c469000 	/usr/lib/libcoretls.dylib
0x000000019d4d3000 	/usr/lib/libpam.2.dylib
0x000000019e870000 	/usr/lib/libxar.1.dylib
0x000000019e7fc000 	/System/Library/PrivateFrameworks/APFS.framework/Versions/A/APFS
0x000000027ec73000 	/System/Library/PrivateFrameworks/SwiftASN1Internal.framework/Versions/A/SwiftASN1Internal
0x000000019e87f000 	/usr/lib/libutil.dylib
0x0000000193b07000 	/usr/lib/libenergytrace.dylib
0x000000019d1ca000 	/usr/lib/system/libkxld.dylib
0x000000019c130000 	/System/Library/PrivateFrameworks/IOMobileFramebuffer.framework/Versions/A/IOMobileFramebuffer
0x0000000199a20000 	/System/Library/Frameworks/IOSurface.framework/Versions/A/IOSurface
0x000000019ec3b000 	/usr/lib/libheimdal-asn1.dylib
0x000000019d3ea000 	/System/Library/PrivateFrameworks/AppleSauce.framework/Versions/A/AppleSauce
0x000000019c389000 	/System/Library/Frameworks/SecurityFoundation.framework/Versions/A/SecurityFoundation
0x000000019c362000 	/System/Library/PrivateFrameworks/MobileKeyBag.framework/Versions/A/MobileKeyBag
0x00000001a1a38000 	/System/Library/PrivateFrameworks/CorePhoneNumbers.framework/Versions/A/CorePhoneNumbers
0x00000001a9c31000 	/System/Library/PrivateFrameworks/RemoteServiceDiscovery.framework/Versions/A/RemoteServiceDiscovery
0x000000019ae05000 	/System/Library/PrivateFrameworks/AggregateDictionary.framework/Versions/A/AggregateDictionary
0x00000001a9c48000 	/System/Library/PrivateFrameworks/RemoteXPC.framework/Versions/A/RemoteXPC
0x00000001c9d09000 	/usr/lib/libFDR.dylib
0x00000001cfce4000 	/usr/lib/libamsupport.dylib
0x00000002911e9000 	/usr/lib/libReverseProxyDevice.dylib
0x00000001c1f2e000 	/System/Library/PrivateFrameworks/MSUDataAccessor.framework/Versions/A/MSUDataAccessor
0x0000000241393000 	/System/Library/PrivateFrameworks/AppleDeviceQuerySupport.framework/Versions/A/AppleDeviceQuerySupport
0x00000001a9d79000 	/System/Library/PrivateFrameworks/AppSupport.framework/Versions/A/AppSupport
0x000000019417c000 	/System/Library/Frameworks/CoreGraphics.framework/Versions/A/CoreGraphics
0x00000001a185e000 	/System/Library/Frameworks/GSS.framework/Versions/A/GSS
0x00000001aa68b000 	/System/Library/PrivateFrameworks/StreamingZip.framework/Versions/A/StreamingZip
0x000000019e7db000 	/usr/lib/liblzma.5.dylib
0x0000000197c28000 	/System/Library/Frameworks/CoreServices.framework/Versions/A/Frameworks/FSEvents.framework/Versions/A/FSEvents
0x00000001913ba000 	/System/Library/Frameworks/CoreServices.framework/Versions/A/Frameworks/CarbonCore.framework/Versions/A/CarbonCore
0x0000000197008000 	/System/Library/Frameworks/CoreServices.framework/Versions/A/Frameworks/Metadata.framework/Versions/A/Metadata
0x000000019cbff000 	/System/Library/Frameworks/CoreServices.framework/Versions/A/Frameworks/OSServices.framework/Versions/A/OSServices
0x000000019d37b000 	/System/Library/Frameworks/CoreServices.framework/Versions/A/Frameworks/SearchKit.framework/Versions/A/SearchKit
0x00000001956bc000 	/System/Library/Frameworks/CoreServices.framework/Versions/A/Frameworks/AE.framework/Versions/A/AE
0x000000018d972000 	/System/Library/Frameworks/CoreServices.framework/Versions/A/Frameworks/LaunchServices.framework/Versions/A/LaunchServices
0x000000019e784000 	/System/Library/Frameworks/CoreServices.framework/Versions/A/Frameworks/DictionaryServices.framework/Versions/A/DictionaryServices
0x0000000197c35000 	/System/Library/Frameworks/CoreServices.framework/Versions/A/Frameworks/SharedFileList.framework/Versions/A/SharedFileList
0x000000019c45d000 	/usr/lib/libCheckFix.dylib
0x0000000193ba1000 	/System/Library/PrivateFrameworks/TCC.framework/Versions/A/TCC
0x000000019ae0e000 	/System/Library/PrivateFrameworks/CoreNLP.framework/Versions/A/CoreNLP
0x0000000196f9b000 	/System/Library/PrivateFrameworks/MetadataUtilities.framework/Versions/A/MetadataUtilities
0x00000001a5c31000 	/System/Library/Frameworks/Accelerate.framework/Versions/A/Accelerate
0x000000019c493000 	/usr/lib/libmecab.dylib
0x000000018e985000 	/usr/lib/libCRFSuite.dylib
0x000000019c4f2000 	/usr/lib/libgermantok.dylib
0x000000019d3e1000 	/usr/lib/libThaiTokenizer.dylib
0x000000019709e000 	/System/Library/Frameworks/Accelerate.framework/Versions/A/Frameworks/vImage.framework/Versions/A/vImage
0x00000001a598d000 	/System/Library/Frameworks/Accelerate.framework/Versions/A/Frameworks/vecLib.framework/Versions/A/vecLib
0x000000019e8b6000 	/System/Library/Frameworks/Accelerate.framework/Versions/A/Frameworks/vecLib.framework/Versions/A/libvMisc.dylib
0x000000018de76000 	/System/Library/Frameworks/Accelerate.framework/Versions/A/Frameworks/vecLib.framework/Versions/A/libBLAS.dylib
0x0000000197d93000 	/System/Library/Frameworks/CoreVideo.framework/Versions/A/CoreVideo
0x00000001948d2000 	/System/Library/Frameworks/ColorSync.framework/Versions/A/ColorSync
0x00000001902fa000 	/System/Library/Frameworks/CoreText.framework/Versions/A/CoreText
0x000000019a513000 	/System/Library/Frameworks/ImageIO.framework/Versions/A/ImageIO
0x0000000193bc5000 	/System/Library/PrivateFrameworks/SkyLight.framework/Versions/A/SkyLight
0x0000000199eee000 	/System/Library/PrivateFrameworks/FontServices.framework/libFontParser.dylib
0x000000024320f000 	/System/Library/PrivateFrameworks/BiomeLibrary.framework/Versions/A/BiomeLibrary
0x000000019555e000 	/System/Library/PrivateFrameworks/BaseBoard.framework/Versions/A/BaseBoard
0x00000001a7a8a000 	/System/Library/PrivateFrameworks/BoardServices.framework/Versions/A/BoardServices
0x00000001a9959000 	/System/Library/PrivateFrameworks/BackBoardServices.framework/Versions/A/BackBoardServices
0x0000000243114000 	/System/Library/PrivateFrameworks/BackBoardHIDEventFoundation.framework/Versions/A/BackBoardHIDEventFoundation
0x000000018fe16000 	/System/Library/Frameworks/CoreDisplay.framework/Versions/A/CoreDisplay
0x000000019f495000 	/System/Library/Frameworks/VideoToolbox.framework/Versions/A/VideoToolbox
0x000000019d4d1000 	/System/Library/Frameworks/MetalPerformanceShaders.framework/Versions/A/MetalPerformanceShaders
0x00000002714a3000 	/System/Library/PrivateFrameworks/ProDisplayLibrary.framework/Versions/A/ProDisplayLibrary
0x00000001ad78e000 	/System/Library/PrivateFrameworks/IOSurfaceAccelerator.framework/Versions/A/IOSurfaceAccelerator
0x0000000199a48000 	/System/Library/Frameworks/Metal.framework/Versions/A/Metal
0x0000000199a3d000 	/System/Library/PrivateFrameworks/IOAccelerator.framework/Versions/A/IOAccelerator
0x0000000199d4c000 	/System/Library/Frameworks/CoreMedia.framework/Versions/A/CoreMedia
0x000000019f44d000 	/System/Library/PrivateFrameworks/WatchdogClient.framework/Versions/A/WatchdogClient
0x00000001974c3000 	/System/Library/Frameworks/QuartzCore.framework/Versions/A/QuartzCore
0x000000019f44f000 	/System/Library/PrivateFrameworks/MultitouchSupport.framework/Versions/A/MultitouchSupport
0x00000001d2c90000 	/usr/lib/swift/libswiftAccelerate.dylib
0x00000001badcc000 	/usr/lib/swift/libswiftCoreAudio.dylib
0x00000001d6e21000 	/usr/lib/swift/libswiftCoreMedia.dylib
0x00000001c8dc2000 	/usr/lib/swift/libswiftMetal.dylib
0x00000001d85d4000 	/usr/lib/swift/libswiftOSLog.dylib
0x00000001ce1e8000 	/usr/lib/swift/libswiftQuartzCore.dylib
0x00000001d2c80000 	/usr/lib/swift/libswiftUniformTypeIdentifiers.dylib
0x0000000292aca000 	/usr/lib/swift/libswiftVideoToolbox.dylib
0x00000001be946000 	/usr/lib/swift/libswiftsimd.dylib
0x00000001c9e35000 	/System/Library/PrivateFrameworks/BiomeStreams.framework/Versions/A/BiomeStreams
0x00000001d0143000 	/System/Library/PrivateFrameworks/BiomeStorage.framework/Versions/A/BiomeStorage
0x00000001c5e84000 	/System/Library/PrivateFrameworks/BiomeFoundation.framework/Versions/A/BiomeFoundation
0x000000025f954000 	/System/Library/PrivateFrameworks/IntelligencePlatformLibrary.framework/Versions/A/IntelligencePlatformLibrary
0x0000000270267000 	/System/Library/PrivateFrameworks/PoirotSchematizer.framework/Versions/A/PoirotSchematizer
0x0000000243aca000 	/System/Library/PrivateFrameworks/BiomeSync.framework/Versions/A/BiomeSync
0x00000002431f5000 	/System/Library/PrivateFrameworks/BiomeDSL.framework/Versions/A/BiomeDSL
0x00000001d00e2000 	/System/Library/PrivateFrameworks/BiomePubSub.framework/Versions/A/BiomePubSub
0x00000001ab66e000 	/System/Library/PrivateFrameworks/ProactiveSupport.framework/Versions/A/ProactiveSupport
0x00000001e929d000 	/System/Library/PrivateFrameworks/FeatureFlags.framework/Versions/A/FeatureFlags
0x00000002702d5000 	/System/Library/PrivateFrameworks/PoirotUDFs.framework/Versions/A/PoirotUDFs
0x0000000292b72000 	/usr/lib/swift/libswift_DarwinFoundation2.dylib
0x0000000292b73000 	/usr/lib/swift/libswift_DarwinFoundation3.dylib
0x00000001a7fff000 	/System/Library/PrivateFrameworks/CoreTime.framework/Versions/A/CoreTime
0x00000001aa08d000 	/System/Library/PrivateFrameworks/InternationalTextSearch.framework/Versions/A/InternationalTextSearch
0x00000001c2357000 	/System/Library/PrivateFrameworks/SoftwareUpdateCoreSupport.framework/Versions/A/SoftwareUpdateCoreSupport
0x00000001ca8d4000 	/System/Library/PrivateFrameworks/SoftwareUpdateCoreConnect.framework/Versions/A/SoftwareUpdateCoreConnect
0x00000001bce7f000 	/usr/lib/libbootpolicy.dylib
0x00000001d2eae000 	/usr/lib/libpartition2_dynamic.dylib
0x0000000290d9e000 	/usr/lib/libAppleArchive.dylib
0x000000019cbeb000 	/usr/lib/libbz2.1.0.dylib
0x00000001ccd2c000 	/System/Library/PrivateFrameworks/OSAnalytics.framework/Versions/A/OSAnalytics
0x000000024dc69000 	/System/Library/PrivateFrameworks/DeviceRecovery.framework/Versions/A/DeviceRecovery
0x00000001a7ea3000 	/System/Library/PrivateFrameworks/CoreSymbolication.framework/Versions/A/CoreSymbolication
0x00000001dc6ea000 	/System/Library/PrivateFrameworks/Symbolication.framework/Versions/A/Symbolication
0x00000001a7e81000 	/System/Library/PrivateFrameworks/DebugSymbols.framework/Versions/A/DebugSymbols
0x00000001bad3b000 	/System/Library/PrivateFrameworks/MallocStackLogging.framework/Versions/A/MallocStackLogging
0x0000000292b74000 	/usr/lib/swift/libswift_RegexParser.dylib
0x000000019d268000 	/usr/lib/libiconv.2.dylib
0x000000019d1c5000 	/usr/lib/libcharset.1.dylib
0x000000027022a000 	/System/Library/PrivateFrameworks/PoirotSQLite.framework/Versions/A/PoirotSQLite
0x0000000245100000 	/System/Library/PrivateFrameworks/CascadeSets.framework/Versions/A/CascadeSets
0x000000019f247000 	/System/Library/PrivateFrameworks/AppleJPEG.framework/Versions/A/AppleJPEG
0x000000019ec20000 	/usr/lib/libexpat.1.dylib
0x000000019fa12000 	/System/Library/Frameworks/ImageIO.framework/Versions/A/Resources/libPng.dylib
0x000000019fa3d000 	/System/Library/Frameworks/ImageIO.framework/Versions/A/Resources/libTIFF.dylib
0x000000019fb25000 	/System/Library/Frameworks/ImageIO.framework/Versions/A/Resources/libGIF.dylib
0x000000019f28c000 	/System/Library/Frameworks/ImageIO.framework/Versions/A/Resources/libJP2.dylib
0x000000019e930000 	/usr/lib/libate.dylib
0x000000019facc000 	/System/Library/Frameworks/ImageIO.framework/Versions/A/Resources/libJPEG.dylib
0x000000019fac3000 	/System/Library/Frameworks/ImageIO.framework/Versions/A/Resources/libRadiance.dylib
0x00000002555a4000 	/System/Library/PrivateFrameworks/GPUCompiler.framework/Versions/32023/Libraries/libllvm-flatbuffers.dylib
0x0000000250003000 	/System/Library/PrivateFrameworks/FramePacing.framework/Versions/A/FramePacing
0x0000000233113000 	/System/Library/Frameworks/OpenGL.framework/Versions/A/Libraries/libCoreFSCache.dylib
0x0000000251131000 	/System/Library/PrivateFrameworks/GPUCompiler.framework/Versions/32023/Libraries/libGPUCompilerUtils.dylib
0x0000000194ece000 	/System/Library/Frameworks/CoreData.framework/Versions/A/CoreData
0x000000023519e000 	/System/Library/Frameworks/ExtensionFoundation.framework/Versions/A/ExtensionFoundation
0x000000019eea4000 	/System/Library/PrivateFrameworks/AppServerSupport.framework/Versions/A/AppServerSupport
0x000000026bcd7000 	/System/Library/PrivateFrameworks/OSEligibility.framework/Versions/A/OSEligibility
0x0000000236585000 	/System/Library/Frameworks/LightweightCodeRequirements.framework/Versions/A/LightweightCodeRequirements
0x000000019eb20000 	/System/Library/PrivateFrameworks/PlugInKit.framework/Versions/A/PlugInKit
0x000000019c37a000 	/System/Library/PrivateFrameworks/AssertionServices.framework/Versions/A/AssertionServices
0x000000019a854000 	/System/Library/Frameworks/CoreImage.framework/Versions/A/CoreImage
0x000000019ee54000 	/System/Library/PrivateFrameworks/GraphVisualizer.framework/Versions/A/GraphVisualizer
0x0000000233121000 	/System/Library/Frameworks/OpenGL.framework/Versions/A/OpenGL
0x0000000233172000 	/System/Library/Frameworks/OpenGL.framework/Versions/A/Libraries/libGLU.dylib
0x0000000233135000 	/System/Library/Frameworks/OpenGL.framework/Versions/A/Libraries/libGFXShared.dylib
0x0000000233302000 	/System/Library/Frameworks/OpenGL.framework/Versions/A/Libraries/libGL.dylib
0x000000023313e000 	/System/Library/Frameworks/OpenGL.framework/Versions/A/Libraries/libGLImage.dylib
0x0000000233132000 	/System/Library/Frameworks/OpenGL.framework/Versions/A/Libraries/libCVMSPluginSupport.dylib
0x000000023311b000 	/System/Library/Frameworks/OpenGL.framework/Versions/A/Libraries/libCoreVMClient.dylib
0x000000024ff0e000 	/System/Library/PrivateFrameworks/FontServices.framework/Versions/A/FontServices
0x000000019ee64000 	/System/Library/PrivateFrameworks/OTSVG.framework/Versions/A/OTSVG
0x00000001978d9000 	/System/Library/Frameworks/ApplicationServices.framework/Versions/A/Frameworks/ATS.framework/Versions/A/Resources/libFontRegistry.dylib
0x0000000291cc3000 	/usr/lib/libhvf.dylib
0x000000026c964000 	/System/Library/PrivateFrameworks/ParsingInternal.framework/Versions/A/ParsingInternal
0x000000024ff12000 	/System/Library/PrivateFrameworks/FontServices.framework/libXTFontStaticRegistryData.dylib
0x000000019ad3f000 	/System/Library/Frameworks/MetalPerformanceShaders.framework/Versions/A/Frameworks/MPSCore.framework/Versions/A/MPSCore
0x000000019cb4a000 	/System/Library/Frameworks/MetalPerformanceShaders.framework/Versions/A/Frameworks/MPSImage.framework/Versions/A/MPSImage
0x000000019c509000 	/System/Library/Frameworks/MetalPerformanceShaders.framework/Versions/A/Frameworks/MPSNeuralNetwork.framework/Versions/A/MPSNeuralNetwork
0x000000019c948000 	/System/Library/Frameworks/MetalPerformanceShaders.framework/Versions/A/Frameworks/MPSMatrix.framework/Versions/A/MPSMatrix
0x000000019c760000 	/System/Library/Frameworks/MetalPerformanceShaders.framework/Versions/A/Frameworks/MPSRayIntersector.framework/Versions/A/MPSRayIntersector
0x000000019c97a000 	/System/Library/Frameworks/MetalPerformanceShaders.framework/Versions/A/Frameworks/MPSNDArray.framework/Versions/A/MPSNDArray
0x000000023740a000 	/System/Library/Frameworks/MetalPerformanceShaders.framework/Versions/A/Frameworks/MPSFunctions.framework/Versions/A/MPSFunctions
0x00000002373eb000 	/System/Library/Frameworks/MetalPerformanceShaders.framework/Versions/A/Frameworks/MPSBenchmarkLoop.framework/Versions/A/MPSBenchmarkLoop
0x000000023741e000 	/System/Library/Frameworks/MetalPerformanceShaders.framework/Versions/A/Frameworks/MPSHost.framework/Versions/A/MPSHost
0x000000018dc8d000 	/System/Library/PrivateFrameworks/MetalTools.framework/Versions/A/MetalTools
0x00000001c006d000 	/System/Library/PrivateFrameworks/IOAccelMemoryInfo.framework/Versions/A/IOAccelMemoryInfo
0x00000001ce5db000 	/System/Library/PrivateFrameworks/kperf.framework/Versions/A/kperf
0x00000001badc8000 	/System/Library/PrivateFrameworks/GPURawCounter.framework/Versions/A/GPURawCounter
0x00000001ab7f9000 	/System/Library/PrivateFrameworks/ASEProcessing.framework/Versions/A/ASEProcessing
0x000000026fe15000 	/System/Library/PrivateFrameworks/PhotosensitivityProcessing.framework/Versions/A/PhotosensitivityProcessing
0x0000000273758000 	/System/Library/PrivateFrameworks/SILManager.framework/Versions/A/SILManager
0x00000002823b1000 	/System/Library/PrivateFrameworks/Tightbeam.framework/Versions/A/Tightbeam
0x00000001c8dd0000 	/usr/lib/swift/libswiftCompression.dylib
0x00000001d341d000 	/System/Library/PrivateFrameworks/AFKUser.framework/Versions/A/AFKUser
0x00000001a11cf000 	/System/Library/Frameworks/AudioToolbox.framework/Versions/A/AudioToolbox
0x000000018ff37000 	/System/Library/PrivateFrameworks/AudioToolboxCore.framework/Versions/A/AudioToolboxCore
0x00000001a13a5000 	/System/Library/PrivateFrameworks/AudioSession.framework/Versions/A/AudioSession
0x00000001aca7d000 	/System/Library/Frameworks/CoreMIDI.framework/Versions/A/CoreMIDI
0x00000001a1426000 	/usr/lib/libAudioStatistics.dylib
0x0000000199d22000 	/System/Library/PrivateFrameworks/caulk.framework/Versions/A/caulk
0x0000000190524000 	/System/Library/Frameworks/CoreAudio.framework/Versions/A/CoreAudio
0x000000019f9ec000 	/usr/lib/libAudioToolboxUtility.dylib
0x00000001c173d000 	/usr/lib/swift/libswiftCoreMIDI.dylib
0x00000001a1830000 	/System/Library/PrivateFrameworks/perfdata.framework/Versions/A/perfdata
0x00000001b9dc7000 	/System/Library/PrivateFrameworks/SystemPolicy.framework/Versions/A/SystemPolicy
0x00000001a16d4000 	/usr/lib/libSMC.dylib
0x00000001a183e000 	/usr/lib/libperfcheck.dylib
0x0000000242aae000 	/System/Library/PrivateFrameworks/AudioAnalytics.framework/Versions/A/AudioAnalytics
0x00000001e0d7e000 	/System/Library/Frameworks/OSLog.framework/Versions/A/OSLog
0x00000001bad6d000 	/usr/lib/libmis.dylib
0x000000019ed65000 	/System/Library/PrivateFrameworks/MediaExperience.framework/Versions/A/MediaExperience
0x00000001a1179000 	/System/Library/PrivateFrameworks/AudioSession.framework/libSessionUtility.dylib
0x000000019fb2b000 	/System/Library/PrivateFrameworks/CMCaptureCore.framework/Versions/A/CMCaptureCore
0x000000019eeb1000 	/usr/lib/libspindump.dylib
0x00000001b2a5e000 	/System/Library/PrivateFrameworks/HID.framework/Versions/A/HID
0x000000018e671000 	/System/Library/PrivateFrameworks/Lexicon.framework/Versions/A/Lexicon
0x000000019af2e000 	/System/Library/PrivateFrameworks/LinguisticData.framework/Versions/A/LinguisticData
0x00000001a7b57000 	/System/Library/PrivateFrameworks/GraphicsServices.framework/Versions/A/GraphicsServices
0x0000000197bf0000 	/System/Library/Frameworks/OpenDirectory.framework/Versions/A/OpenDirectory
0x0000000197bfe000 	/System/Library/Frameworks/OpenDirectory.framework/Versions/A/Frameworks/CFOpenDirectory.framework/Versions/A/CFOpenDirectory
0x0000000286b29000 	/System/Library/PrivateFrameworks/VideoToolboxParavirtualizationSupport.framework/Versions/A/VideoToolboxParavirtualizationSupport
0x000000019ebd7000 	/System/Library/PrivateFrameworks/AppleVA.framework/Versions/A/AppleVA
0x000000019fabe000 	/System/Library/PrivateFrameworks/GPUWrangler.framework/Versions/A/GPUWrangler
0x000000019fa9e000 	/System/Library/PrivateFrameworks/IOPresentment.framework/Versions/A/IOPresentment
0x000000019fac6000 	/System/Library/PrivateFrameworks/DSExternalDisplay.framework/Versions/A/DSExternalDisplay
0x00000001a6c36000 	/System/Library/PrivateFrameworks/MediaKit.framework/Versions/A/MediaKit
0x00000001a6b84000 	/System/Library/Frameworks/DiscRecording.framework/Versions/A/DiscRecording
0x00000002424cd000 	/System/Library/PrivateFrameworks/AppleMobileFileIntegrity.framework/Versions/A/AppleMobileFileIntegrity
0x0000000291261000 	/usr/lib/libTLE.dylib
0x00000001f29f1000 	/System/Library/PrivateFrameworks/ConfigProfileHelper.framework/Versions/A/ConfigProfileHelper
0x00000001e7155000 	/usr/lib/libedit.3.dylib
0x0000000261a04000 	/System/Library/PrivateFrameworks/MIL.framework/Versions/A/MIL
0x00000001c0030000 	/usr/lib/libncurses.5.4.dylib
0x00000001a1814000 	/System/Library/PrivateFrameworks/NetAuth.framework/Versions/A/NetAuth
0x0000000197e14000 	/System/Library/PrivateFrameworks/login.framework/Versions/A/Frameworks/loginsupport.framework/Versions/A/loginsupport
0x00000001e1269000 	/System/Library/PrivateFrameworks/HIDDisplay.framework/Versions/A/HIDDisplay
0x00000001a184c000 	/System/Library/Frameworks/Kerberos.framework/Versions/A/Kerberos
0x00000001a14bc000 	/usr/lib/libresolv.9.dylib
0x000000019eeb8000 	/System/Library/PrivateFrameworks/Heimdal.framework/Versions/A/Heimdal
0x00000001aa660000 	/System/Library/Frameworks/Kerberos.framework/Versions/A/Libraries/libHeimdalProxy.dylib
0x00000001a18b0000 	/System/Library/PrivateFrameworks/CommonAuth.framework/Versions/A/CommonAuth
0x000000019bfbe000 	/System/Library/Frameworks/Accelerate.framework/Versions/A/Frameworks/vecLib.framework/Versions/A/libvDSP.dylib
0x000000019d5b3000 	/System/Library/Frameworks/Accelerate.framework/Versions/A/Frameworks/vecLib.framework/Versions/A/libLAPACK.dylib
0x000000019c4f5000 	/System/Library/Frameworks/Accelerate.framework/Versions/A/Frameworks/vecLib.framework/Versions/A/libLinearAlgebra.dylib
0x000000019d427000 	/System/Library/Frameworks/Accelerate.framework/Versions/A/Frameworks/vecLib.framework/Versions/A/libSparseBLAS.dylib
0x000000019d5ae000 	/System/Library/Frameworks/Accelerate.framework/Versions/A/Frameworks/vecLib.framework/Versions/A/libQuadrature.dylib
0x000000019af35000 	/System/Library/Frameworks/Accelerate.framework/Versions/A/Frameworks/vecLib.framework/Versions/A/libBNNS.dylib
0x000000018e781000 	/System/Library/Frameworks/Accelerate.framework/Versions/A/Frameworks/vecLib.framework/Versions/A/libSparse.dylib
0x000000025cf27000 	/System/Library/PrivateFrameworks/InstalledContentLibrary.framework/Versions/A/InstalledContentLibrary
0x00000001916f2000 	/System/Library/PrivateFrameworks/CoreServicesStore.framework/Versions/A/CoreServicesStore
0x0000000197c5f000 	/usr/lib/libapp_launch_measurement.dylib
0x00000001ce6f2000 	/System/Library/PrivateFrameworks/MobileSystemServices.framework/Versions/A/MobileSystemServices
0x000000019e883000 	/usr/lib/libxslt.1.dylib
0x00000001a9b37000 	/System/Library/PrivateFrameworks/DiskImages.framework/Versions/A/DiskImages
0x00000001b7653000 	/System/Library/Frameworks/NetFS.framework/Versions/A/NetFS
0x00000001a9cf2000 	/usr/lib/libcurl.4.dylib
0x0000000291a77000 	/usr/lib/libcrypto.46.dylib
0x00000002925fa000 	/usr/lib/libssl.48.dylib
0x00000001a99cc000 	/System/Library/Frameworks/LDAP.framework/Versions/A/LDAP
0x00000001a9a08000 	/System/Library/PrivateFrameworks/TrustEvaluationAgent.framework/Versions/A/TrustEvaluationAgent
0x00000001a14d9000 	/usr/lib/libsasl2.2.dylib
0x00000001a5953000 	/usr/lib/libpanel.5.4.dylib
0x0000000103aa8000 	/Users/chaeyeong/Developer/sk-encoa/dl-workspace/.venv/lib/python3.12/site-packages/zmq/backend/cython/_zmq.abi3.so
0x000000010878c000 	/Users/chaeyeong/Developer/sk-encoa/dl-workspace/.venv/lib/python3.12/site-packages/zmq/.dylibs/libzmq.5.dylib
0x0000000108594000 	/Users/chaeyeong/Developer/sk-encoa/dl-workspace/.venv/lib/python3.12/site-packages/zmq/.dylibs/libsodium.26.dylib
0x0000000104004000 	/Users/chaeyeong/Developer/sk-encoa/dl-workspace/.venv/lib/python3.12/site-packages/tornado/speedups.abi3.so
0x000000010855c000 	/Users/chaeyeong/Developer/sk-encoa/dl-workspace/.venv/lib/python3.12/site-packages/psutil/_psutil_osx.abi3.so
0x0000000109630000 	/Users/chaeyeong/Developer/sk-encoa/dl-workspace/.venv/lib/python3.12/site-packages/debugpy/_vendored/pydevd/_pydevd_bundle/pydevd_cython.cpython-312-darwin.so
0x0000000109778000 	/Users/chaeyeong/Developer/sk-encoa/dl-workspace/.venv/lib/python3.12/site-packages/debugpy/_vendored/pydevd/_pydevd_sys_monitoring/_pydevd_sys_monitoring_cython.cpython-312-darwin.so
0x0000000104030000 	/Users/chaeyeong/Developer/sk-encoa/dl-workspace/.venv/lib/python3.12/site-packages/sklearn/__check_build/_check_build.cpython-312-darwin.so
0x000000010f000000 	/Users/chaeyeong/Developer/sk-encoa/dl-workspace/.venv/lib/python3.12/site-packages/numpy/_core/_multiarray_umath.cpython-312-darwin.so
0x00000001096b0000 	/Users/chaeyeong/Developer/sk-encoa/dl-workspace/.venv/lib/python3.12/site-packages/numpy/linalg/_umath_linalg.cpython-312-darwin.so
0x0000000108760000 	/Users/chaeyeong/Developer/sk-encoa/dl-workspace/.venv/lib/python3.12/site-packages/scipy/_lib/_ccallback_c.cpython-312-darwin.so
0x0000000109704000 	/Users/chaeyeong/Developer/sk-encoa/dl-workspace/.venv/lib/python3.12/site-packages/scipy/_cyutility.cpython-312-darwin.so
0x000000010f768000 	/Users/chaeyeong/Developer/sk-encoa/dl-workspace/.venv/lib/python3.12/site-packages/scipy/sparse/_sparsetools.cpython-312-darwin.so
0x000000010f43c000 	/Users/chaeyeong/Developer/sk-encoa/dl-workspace/.venv/lib/python3.12/site-packages/numpy/fft/_pocketfft_umath.cpython-312-darwin.so
0x000000010fae8000 	/Users/chaeyeong/Developer/sk-encoa/dl-workspace/.venv/lib/python3.12/site-packages/charset_normalizer/cd.cpython-312-darwin.so
0x0000000109730000 	/Users/chaeyeong/Developer/sk-encoa/dl-workspace/.venv/lib/python3.12/site-packages/charset_normalizer/md.cpython-312-darwin.so
0x000000010f690000 	/Users/chaeyeong/Developer/sk-encoa/dl-workspace/.venv/lib/python3.12/site-packages/numpy/random/_bounded_integers.cpython-312-darwin.so
0x000000010f6d8000 	/Users/chaeyeong/Developer/sk-encoa/dl-workspace/.venv/lib/python3.12/site-packages/numpy/random/bit_generator.cpython-312-darwin.so
0x000000010f70c000 	/Users/chaeyeong/Developer/sk-encoa/dl-workspace/.venv/lib/python3.12/site-packages/numpy/random/_common.cpython-312-darwin.so
0x000000010fe44000 	/Users/chaeyeong/Developer/sk-encoa/dl-workspace/.venv/lib/python3.12/site-packages/numpy/random/_generator.cpython-312-darwin.so
0x000000010f3e8000 	/Users/chaeyeong/Developer/sk-encoa/dl-workspace/.venv/lib/python3.12/site-packages/numpy/random/_pcg64.cpython-312-darwin.so
0x0000000109fdc000 	/Users/chaeyeong/Developer/sk-encoa/dl-workspace/.venv/lib/python3.12/site-packages/numpy/random/_mt19937.cpython-312-darwin.so
0x000000010f410000 	/Users/chaeyeong/Developer/sk-encoa/dl-workspace/.venv/lib/python3.12/site-packages/numpy/random/_philox.cpython-312-darwin.so
0x0000000108740000 	/Users/chaeyeong/Developer/sk-encoa/dl-workspace/.venv/lib/python3.12/site-packages/numpy/random/_sfc64.cpython-312-darwin.so
0x000000010fee8000 	/Users/chaeyeong/Developer/sk-encoa/dl-workspace/.venv/lib/python3.12/site-packages/numpy/random/mtrand.cpython-312-darwin.so
0x0000000110170000 	/Users/chaeyeong/Developer/sk-encoa/dl-workspace/.venv/lib/python3.12/site-packages/scipy/sparse/_csparsetools.cpython-312-darwin.so
0x0000000110678000 	/Users/chaeyeong/Developer/sk-encoa/dl-workspace/.venv/lib/python3.12/site-packages/scipy/special/_ufuncs.cpython-312-darwin.so
0x0000000110894000 	/Users/chaeyeong/Developer/sk-encoa/dl-workspace/.venv/lib/python3.12/site-packages/scipy/special/_ufuncs_cxx.cpython-312-darwin.so
0x00000001096d8000 	/Users/chaeyeong/Developer/sk-encoa/dl-workspace/.venv/lib/python3.12/site-packages/scipy/special/_ellip_harm_2.cpython-312-darwin.so
0x00000001105d0000 	/Users/chaeyeong/Developer/sk-encoa/dl-workspace/.venv/lib/python3.12/site-packages/scipy/linalg/_fblas.cpython-312-darwin.so
0x0000000110bd4000 	/Users/chaeyeong/Developer/sk-encoa/dl-workspace/.venv/lib/python3.12/site-packages/scipy/linalg/_flapack.cpython-312-darwin.so
0x000000010fde8000 	/Users/chaeyeong/Developer/sk-encoa/dl-workspace/.venv/lib/python3.12/site-packages/scipy/linalg/_batched_linalg.cpython-312-darwin.so
0x0000000110724000 	/Users/chaeyeong/Developer/sk-encoa/dl-workspace/.venv/lib/python3.12/site-packages/scipy/linalg/_cythonized_array_utils.cpython-312-darwin.so
0x0000000110858000 	/Users/chaeyeong/Developer/sk-encoa/dl-workspace/.venv/lib/python3.12/site-packages/scipy/linalg/_solve_toeplitz.cpython-312-darwin.so
0x000000010fda4000 	/Users/chaeyeong/Developer/sk-encoa/dl-workspace/.venv/lib/python3.12/site-packages/scipy/linalg/_internal_matfuncs.cpython-312-darwin.so
0x0000000110a04000 	/Users/chaeyeong/Developer/sk-encoa/dl-workspace/.venv/lib/python3.12/site-packages/scipy/linalg/_linalg_pythran.cpython-312-darwin.so
0x0000000110a68000 	/Users/chaeyeong/Developer/sk-encoa/dl-workspace/.venv/lib/python3.12/site-packages/scipy/linalg/_decomp_update.cpython-312-darwin.so
0x0000000110aa8000 	/Users/chaeyeong/Developer/sk-encoa/dl-workspace/.venv/lib/python3.12/site-packages/scipy/linalg/cython_blas.cpython-312-darwin.so
0x0000000110b2c000 	/Users/chaeyeong/Developer/sk-encoa/dl-workspace/.venv/lib/python3.12/site-packages/scipy/linalg/cython_lapack.cpython-312-darwin.so
0x0000000110ebc000 	/Users/chaeyeong/Developer/sk-encoa/dl-workspace/.venv/lib/python3.12/site-packages/scipy/special/_special_ufuncs.cpython-312-darwin.so
0x0000000110fd4000 	/Users/chaeyeong/Developer/sk-encoa/dl-workspace/.venv/lib/python3.12/site-packages/scipy/special/_gufuncs.cpython-312-darwin.so
0x0000000110ad0000 	/Users/chaeyeong/Developer/sk-encoa/dl-workspace/.venv/lib/python3.12/site-packages/scipy/special/_specfun.cpython-312-darwin.so
0x0000000108578000 	/Users/chaeyeong/Developer/sk-encoa/dl-workspace/.venv/lib/python3.12/site-packages/scipy/special/_comb.cpython-312-darwin.so
0x0000000111170000 	/Users/chaeyeong/Developer/sk-encoa/dl-workspace/.venv/lib/python3.12/site-packages/scipy/sparse/linalg/_dsolve/_superlu.cpython-312-darwin.so
0x0000000110b00000 	/Users/chaeyeong/Developer/sk-encoa/dl-workspace/.venv/lib/python3.12/site-packages/scipy/sparse/linalg/_eigen/arpack/_arpacklib.cpython-312-darwin.so
0x0000000110a28000 	/Users/chaeyeong/Developer/sk-encoa/dl-workspace/.venv/lib/python3.12/site-packages/scipy/sparse/linalg/_propack.cpython-312-darwin.so
0x000000011123c000 	/Users/chaeyeong/Developer/sk-encoa/dl-workspace/.venv/lib/python3.12/site-packages/scipy/spatial/_ckdtree.cpython-312-darwin.so
0x000000010fdc4000 	/Users/chaeyeong/Developer/sk-encoa/dl-workspace/.venv/lib/python3.12/site-packages/scipy/spatial/_hausdorff.cpython-312-darwin.so
0x000000011134c000 	/Users/chaeyeong/Developer/sk-encoa/dl-workspace/.venv/lib/python3.12/site-packages/scipy/spatial/_distance_pybind.cpython-312-darwin.so
0x0000000110658000 	/Users/chaeyeong/Developer/sk-encoa/dl-workspace/.venv/lib/python3.12/site-packages/scipy/spatial/_distance_wrap.cpython-312-darwin.so
0x000000011148c000 	/Users/chaeyeong/Developer/sk-encoa/dl-workspace/.venv/lib/python3.12/site-packages/scipy/spatial/_qhull.cpython-312-darwin.so
0x000000010fe2c000 	/Users/chaeyeong/Developer/sk-encoa/dl-workspace/.venv/lib/python3.12/site-packages/scipy/_lib/messagestream.cpython-312-darwin.so
0x000000011087c000 	/Users/chaeyeong/Developer/sk-encoa/dl-workspace/.venv/lib/python3.12/site-packages/scipy/spatial/_voronoi.cpython-312-darwin.so
0x00000001112c0000 	/Users/chaeyeong/Developer/sk-encoa/dl-workspace/.venv/lib/python3.12/site-packages/scipy/spatial/transform/_rotation_cy.cpython-312-darwin.so
0x00000001111b8000 	/Users/chaeyeong/Developer/sk-encoa/dl-workspace/.venv/lib/python3.12/site-packages/scipy/spatial/transform/_rigid_transform_cy.cpython-312-darwin.so
0x0000000110a4c000 	/Users/chaeyeong/Developer/sk-encoa/dl-workspace/.venv/lib/python3.12/site-packages/scipy/optimize/_group_columns.cpython-312-darwin.so
0x00000001111f0000 	/Users/chaeyeong/Developer/sk-encoa/dl-workspace/.venv/lib/python3.12/site-packages/scipy/optimize/_trlib/_trlib.cpython-312-darwin.so
0x000000010f748000 	/Users/chaeyeong/Developer/sk-encoa/dl-workspace/.venv/lib/python3.12/site-packages/scipy/optimize/_lbfgsb.cpython-312-darwin.so
0x0000000110bac000 	/Users/chaeyeong/Developer/sk-encoa/dl-workspace/.venv/lib/python3.12/site-packages/scipy/optimize/_moduleTNC.cpython-312-darwin.so
0x0000000110b88000 	/Users/chaeyeong/Developer/sk-encoa/dl-workspace/.venv/lib/python3.12/site-packages/scipy/optimize/_slsqplib.cpython-312-darwin.so
0x0000000111324000 	/Users/chaeyeong/Developer/sk-encoa/dl-workspace/.venv/lib/python3.12/site-packages/scipy/optimize/_minpack.cpython-312-darwin.so
0x0000000111220000 	/Users/chaeyeong/Developer/sk-encoa/dl-workspace/.venv/lib/python3.12/site-packages/scipy/optimize/_lsq/givens_elimination.cpython-312-darwin.so
0x00000001096f4000 	/Users/chaeyeong/Developer/sk-encoa/dl-workspace/.venv/lib/python3.12/site-packages/scipy/optimize/_zeros.cpython-312-darwin.so
0x0000000111cb4000 	/Users/chaeyeong/Developer/sk-encoa/dl-workspace/.venv/lib/python3.12/site-packages/scipy/optimize/_highspy/_core.cpython-312-darwin.so
0x00000001118a0000 	/Users/chaeyeong/Developer/sk-encoa/dl-workspace/.venv/lib/python3.12/site-packages/scipy/optimize/_highspy/_highs_options.cpython-312-darwin.so
0x0000000111904000 	/Users/chaeyeong/Developer/sk-encoa/dl-workspace/.venv/lib/python3.12/site-packages/scipy/linalg/_decomp_interpolative.cpython-312-darwin.so
0x00000001113f8000 	/Users/chaeyeong/Developer/sk-encoa/dl-workspace/.venv/lib/python3.12/site-packages/scipy/_lib/_uarray/_uarray.cpython-312-darwin.so
0x0000000111adc000 	/Users/chaeyeong/Developer/sk-encoa/dl-workspace/.venv/lib/python3.12/site-packages/scipy/fft/_duccfft/pyduccfft.cpython-312-darwin.so
0x0000000111444000 	/Users/chaeyeong/Developer/sk-encoa/dl-workspace/.venv/lib/python3.12/site-packages/scipy/optimize/_bglu_dense.cpython-312-darwin.so
0x0000000110b9c000 	/Users/chaeyeong/Developer/sk-encoa/dl-workspace/.venv/lib/python3.12/site-packages/scipy/optimize/_lsap.cpython-312-darwin.so
0x000000011198c000 	/Users/chaeyeong/Developer/sk-encoa/dl-workspace/.venv/lib/python3.12/site-packages/scipy/optimize/_pava_pybind.cpython-312-darwin.so
0x0000000110ea4000 	/Users/chaeyeong/Developer/sk-encoa/dl-workspace/.venv/lib/python3.12/site-packages/scipy/optimize/_direct.cpython-312-darwin.so
0x0000000111418000 	/Users/chaeyeong/Developer/sk-encoa/dl-workspace/.venv/lib/python3.12/site-packages/scipy/integrate/_odepack.cpython-312-darwin.so
0x0000000111470000 	/Users/chaeyeong/Developer/sk-encoa/dl-workspace/.venv/lib/python3.12/site-packages/scipy/integrate/_quadpack.cpython-312-darwin.so
0x0000000111740000 	/Users/chaeyeong/Developer/sk-encoa/dl-workspace/.venv/lib/python3.12/site-packages/scipy/integrate/_vode.cpython-312-darwin.so
0x0000000111760000 	/Users/chaeyeong/Developer/sk-encoa/dl-workspace/.venv/lib/python3.12/site-packages/scipy/integrate/_dop.cpython-312-darwin.so
0x0000000111c68000 	/Users/chaeyeong/Developer/sk-encoa/dl-workspace/.venv/lib/python3.12/site-packages/scipy/interpolate/_fitpack.cpython-312-darwin.so
0x0000000111c2c000 	/Users/chaeyeong/Developer/sk-encoa/dl-workspace/.venv/lib/python3.12/site-packages/scipy/interpolate/_dierckx.cpython-312-darwin.so
0x0000000112314000 	/Users/chaeyeong/Developer/sk-encoa/dl-workspace/.venv/lib/python3.12/site-packages/scipy/interpolate/_ppoly.cpython-312-darwin.so
0x0000000112380000 	/Users/chaeyeong/Developer/sk-encoa/dl-workspace/.venv/lib/python3.12/site-packages/scipy/interpolate/_interpnd.cpython-312-darwin.so
0x0000000112404000 	/Users/chaeyeong/Developer/sk-encoa/dl-workspace/.venv/lib/python3.12/site-packages/scipy/interpolate/_rbfinterp_pythran.cpython-312-darwin.so
0x0000000111c48000 	/Users/chaeyeong/Developer/sk-encoa/dl-workspace/.venv/lib/python3.12/site-packages/scipy/interpolate/_rgi_cython.cpython-312-darwin.so
0x00000001125b0000 	/Users/chaeyeong/Developer/sk-encoa/dl-workspace/.venv/lib/python3.12/site-packages/scipy/stats/_stats.cpython-312-darwin.so
0x00000001127b0000 	/Users/chaeyeong/Developer/sk-encoa/dl-workspace/.venv/lib/python3.12/site-packages/scipy/special/cython_special.cpython-312-darwin.so
0x0000000112348000 	/Users/chaeyeong/Developer/sk-encoa/dl-workspace/.venv/lib/python3.12/site-packages/scipy/stats/_biasedurn.cpython-312-darwin.so
0x00000001113d8000 	/Users/chaeyeong/Developer/sk-encoa/dl-workspace/.venv/lib/python3.12/site-packages/scipy/stats/_levy_stable/levyst.cpython-312-darwin.so
0x00000001123b8000 	/Users/chaeyeong/Developer/sk-encoa/dl-workspace/.venv/lib/python3.12/site-packages/scipy/stats/_stats_pythran.cpython-312-darwin.so
0x00000001123e0000 	/Users/chaeyeong/Developer/sk-encoa/dl-workspace/.venv/lib/python3.12/site-packages/scipy/stats/_ansari_swilk_statistics.cpython-312-darwin.so
0x0000000112710000 	/Users/chaeyeong/Developer/sk-encoa/dl-workspace/.venv/lib/python3.12/site-packages/scipy/sparse/csgraph/_shortest_path.cpython-312-darwin.so
0x0000000112550000 	/Users/chaeyeong/Developer/sk-encoa/dl-workspace/.venv/lib/python3.12/site-packages/scipy/sparse/csgraph/_tools.cpython-312-darwin.so
0x0000000112a50000 	/Users/chaeyeong/Developer/sk-encoa/dl-workspace/.venv/lib/python3.12/site-packages/scipy/sparse/csgraph/_traversal.cpython-312-darwin.so
0x000000011257c000 	/Users/chaeyeong/Developer/sk-encoa/dl-workspace/.venv/lib/python3.12/site-packages/scipy/sparse/csgraph/_min_spanning_tree.cpython-312-darwin.so
0x0000000112768000 	/Users/chaeyeong/Developer/sk-encoa/dl-workspace/.venv/lib/python3.12/site-packages/scipy/sparse/csgraph/_flow.cpython-312-darwin.so
0x0000000112b98000 	/Users/chaeyeong/Developer/sk-encoa/dl-workspace/.venv/lib/python3.12/site-packages/scipy/sparse/csgraph/_matching.cpython-312-darwin.so
0x0000000112bc4000 	/Users/chaeyeong/Developer/sk-encoa/dl-workspace/.venv/lib/python3.12/site-packages/scipy/sparse/csgraph/_reordering.cpython-312-darwin.so
0x0000000112bec000 	/Users/chaeyeong/Developer/sk-encoa/dl-workspace/.venv/lib/python3.12/site-packages/scipy/stats/_sobol.cpython-312-darwin.so
0x0000000112c18000 	/Users/chaeyeong/Developer/sk-encoa/dl-workspace/.venv/lib/python3.12/site-packages/scipy/stats/_qmc_cy.cpython-312-darwin.so
0x0000000112794000 	/Users/chaeyeong/Developer/sk-encoa/dl-workspace/.venv/lib/python3.12/site-packages/scipy/stats/_rcont/rcont.cpython-312-darwin.so
0x0000000112c38000 	/Users/chaeyeong/Developer/sk-encoa/dl-workspace/.venv/lib/python3.12/site-packages/scipy/stats/_qmvnt_cy.cpython-312-darwin.so
0x0000000112d5c000 	/Users/chaeyeong/Developer/sk-encoa/dl-workspace/.venv/lib/python3.12/site-packages/scipy/ndimage/_nd_image.cpython-312-darwin.so
0x0000000111430000 	/Users/chaeyeong/Developer/sk-encoa/dl-workspace/.venv/lib/python3.12/site-packages/scipy/ndimage/_rank_filter_1d.cpython-312-darwin.so
0x0000000112d84000 	/Users/chaeyeong/Developer/sk-encoa/dl-workspace/.venv/lib/python3.12/site-packages/scipy/ndimage/_ni_label.cpython-312-darwin.so
0x0000000113110000 	/Users/chaeyeong/Developer/sk-encoa/dl-workspace/.venv/lib/python3.12/site-packages/pyarrow/lib.cpython-312-darwin.so
0x0000000113478000 	/Users/chaeyeong/Developer/sk-encoa/dl-workspace/.venv/lib/python3.12/site-packages/pyarrow/libarrow_python.2500.dylib
0x0000000113b0c000 	/Users/chaeyeong/Developer/sk-encoa/dl-workspace/.venv/lib/python3.12/site-packages/pyarrow/libarrow_substrait.2500.dylib
0x000000011365c000 	/Users/chaeyeong/Developer/sk-encoa/dl-workspace/.venv/lib/python3.12/site-packages/pyarrow/libarrow_dataset.2500.dylib
0x0000000114450000 	/Users/chaeyeong/Developer/sk-encoa/dl-workspace/.venv/lib/python3.12/site-packages/pyarrow/libparquet.2500.dylib
0x0000000113fbc000 	/Users/chaeyeong/Developer/sk-encoa/dl-workspace/.venv/lib/python3.12/site-packages/pyarrow/libarrow_acero.2500.dylib
0x0000000115770000 	/Users/chaeyeong/Developer/sk-encoa/dl-workspace/.venv/lib/python3.12/site-packages/pyarrow/libarrow_compute.2500.dylib
0x0000000119158000 	/Users/chaeyeong/Developer/sk-encoa/dl-workspace/.venv/lib/python3.12/site-packages/pyarrow/libarrow.2500.dylib
0x00000001122e0000 	/Users/chaeyeong/Developer/sk-encoa/dl-workspace/.venv/lib/python3.12/site-packages/pandas/_libs/pandas_parser.cpython-312-darwin.so
0x00000001122f4000 	/Users/chaeyeong/Developer/sk-encoa/dl-workspace/.venv/lib/python3.12/site-packages/pandas/_libs/pandas_datetime.cpython-312-darwin.so
0x00000001139f4000 	/Users/chaeyeong/Developer/sk-encoa/dl-workspace/.venv/lib/python3.12/site-packages/pandas/_libs/interval.cpython-312-darwin.so
0x0000000114d24000 	/Users/chaeyeong/Developer/sk-encoa/dl-workspace/.venv/lib/python3.12/site-packages/pandas/_libs/hashtable.cpython-312-darwin.so
0x0000000113054000 	/Users/chaeyeong/Developer/sk-encoa/dl-workspace/.venv/lib/python3.12/site-packages/pandas/_libs/missing.cpython-312-darwin.so
0x0000000113088000 	/Users/chaeyeong/Developer/sk-encoa/dl-workspace/.venv/lib/python3.12/site-packages/pandas/_libs/tslibs/dtypes.cpython-312-darwin.so
0x0000000112f14000 	/Users/chaeyeong/Developer/sk-encoa/dl-workspace/.venv/lib/python3.12/site-packages/pandas/_libs/tslibs/ccalendar.cpython-312-darwin.so
0x00000001130e0000 	/Users/chaeyeong/Developer/sk-encoa/dl-workspace/.venv/lib/python3.12/site-packages/pandas/_libs/_cyutility.cpython-312-darwin.so
0x00000001138fc000 	/Users/chaeyeong/Developer/sk-encoa/dl-workspace/.venv/lib/python3.12/site-packages/pandas/_libs/tslibs/np_datetime.cpython-312-darwin.so
0x0000000113924000 	/Users/chaeyeong/Developer/sk-encoa/dl-workspace/.venv/lib/python3.12/site-packages/pandas/_libs/tslibs/conversion.cpython-312-darwin.so
0x00000001130b4000 	/Users/chaeyeong/Developer/sk-encoa/dl-workspace/.venv/lib/python3.12/site-packages/pandas/_libs/tslibs/base.cpython-312-darwin.so
0x00000001142cc000 	/Users/chaeyeong/Developer/sk-encoa/dl-workspace/.venv/lib/python3.12/site-packages/pandas/_libs/tslibs/offsets.cpython-312-darwin.so
0x00000001141dc000 	/Users/chaeyeong/Developer/sk-encoa/dl-workspace/.venv/lib/python3.12/site-packages/pandas/_libs/tslibs/timestamps.cpython-312-darwin.so
0x0000000113988000 	/Users/chaeyeong/Developer/sk-encoa/dl-workspace/.venv/lib/python3.12/site-packages/pandas/_libs/tslibs/nattype.cpython-312-darwin.so
0x00000001143c0000 	/Users/chaeyeong/Developer/sk-encoa/dl-workspace/.venv/lib/python3.12/site-packages/pandas/_libs/tslibs/timedeltas.cpython-312-darwin.so
0x00000001139c0000 	/Users/chaeyeong/Developer/sk-encoa/dl-workspace/.venv/lib/python3.12/site-packages/pandas/_libs/tslibs/timezones.cpython-312-darwin.so
0x0000000113950000 	/Users/chaeyeong/Developer/sk-encoa/dl-workspace/.venv/lib/python3.12/site-packages/pandas/_libs/properties.cpython-312-darwin.so
0x0000000114288000 	/Users/chaeyeong/Developer/sk-encoa/dl-workspace/.venv/lib/python3.12/site-packages/pandas/_libs/tslibs/fields.cpython-312-darwin.so
0x0000000114ff4000 	/Users/chaeyeong/Developer/sk-encoa/dl-workspace/.venv/lib/python3.12/site-packages/pandas/_libs/tslibs/tzconversion.cpython-312-darwin.so
0x0000000115060000 	/Users/chaeyeong/Developer/sk-encoa/dl-workspace/.venv/lib/python3.12/site-packages/pandas/_libs/tslibs/parsing.cpython-312-darwin.so
0x0000000115020000 	/Users/chaeyeong/Developer/sk-encoa/dl-workspace/.venv/lib/python3.12/site-packages/pandas/_libs/tslibs/strptime.cpython-312-darwin.so
0x00000001150fc000 	/Users/chaeyeong/Developer/sk-encoa/dl-workspace/.venv/lib/python3.12/site-packages/pandas/_libs/tslibs/period.cpython-312-darwin.so
0x00000001150a0000 	/Users/chaeyeong/Developer/sk-encoa/dl-workspace/.venv/lib/python3.12/site-packages/pandas/_libs/tslibs/vectorized.cpython-312-darwin.so
0x000000011259c000 	/Users/chaeyeong/Developer/sk-encoa/dl-workspace/.venv/lib/python3.12/site-packages/pandas/_libs/ops_dispatch.cpython-312-darwin.so
0x00000001152e4000 	/Users/chaeyeong/Developer/sk-encoa/dl-workspace/.venv/lib/python3.12/site-packages/pandas/_libs/algos.cpython-312-darwin.so
0x0000000115504000 	/Users/chaeyeong/Developer/sk-encoa/dl-workspace/.venv/lib/python3.12/site-packages/pandas/_libs/lib.cpython-312-darwin.so
0x0000000116604000 	/Users/chaeyeong/Developer/sk-encoa/dl-workspace/.venv/lib/python3.12/site-packages/pyarrow/_compute.cpython-312-darwin.so
0x00000001150c4000 	/Users/chaeyeong/Developer/sk-encoa/dl-workspace/.venv/lib/python3.12/site-packages/pandas/_libs/ops.cpython-312-darwin.so
0x000000011396c000 	/Users/chaeyeong/Developer/sk-encoa/dl-workspace/.venv/lib/python3.12/site-packages/pandas/_libs/hashing.cpython-312-darwin.so
0x0000000115258000 	/Users/chaeyeong/Developer/sk-encoa/dl-workspace/.venv/lib/python3.12/site-packages/pandas/_libs/arrays.cpython-312-darwin.so
0x000000011527c000 	/Users/chaeyeong/Developer/sk-encoa/dl-workspace/.venv/lib/python3.12/site-packages/pandas/_libs/tslib.cpython-312-darwin.so
0x0000000116920000 	/Users/chaeyeong/Developer/sk-encoa/dl-workspace/.venv/lib/python3.12/site-packages/pandas/_libs/sparse.cpython-312-darwin.so
0x00000001154bc000 	/Users/chaeyeong/Developer/sk-encoa/dl-workspace/.venv/lib/python3.12/site-packages/pandas/_libs/internals.cpython-312-darwin.so
0x0000000113aec000 	/Users/chaeyeong/Developer/sk-encoa/dl-workspace/.venv/lib/python3.12/site-packages/pandas/_libs/indexing.cpython-312-darwin.so
0x0000000116bd4000 	/Users/chaeyeong/Developer/sk-encoa/dl-workspace/.venv/lib/python3.12/site-packages/pandas/_libs/index.cpython-312-darwin.so
0x0000000114250000 	/Users/chaeyeong/Developer/sk-encoa/dl-workspace/.venv/lib/python3.12/site-packages/pandas/_libs/writers.cpython-312-darwin.so
0x0000000116d6c000 	/Users/chaeyeong/Developer/sk-encoa/dl-workspace/.venv/lib/python3.12/site-packages/pandas/_libs/join.cpython-312-darwin.so
0x00000001156f8000 	/Users/chaeyeong/Developer/sk-encoa/dl-workspace/.venv/lib/python3.12/site-packages/pandas/_libs/window/aggregations.cpython-312-darwin.so
0x0000000115474000 	/Users/chaeyeong/Developer/sk-encoa/dl-workspace/.venv/lib/python3.12/site-packages/pandas/_libs/window/indexers.cpython-312-darwin.so
0x0000000115698000 	/Users/chaeyeong/Developer/sk-encoa/dl-workspace/.venv/lib/python3.12/site-packages/pandas/_libs/reshape.cpython-312-darwin.so
0x000000011734c000 	/Users/chaeyeong/Developer/sk-encoa/dl-workspace/.venv/lib/python3.12/site-packages/pandas/_libs/groupby.cpython-312-darwin.so
0x0000000112ef4000 	/Users/chaeyeong/Developer/sk-encoa/dl-workspace/.venv/lib/python3.12/site-packages/pandas/_libs/json.cpython-312-darwin.so
0x0000000116ce0000 	/Users/chaeyeong/Developer/sk-encoa/dl-workspace/.venv/lib/python3.12/site-packages/pandas/_libs/parsers.cpython-312-darwin.so
0x00000001152a4000 	/Users/chaeyeong/Developer/sk-encoa/dl-workspace/.venv/lib/python3.12/site-packages/pandas/_libs/testing.cpython-312-darwin.so
0x0000000114270000 	/Users/chaeyeong/Developer/sk-encoa/dl-workspace/.venv/lib/python3.12/site-packages/sklearn/utils/_isfinite.cpython-312-darwin.so
0x0000000116c80000 	/Users/chaeyeong/Developer/sk-encoa/dl-workspace/.venv/lib/python3.12/site-packages/sklearn/_cyutility.cpython-312-darwin.so
0x0000000117834000 	/Users/chaeyeong/Developer/sk-encoa/dl-workspace/.venv/lib/python3.12/site-packages/sklearn/utils/sparsefuncs_fast.cpython-312-darwin.so
0x00000001152c4000 	/Users/chaeyeong/Developer/sk-encoa/dl-workspace/.venv/lib/python3.12/site-packages/sklearn/utils/murmurhash.cpython-312-darwin.so
0x00000001156c4000 	/Users/chaeyeong/Developer/sk-encoa/dl-workspace/.venv/lib/python3.12/site-packages/sklearn/utils/_openmp_helpers.cpython-312-darwin.so
0x0000000117944000 	/Users/chaeyeong/Developer/sk-encoa/dl-workspace/.venv/lib/python3.12/site-packages/sklearn/.dylibs/libomp.dylib
0x0000000117294000 	/Users/chaeyeong/Developer/sk-encoa/dl-workspace/.venv/lib/python3.12/site-packages/sklearn/preprocessing/_csr_polynomial_expansion.cpython-312-darwin.so
0x0000000117c10000 	/Users/chaeyeong/Developer/sk-encoa/dl-workspace/.venv/lib/python3.12/site-packages/sklearn/preprocessing/_target_encoder_fast.cpython-312-darwin.so
0x0000000114430000 	/Users/chaeyeong/Developer/sk-encoa/dl-workspace/.venv/lib/python3.12/site-packages/scipy/io/matlab/_mio_utils.cpython-312-darwin.so
0x0000000117258000 	/Users/chaeyeong/Developer/sk-encoa/dl-workspace/.venv/lib/python3.12/site-packages/scipy/io/matlab/_mio5_utils.cpython-312-darwin.so
0x0000000116d40000 	/Users/chaeyeong/Developer/sk-encoa/dl-workspace/.venv/lib/python3.12/site-packages/scipy/io/matlab/_streams.cpython-312-darwin.so
0x0000000117cbc000 	/Users/chaeyeong/Developer/sk-encoa/dl-workspace/.venv/lib/python3.12/site-packages/sklearn/datasets/_svmlight_format_fast.cpython-312-darwin.so
0x00000001172d0000 	/Users/chaeyeong/Developer/sk-encoa/dl-workspace/.venv/lib/python3.12/site-packages/sklearn/utils/_random.cpython-312-darwin.so
0x00000001172fc000 	/Users/chaeyeong/Developer/sk-encoa/dl-workspace/.venv/lib/python3.12/site-packages/sklearn/feature_extraction/_hashing_fast.cpython-312-darwin.so
0x0000000117318000 	/Users/chaeyeong/Developer/sk-encoa/dl-workspace/.venv/lib/python3.12/site-packages/sklearn/utils/_vector_sentinel.cpython-312-darwin.so
0x0000000115758000 	/Users/chaeyeong/Developer/sk-encoa/dl-workspace/.venv/lib/python3.12/site-packages/sklearn/metrics/cluster/_expected_mutual_info_fast.cpython-312-darwin.so
0x000000011865c000 	/Users/chaeyeong/Developer/sk-encoa/dl-workspace/.venv/lib/python3.12/site-packages/sklearn/metrics/_dist_metrics.cpython-312-darwin.so
0x00000001176cc000 	/Users/chaeyeong/Developer/sk-encoa/dl-workspace/.venv/lib/python3.12/site-packages/sklearn/metrics/_pairwise_distances_reduction/_argkmin.cpython-312-darwin.so
0x0000000117544000 	/Users/chaeyeong/Developer/sk-encoa/dl-workspace/.venv/lib/python3.12/site-packages/sklearn/metrics/_pairwise_distances_reduction/_base.cpython-312-darwin.so
0x0000000117ef0000 	/Users/chaeyeong/Developer/sk-encoa/dl-workspace/.venv/lib/python3.12/site-packages/sklearn/metrics/_pairwise_distances_reduction/_datasets_pair.cpython-312-darwin.so
0x00000001178dc000 	/Users/chaeyeong/Developer/sk-encoa/dl-workspace/.venv/lib/python3.12/site-packages/sklearn/utils/_cython_blas.cpython-312-darwin.so
0x00000001187c0000 	/Users/chaeyeong/Developer/sk-encoa/dl-workspace/.venv/lib/python3.12/site-packages/sklearn/metrics/_pairwise_distances_reduction/_middle_term_computer.cpython-312-darwin.so
0x00000001150e8000 	/Users/chaeyeong/Developer/sk-encoa/dl-workspace/.venv/lib/python3.12/site-packages/sklearn/utils/_heap.cpython-312-darwin.so
0x0000000116cac000 	/Users/chaeyeong/Developer/sk-encoa/dl-workspace/.venv/lib/python3.12/site-packages/sklearn/utils/_sorting.cpython-312-darwin.so
0x0000000117f34000 	/Users/chaeyeong/Developer/sk-encoa/dl-workspace/.venv/lib/python3.12/site-packages/sklearn/metrics/_pairwise_distances_reduction/_argkmin_classmode.cpython-312-darwin.so
0x00000001186f0000 	/Users/chaeyeong/Developer/sk-encoa/dl-workspace/.venv/lib/python3.12/site-packages/sklearn/metrics/_pairwise_distances_reduction/_radius_neighbors.cpython-312-darwin.so
0x0000000118608000 	/Users/chaeyeong/Developer/sk-encoa/dl-workspace/.venv/lib/python3.12/site-packages/sklearn/metrics/_pairwise_distances_reduction/_radius_neighbors_classmode.cpython-312-darwin.so
0x0000000118634000 	/Users/chaeyeong/Developer/sk-encoa/dl-workspace/.venv/lib/python3.12/site-packages/sklearn/metrics/_pairwise_fast.cpython-312-darwin.so
0x0000000118758000 	/Users/chaeyeong/Developer/sk-encoa/dl-workspace/.venv/lib/python3.12/site-packages/matplotlib/_c_internal_utils.cpython-312-darwin.so
0x000000011bf70000 	/Users/chaeyeong/Developer/sk-encoa/dl-workspace/.venv/lib/python3.12/site-packages/PIL/_imaging.cpython-312-darwin.so
0x000000011c0c4000 	/Users/chaeyeong/Developer/sk-encoa/dl-workspace/.venv/lib/python3.12/site-packages/PIL/.dylibs/libtiff.6.dylib
0x000000011c180000 	/Users/chaeyeong/Developer/sk-encoa/dl-workspace/.venv/lib/python3.12/site-packages/PIL/.dylibs/libjpeg.62.4.0.dylib
0x000000011c224000 	/Users/chaeyeong/Developer/sk-encoa/dl-workspace/.venv/lib/python3.12/site-packages/PIL/.dylibs/libopenjp2.2.5.4.dylib
0x000000011884c000 	/Users/chaeyeong/Developer/sk-encoa/dl-workspace/.venv/lib/python3.12/site-packages/PIL/.dylibs/libz.1.3.1.zlib-ng.dylib
0x0000000118ee8000 	/Users/chaeyeong/Developer/sk-encoa/dl-workspace/.venv/lib/python3.12/site-packages/PIL/.dylibs/libxcb.1.1.0.dylib
0x000000011c008000 	/Users/chaeyeong/Developer/sk-encoa/dl-workspace/.venv/lib/python3.12/site-packages/PIL/.dylibs/liblzma.5.dylib
0x00000001156e0000 	/Users/chaeyeong/Developer/sk-encoa/dl-workspace/.venv/lib/python3.12/site-packages/PIL/.dylibs/libXau.6.dylib
0x000000011c2c8000 	/Users/chaeyeong/Developer/sk-encoa/dl-workspace/.venv/lib/python3.12/site-packages/matplotlib/_path.cpython-312-darwin.so
0x000000011c5b8000 	/Users/chaeyeong/Developer/sk-encoa/dl-workspace/.venv/lib/python3.12/site-packages/matplotlib/ft2font.cpython-312-darwin.so
0x00000001190d8000 	/Users/chaeyeong/Developer/sk-encoa/dl-workspace/.venv/lib/python3.12/site-packages/kiwisolver/_cext.cpython-312-darwin.so
0x000000011c4ac000 	/Users/chaeyeong/Developer/sk-encoa/dl-workspace/.venv/lib/python3.12/site-packages/matplotlib/_image.cpython-312-darwin.so
0x000000011c530000 	/Users/chaeyeong/Developer/sk-encoa/dl-workspace/.venv/lib/python3.12/site-packages/matplotlib/backends/_backend_agg.cpython-312-darwin.so
0x0000000116cc4000 	/Users/chaeyeong/Developer/sk-encoa/dl-workspace/.venv/lib/python3.12/site-packages/PIL/_imagingmath.cpython-312-darwin.so
0x00000001188b4000 	/Users/chaeyeong/Developer/sk-encoa/dl-workspace/.venv/lib/python3.12/site-packages/sklearn/utils/_seq_dataset.cpython-312-darwin.so
0x000000011d71c000 	/Users/chaeyeong/Developer/sk-encoa/dl-workspace/.venv/lib/python3.12/site-packages/sklearn/linear_model/_cd_fast.cpython-312-darwin.so
0x000000011d92c000 	/Users/chaeyeong/Developer/sk-encoa/dl-workspace/.venv/lib/python3.12/site-packages/sklearn/_loss/_loss.cpython-312-darwin.so
0x0000000117d68000 	/Users/chaeyeong/Developer/sk-encoa/dl-workspace/.venv/lib/python3.12/site-packages/sklearn/utils/arrayfuncs.cpython-312-darwin.so
0x0000000117d14000 	/Users/chaeyeong/Developer/sk-encoa/dl-workspace/.venv/lib/python3.12/site-packages/sklearn/linear_model/_sag_fast.cpython-312-darwin.so
0x000000011bed8000 	/Users/chaeyeong/Developer/sk-encoa/dl-workspace/.venv/lib/python3.12/site-packages/sklearn/svm/_liblinear.cpython-312-darwin.so
0x000000011d8c8000 	/Users/chaeyeong/Developer/sk-encoa/dl-workspace/.venv/lib/python3.12/site-packages/sklearn/svm/_libsvm.cpython-312-darwin.so
0x000000011dac0000 	/Users/chaeyeong/Developer/sk-encoa/dl-workspace/.venv/lib/python3.12/site-packages/sklearn/svm/_libsvm_sparse.cpython-312-darwin.so
0x000000011bf30000 	/Users/chaeyeong/Developer/sk-encoa/dl-workspace/.venv/lib/python3.12/site-packages/sklearn/linear_model/_sgd_fast.cpython-312-darwin.so
0x0000000117dac000 	/Users/chaeyeong/Developer/sk-encoa/dl-workspace/.venv/lib/python3.12/site-packages/sklearn/utils/_weight_vector.cpython-312-darwin.so
0x0000000109770000 	/Users/chaeyeong/Developer/sk-encoa/dl-workspace/.venv/lib/python3.12/site-packages/torch/lib/libtorch_global_deps.dylib
0x000000023049c000 	/System/Library/PrivateFrameworks/ANECompiler.framework/Versions/A/ANECompiler
0x00000001ac8c1000 	/System/Library/PrivateFrameworks/AppleNeuralEngine.framework/Versions/A/AppleNeuralEngine
0x0000000237424000 	/System/Library/Frameworks/MetalPerformanceShadersGraph.framework/Versions/A/MetalPerformanceShadersGraph
0x00000001ab63d000 	/System/Library/PrivateFrameworks/ANEServices.framework/Versions/A/ANEServices
0x000000019182e000 	/usr/lib/libsandbox.1.dylib
0x000000019eb61000 	/usr/lib/libMatch.1.dylib
0x000000026ba59000 	/System/Library/PrivateFrameworks/ODIE.framework/Versions/A/ODIE
0x0000000264e00000 	/System/Library/PrivateFrameworks/MLModelAsset.framework/Versions/A/MLModelAsset
0x00000001154a8000 	/Users/chaeyeong/Developer/sk-encoa/dl-workspace/.venv/lib/python3.12/site-packages/torch/_C.cpython-312-darwin.so
0x000000011f880000 	/Users/chaeyeong/Developer/sk-encoa/dl-workspace/.venv/lib/python3.12/site-packages/torch/lib/libtorch_python.dylib
0x000000010f434000 	/Users/chaeyeong/Developer/sk-encoa/dl-workspace/.venv/lib/python3.12/site-packages/torch/lib/libtorch.dylib
0x0000000117578000 	/Users/chaeyeong/Developer/sk-encoa/dl-workspace/.venv/lib/python3.12/site-packages/torch/lib/libshm.dylib
0x000000013e60c000 	/Users/chaeyeong/Developer/sk-encoa/dl-workspace/.venv/lib/python3.12/site-packages/torch/lib/libtorch_cpu.dylib
0x000000011dd08000 	/Users/chaeyeong/Developer/sk-encoa/dl-workspace/.venv/lib/python3.12/site-packages/torch/lib/libc10.dylib
0x000000011de18000 	/Users/chaeyeong/Developer/sk-encoa/dl-workspace/.venv/lib/python3.12/site-packages/torch/lib/libomp.dylib
0x000000011c344000 	/Users/chaeyeong/Developer/sk-encoa/dl-workspace/.venv/lib/python3.12/site-packages/sklearn/tree/_criterion.cpython-312-darwin.so
0x0000000117fc0000 	/Users/chaeyeong/Developer/sk-encoa/dl-workspace/.venv/lib/python3.12/site-packages/sklearn/tree/_splitter.cpython-312-darwin.so
0x0000000122474000 	/Users/chaeyeong/Developer/sk-encoa/dl-workspace/.venv/lib/python3.12/site-packages/sklearn/tree/_tree.cpython-312-darwin.so
0x00000001224cc000 	/Users/chaeyeong/Developer/sk-encoa/dl-workspace/.venv/lib/python3.12/site-packages/sklearn/neighbors/_ball_tree.cpython-312-darwin.so
0x000000011733c000 	/Users/chaeyeong/Developer/sk-encoa/dl-workspace/.venv/lib/python3.12/site-packages/sklearn/neighbors/_partition_nodes.cpython-312-darwin.so
0x00000001225b4000 	/Users/chaeyeong/Developer/sk-encoa/dl-workspace/.venv/lib/python3.12/site-packages/sklearn/neighbors/_kd_tree.cpython-312-darwin.so
0x0000000118004000 	/Users/chaeyeong/Developer/sk-encoa/dl-workspace/.venv/lib/python3.12/site-packages/sklearn/decomposition/_online_lda_fast.cpython-312-darwin.so
0x0000000117f7c000 	/Users/chaeyeong/Developer/sk-encoa/dl-workspace/.venv/lib/python3.12/site-packages/sklearn/decomposition/_cdnmf_fast.cpython-312-darwin.so
0x000000011bf00000 	/Users/chaeyeong/Developer/sk-encoa/dl-workspace/.venv/lib/python3.12/site-packages/sklearn/neighbors/_quad_tree.cpython-312-darwin.so
0x000000011891c000 	/Users/chaeyeong/Developer/sk-encoa/dl-workspace/.venv/lib/python3.12/site-packages/sklearn/tree/_utils.cpython-312-darwin.so
0x000000011d6b4000 	/Users/chaeyeong/Developer/sk-encoa/dl-workspace/.venv/lib/python3.12/site-packages/sklearn/tree/_partitioner.cpython-312-darwin.so
0x0000000118f50000 	/Users/chaeyeong/Developer/sk-encoa/dl-workspace/.venv/lib/python3.12/site-packages/sklearn/ensemble/_gradient_boosting.cpython-312-darwin.so
0x0000000118878000 	/Users/chaeyeong/Developer/sk-encoa/dl-workspace/.venv/lib/python3.12/site-packages/sklearn/ensemble/_hist_gradient_boosting/_gradient_boosting.cpython-312-darwin.so
0x0000000117c5c000 	/Users/chaeyeong/Developer/sk-encoa/dl-workspace/.venv/lib/python3.12/site-packages/sklearn/ensemble/_hist_gradient_boosting/common.cpython-312-darwin.so
0x00000001188e0000 	/Users/chaeyeong/Developer/sk-encoa/dl-workspace/.venv/lib/python3.12/site-packages/sklearn/ensemble/_hist_gradient_boosting/_binning.cpython-312-darwin.so
0x0000000117d34000 	/Users/chaeyeong/Developer/sk-encoa/dl-workspace/.venv/lib/python3.12/site-packages/sklearn/utils/_bitset.cpython-312-darwin.so
0x000000011db2c000 	/Users/chaeyeong/Developer/sk-encoa/dl-workspace/.venv/lib/python3.12/site-packages/sklearn/ensemble/_hist_gradient_boosting/histogram.cpython-312-darwin.so
0x000000011c098000 	/Users/chaeyeong/Developer/sk-encoa/dl-workspace/.venv/lib/python3.12/site-packages/sklearn/ensemble/_hist_gradient_boosting/_predictor.cpython-312-darwin.so
0x0000000122a08000 	/Users/chaeyeong/Developer/sk-encoa/dl-workspace/.venv/lib/python3.12/site-packages/sklearn/ensemble/_hist_gradient_boosting/splitting.cpython-312-darwin.so
0x0000000122de0000 	/Users/chaeyeong/Developer/sk-encoa/dl-workspace/.venv/lib/python3.12/site-packages/regex/_regex.cpython-312-darwin.so
0x00000001236a4000 	/Users/chaeyeong/Developer/sk-encoa/dl-workspace/.venv/lib/python3.12/site-packages/yaml/_yaml.cpython-312-darwin.so
0x0000000124a14000 	/Users/chaeyeong/Developer/sk-encoa/dl-workspace/.venv/lib/python3.12/site-packages/_jpype.so
0x000000011d670000 	/Library/Java/JavaVirtualMachines/jdk-21.jdk/Contents/Home/lib/libjli.dylib
0x00000001acc70000 	/System/Library/Frameworks/Cocoa.framework/Versions/A/Cocoa
0x000000019188d000 	/System/Library/Frameworks/AppKit.framework/Versions/C/AppKit
0x000000024652e000 	/System/Library/PrivateFrameworks/CollectionViewCore.framework/Versions/A/CollectionViewCore
0x000000019a4cf000 	/System/Library/PrivateFrameworks/XCTTargetBootstrap.framework/Versions/A/XCTTargetBootstrap
0x000000019ffa2000 	/System/Library/PrivateFrameworks/UserActivity.framework/Versions/A/UserActivity
0x0000000250010000 	/System/Library/PrivateFrameworks/FrontBoard.framework/Versions/A/FrontBoard
0x00000002844ff000 	/System/Library/PrivateFrameworks/UIIntelligenceSupport.framework/Versions/A/UIIntelligenceSupport
0x000000023a83b000 	/System/Library/Frameworks/SwiftUICore.framework/Versions/A/SwiftUICore
0x000000028b0ab000 	/System/Library/PrivateFrameworks/WritingTools.framework/Versions/A/WritingTools
0x0000000289ea2000 	/System/Library/PrivateFrameworks/WindowManagement.framework/Versions/A/WindowManagement
0x000000024fd40000 	/System/Library/PrivateFrameworks/FocusEngine.framework/Versions/A/FocusEngine
0x000000024d749000 	/System/Library/PrivateFrameworks/DesignLibrary.framework/Versions/A/DesignLibrary
0x000000019a4ba000 	/System/Library/PrivateFrameworks/DFRFoundation.framework/Versions/A/DFRFoundation
0x000000028544c000 	/System/Library/PrivateFrameworks/UpdateCycle.framework/Versions/A/UpdateCycle
0x000000019a1be000 	/System/Library/Frameworks/Carbon.framework/Versions/A/Frameworks/HIToolbox.framework/Versions/A/HIToolbox
0x00000001a55a0000 	/System/Library/Frameworks/Carbon.framework/Versions/A/Frameworks/SpeechRecognition.framework/Versions/A/SpeechRecognition
0x0000000197be6000 	/System/Library/PrivateFrameworks/PerformanceAnalysis.framework/Versions/A/PerformanceAnalysis
0x00000001a5930000 	/System/Library/Frameworks/Accessibility.framework/Versions/A/Accessibility
0x000000023b798000 	/System/Library/Frameworks/Symbols.framework/Versions/A/Symbols
0x000000025930c000 	/System/Library/PrivateFrameworks/Gestures.framework/Versions/A/Gestures
0x0000000292a22000 	/usr/lib/swift/libswiftSpatial.dylib
0x00000001b7bae000 	/usr/lib/swift/libswiftCoreGraphics.dylib
0x00000001a6374000 	/usr/lib/swift/libswiftFoundation.dylib
0x00000001f2392000 	/usr/lib/swift/libswiftSwiftOnoneSupport.dylib
0x0000000292ca8000 	/usr/lib/swift/libswiftsys_time.dylib
0x00000001dceff000 	/System/Library/PrivateFrameworks/CoreMaterial.framework/Versions/A/CoreMaterial
0x000000029125e000 	/usr/lib/libSpatial.dylib
0x0000000290c7e000 	/System/Library/SubFrameworks/UIUtilities.framework/Versions/A/UIUtilities
0x00000001a9497000 	/System/Library/PrivateFrameworks/CoreWiFi.framework/Versions/A/CoreWiFi
0x00000001a800a000 	/System/Library/PrivateFrameworks/Rapport.framework/Versions/A/Rapport
0x00000001954c1000 	/System/Library/Frameworks/Accounts.framework/Versions/A/Accounts
0x00000001b9b9e000 	/System/Library/Frameworks/AVFoundation.framework/Versions/A/AVFoundation
0x000000019fc46000 	/System/Library/PrivateFrameworks/InternationalSupport.framework/Versions/A/InternationalSupport
0x00000001aa08c000 	/System/Library/Frameworks/ApplicationServices.framework/Versions/A/ApplicationServices
0x00000001a146e000 	/System/Library/Frameworks/ApplicationServices.framework/Versions/A/Frameworks/ATS.framework/Versions/A/ATS
0x0000000194a7a000 	/System/Library/Frameworks/ApplicationServices.framework/Versions/A/Frameworks/HIServices.framework/Versions/A/HIServices
0x000000019fb3c000 	/System/Library/Frameworks/ApplicationServices.framework/Versions/A/Frameworks/PrintCore.framework/Versions/A/PrintCore
0x00000001a1827000 	/System/Library/Frameworks/ApplicationServices.framework/Versions/A/Frameworks/QD.framework/Versions/A/QD
0x00000001a1822000 	/System/Library/Frameworks/ApplicationServices.framework/Versions/A/Frameworks/ColorSyncLegacy.framework/Versions/A/ColorSyncLegacy
0x00000001a1440000 	/System/Library/Frameworks/ApplicationServices.framework/Versions/A/Frameworks/SpeechSynthesis.framework/Versions/A/SpeechSynthesis
0x000000023c72c000 	/System/Library/Frameworks/_LocationEssentials.framework/Versions/A/_LocationEssentials
0x00000001a3718000 	/System/Library/PrivateFrameworks/GeoServices.framework/Versions/A/GeoServices
0x00000001a113f000 	/System/Library/PrivateFrameworks/LocationSupport.framework/Versions/A/LocationSupport
0x00000001a6a2d000 	/System/Library/Frameworks/CoreBluetooth.framework/Versions/A/CoreBluetooth
0x000000025915e000 	/System/Library/PrivateFrameworks/GeoServicesCore.framework/Versions/A/GeoServicesCore
0x00000001b3962000 	/System/Library/PrivateFrameworks/PhoneNumbers.framework/Versions/A/PhoneNumbers
0x000000019eca6000 	/System/Library/PrivateFrameworks/IconServices.framework/Versions/A/IconServices
0x000000019ec45000 	/System/Library/PrivateFrameworks/IconFoundation.framework/Versions/A/IconFoundation
0x000000025c4e0000 	/System/Library/PrivateFrameworks/IconRendering.framework/Versions/A/IconRendering
0x000000019792a000 	/System/Library/PrivateFrameworks/CoreUI.framework/Versions/A/CoreUI
0x00000002736d2000 	/System/Library/PrivateFrameworks/SFSymbols.framework/Versions/A/SFSymbols
0x0000000235054000 	/System/Library/Frameworks/DeveloperToolsSupport.framework/Versions/A/DeveloperToolsSupport
0x00000001b1d2a000 	/System/Library/PrivateFrameworks/RenderBox.framework/Versions/A/RenderBox
0x000000019a4d5000 	/System/Library/PrivateFrameworks/CoreSVG.framework/Versions/A/CoreSVG
0x000000019fbaf000 	/System/Library/PrivateFrameworks/TextureIO.framework/Versions/A/TextureIO
0x00000001bae4c000 	/usr/lib/swift/libswiftCoreImage.dylib
0x000000019faf7000 	/System/Library/Frameworks/ApplicationServices.framework/Versions/A/Frameworks/ATSUI.framework/Versions/A/ATSUI
0x000000019cfbc000 	/System/Library/Frameworks/UserNotifications.framework/Versions/A/UserNotifications
0x00000001c0804000 	/System/Library/PrivateFrameworks/SiriInstrumentation.framework/Versions/A/SiriInstrumentation
0x0000000275be8000 	/System/Library/PrivateFrameworks/SiriAnalytics.framework/Versions/A/SiriAnalytics
0x00000001bdf63000 	/System/Library/PrivateFrameworks/FeedbackLogger.framework/Versions/A/FeedbackLogger
0x00000001d886d000 	/usr/lib/swift/libswiftAVFoundation.dylib
0x0000000284bda000 	/System/Library/PrivateFrameworks/UnifiedAssetFramework.framework/Versions/A/UnifiedAssetFramework
0x000000019c1ed000 	/System/Library/PrivateFrameworks/CoreUtils.framework/Versions/A/CoreUtils
0x000000024cb5a000 	/System/Library/PrivateFrameworks/CoreUtilsExtras.framework/Versions/A/CoreUtilsExtras
0x000000025c435000 	/System/Library/PrivateFrameworks/IO80211.framework/Versions/A/IO80211
0x00000001a3370000 	/System/Library/Frameworks/IOBluetooth.framework/Versions/A/IOBluetooth
0x000000029297f000 	/usr/lib/swift/libswiftRegexBuilder.dylib
0x000000019e9c0000 	/usr/lib/libIOReport.dylib
0x00000001e9322000 	/System/Library/PrivateFrameworks/WiFiPeerToPeer.framework/Versions/A/WiFiPeerToPeer
0x00000002451b4000 	/System/Library/PrivateFrameworks/Centauri.framework/Versions/A/Centauri
0x0000000292113000 	/usr/lib/libmrc.dylib
0x000000025c4a0000 	/System/Library/PrivateFrameworks/IPConfiguration.framework/Versions/A/IPConfiguration
0x00000001dcec1000 	/System/Library/PrivateFrameworks/Netrb.framework/Versions/A/Netrb
0x00000001a79b0000 	/System/Library/PrivateFrameworks/FrontBoardServices.framework/Versions/A/FrontBoardServices
0x00000001aa661000 	/System/Library/Frameworks/AudioUnit.framework/Versions/A/AudioUnit
0x000000023368e000 	/System/Library/Frameworks/AVFAudio.framework/Versions/A/AVFAudio
0x00000002337d2000 	/System/Library/Frameworks/AVRouting.framework/Versions/A/AVRouting
0x00000001b3a7a000 	/usr/lib/libAccessibility.dylib
0x00000002602d0000 	/System/Library/PrivateFrameworks/IsolatedCoreAudioClient.framework/Versions/A/IsolatedCoreAudioClient
0x000000024894e000 	/System/Library/PrivateFrameworks/CoreAudioOrchestration.framework/Versions/A/CoreAudioOrchestration
0x00000001a0013000 	/System/Library/Frameworks/MediaToolbox.framework/Versions/A/MediaToolbox
0x00000001a6d5c000 	/System/Library/PrivateFrameworks/CoreAVCHD.framework/Versions/A/CoreAVCHD
0x00000001a5c80000 	/System/Library/Frameworks/MediaAccessibility.framework/Versions/A/MediaAccessibility
0x00000001a6d58000 	/System/Library/PrivateFrameworks/Mangrove.framework/Versions/A/Mangrove
0x00000002447f0000 	/System/Library/PrivateFrameworks/CMPhoto.framework/Versions/A/CMPhoto
0x00000001a7525000 	/System/Library/Frameworks/CoreTelephony.framework/Versions/A/CoreTelephony
0x00000001a6d4b000 	/System/Library/PrivateFrameworks/CoreAUC.framework/Versions/A/CoreAUC
0x0000000241956000 	/System/Library/PrivateFrameworks/AppleJPEGXL.framework/Versions/A/AppleJPEGXL
0x00000001a1a48000 	/usr/lib/libTelephonyUtilDynamic.dylib
0x00000001e3e9f000 	/System/Library/Frameworks/CryptoKit.framework/Versions/A/CryptoKit
0x00000001aa65c000 	/System/Library/PrivateFrameworks/CryptoKitCBridging.framework/Versions/A/CryptoKitCBridging
0x00000001a7b69000 	/System/Library/Frameworks/CryptoTokenKit.framework/Versions/A/CryptoTokenKit
0x000000024d6d9000 	/System/Library/PrivateFrameworks/Dendrite.framework/Versions/A/Dendrite
0x00000001ba96c000 	/System/Library/Frameworks/NaturalLanguage.framework/Versions/A/NaturalLanguage
0x0000000258e61000 	/System/Library/PrivateFrameworks/GenerativeModels.framework/Versions/A/GenerativeModels
0x00000001e92a9000 	/usr/lib/swift/libswiftNaturalLanguage.dylib
0x00000001aa7eb000 	/System/Library/PrivateFrameworks/Espresso.framework/Versions/A/Espresso
0x0000000198380000 	/System/Library/Frameworks/CoreML.framework/Versions/A/CoreML
0x0000000262173000 	/System/Library/PrivateFrameworks/MLCompilerServices.framework/Versions/A/MLCompilerServices
0x0000000262119000 	/System/Library/PrivateFrameworks/MLCompilerRuntime.framework/Versions/A/MLCompilerRuntime
0x000000019c7b5000 	/System/Library/Frameworks/MLCompute.framework/Versions/A/MLCompute
0x000000026209b000 	/System/Library/PrivateFrameworks/MLAssetIO.framework/Versions/A/MLAssetIO
0x0000000292951000 	/usr/lib/swift/libswiftMLCompute.dylib
0x00000001a7740000 	/System/Library/PrivateFrameworks/AVFCore.framework/Versions/A/AVFCore
0x00000001b137b000 	/System/Library/PrivateFrameworks/AVFCapture.framework/Versions/A/AVFCapture
0x00000002445e7000 	/System/Library/PrivateFrameworks/CMImaging.framework/Versions/A/CMImaging
0x00000001b15bd000 	/System/Library/PrivateFrameworks/Quagga.framework/Versions/A/Quagga
0x00000001b16ee000 	/System/Library/PrivateFrameworks/CMCapture.framework/Versions/A/CMCapture
0x00000001a15d1000 	/System/Library/Frameworks/CoreMediaIO.framework/Versions/A/CoreMediaIO
0x0000000244522000 	/System/Library/PrivateFrameworks/CMCaptureDevice.framework/Versions/A/CMCaptureDevice
0x000000019ef9d000 	/System/Library/PrivateFrameworks/CoreBrightness.framework/Versions/A/CoreBrightness
0x00000002456ab000 	/System/Library/PrivateFrameworks/CinematicFraming.framework/Versions/A/CinematicFraming
0x0000000267f3d000 	/System/Library/PrivateFrameworks/ModelManagerServices.framework/Versions/A/ModelManagerServices
0x00000001d58d5000 	/System/Library/PrivateFrameworks/CPMS.framework/Versions/A/CPMS
0x000000027fae1000 	/System/Library/PrivateFrameworks/SystemStatus.framework/Versions/A/SystemStatus
0x00000001b979c000 	/System/Library/Frameworks/CoreMotion.framework/Versions/A/CoreMotion
0x00000001c9db4000 	/System/Library/PrivateFrameworks/TimeSync.framework/Versions/A/TimeSync
0x000000024e0a1000 	/System/Library/PrivateFrameworks/DistributedSensing.framework/Versions/A/DistributedSensing
0x00000001c5193000 	/System/Library/PrivateFrameworks/MobileBluetooth.framework/Versions/A/MobileBluetooth
0x00000001cba78000 	/System/Library/PrivateFrameworks/IOKitten.framework/Versions/A/IOKitten
0x00000002618e6000 	/System/Library/PrivateFrameworks/LocationLogEncryption.framework/Versions/A/LocationLogEncryption
0x00000002417d0000 	/System/Library/PrivateFrameworks/AppleIntelligenceReporting.framework/Versions/A/AppleIntelligenceReporting
0x000000019c0fc000 	/System/Library/PrivateFrameworks/CoreEmoji.framework/Versions/A/CoreEmoji
0x000000018fc66000 	/System/Library/PrivateFrameworks/LanguageModeling.framework/Versions/A/LanguageModeling
0x0000000194be3000 	/System/Library/PrivateFrameworks/Montreal.framework/Versions/A/Montreal
0x000000019d270000 	/usr/lib/libcmph.dylib
0x0000000258f43000 	/System/Library/PrivateFrameworks/GenerativeModelsFoundation.framework/Versions/A/GenerativeModelsFoundation
0x00000002828b6000 	/System/Library/PrivateFrameworks/TokenGeneration.framework/Versions/A/TokenGeneration
0x0000000258d17000 	/System/Library/PrivateFrameworks/GenerativeFunctions.framework/Versions/A/GenerativeFunctions
0x0000000258d65000 	/System/Library/PrivateFrameworks/GenerativeFunctionsFoundation.framework/Versions/A/GenerativeFunctionsFoundation
0x0000000267bfe000 	/System/Library/PrivateFrameworks/ModelCatalog.framework/Versions/A/ModelCatalog
0x0000000274e02000 	/System/Library/PrivateFrameworks/SensitiveContentAnalysisML.framework/Versions/A/SensitiveContentAnalysisML
0x0000000258dfb000 	/System/Library/PrivateFrameworks/GenerativeFunctionsInstrumentation.framework/Versions/A/GenerativeFunctionsInstrumentation
0x0000000271c2b000 	/System/Library/PrivateFrameworks/PromptKit.framework/Versions/A/PromptKit
0x0000000271641000 	/System/Library/PrivateFrameworks/ProactiveDaemonSupport.framework/Versions/A/ProactiveDaemonSupport
0x0000000282aee000 	/System/Library/PrivateFrameworks/TokenGenerationCore.framework/Versions/A/TokenGenerationCore
0x00000001bb83b000 	/System/Library/PrivateFrameworks/Trial.framework/Versions/A/Trial
0x00000001bb7bc000 	/System/Library/PrivateFrameworks/TrialProto.framework/Versions/A/TrialProto
0x00000002413fa000 	/System/Library/PrivateFrameworks/AppleFlatBuffers.framework/Versions/A/AppleFlatBuffers
0x00000002750d2000 	/System/Library/PrivateFrameworks/SentencePieceInternal.framework/Versions/A/SentencePieceInternal
0x00000001a5cda000 	/System/Library/Frameworks/Vision.framework/Versions/A/Vision
0x000000024c7f8000 	/System/Library/PrivateFrameworks/CoreSceneUnderstanding.framework/Versions/A/CoreSceneUnderstanding
0x000000028773f000 	/System/Library/PrivateFrameworks/VisionCore.framework/Versions/A/VisionCore
0x000000019ff50000 	/System/Library/PrivateFrameworks/DataDetectorsCore.framework/Versions/A/DataDetectorsCore
0x00000001c4121000 	/System/Library/Frameworks/Vision.framework/libfaceCore.dylib
0x00000001c4c3b000 	/System/Library/PrivateFrameworks/Futhark.framework/Versions/A/Futhark
0x00000001c8b89000 	/System/Library/PrivateFrameworks/InertiaCam.framework/Versions/A/InertiaCam
0x00000001c49c8000 	/System/Library/PrivateFrameworks/TextRecognition.framework/Versions/A/TextRecognition
0x000000023503d000 	/System/Library/Frameworks/DataDetection.framework/Versions/A/DataDetection
0x00000001bebd4000 	/System/Library/PrivateFrameworks/TextInput.framework/Versions/A/TextInput
0x000000019e9fe000 	/System/Library/PrivateFrameworks/CVNLP.framework/Versions/A/CVNLP
0x0000000234b22000 	/System/Library/Frameworks/CoreTransferable.framework/Versions/A/CoreTransferable
0x0000000192fb1000 	/System/Library/PrivateFrameworks/UIFoundation.framework/Versions/A/UIFoundation
0x00000001a17b5000 	/usr/lib/libcups.2.dylib
0x00000001b396e000 	/System/Library/PrivateFrameworks/AXCoreUtilities.framework/Versions/A/AXCoreUtilities
0x00000001c3f6a000 	/System/Library/PrivateFrameworks/AttributeGraph.framework/Versions/A/AttributeGraph
0x0000000290d61000 	/usr/lib/libAXSafeCategoryBundle.dylib
0x000000023b7b2000 	/System/Library/Frameworks/TabularData.framework/Versions/A/TabularData
0x000000024267d000 	/System/Library/PrivateFrameworks/ArgumentParserInternal.framework/Versions/A/ArgumentParserInternal
0x000000012708c000 	/Library/Java/JavaVirtualMachines/jdk-21.jdk/Contents/Home/lib/server/libjvm.dylib
0x0000000118788000 	/Library/Java/JavaVirtualMachines/jdk-21.jdk/Contents/Home/lib/libjimage.dylib
0x000000011f850000 	/Library/Java/JavaVirtualMachines/jdk-21.jdk/Contents/Home/lib/libjava.dylib
0x000000011d6dc000 	/Library/Java/JavaVirtualMachines/jdk-21.jdk/Contents/Home/lib/libnio.dylib
0x0000000119140000 	/Library/Java/JavaVirtualMachines/jdk-21.jdk/Contents/Home/lib/libnet.dylib
0x00000001249ac000 	/Library/Java/JavaVirtualMachines/jdk-21.jdk/Contents/Home/lib/libzip.dylib
0x000000011d774000 	/Library/Java/JavaVirtualMachines/jdk-21.jdk/Contents/Home/lib/libverify.dylib


VM Arguments:
jvm_args: -Dfile.encoding=UTF8 -ea -Xmx1024m 
java_command: <unknown>
java_class_path (initial): /Users/chaeyeong/Developer/sk-encoa/dl-workspace/.venv/lib/python3.12/site-packages/konlpy/java:/Users/chaeyeong/Developer/sk-encoa/dl-workspace/.venv/lib/python3.12/site-packages/konlpy/java/bin:/Users/chaeyeong/Developer/sk-encoa/dl-workspace/.venv/lib/python3.12/site-packages/konlpy/java/scala-library-2.12.3.jar:/Users/chaeyeong/Developer/sk-encoa/dl-workspace/.venv/lib/python3.12/site-packages/konlpy/java/twitter-text-1.14.7.jar:/Users/chaeyeong/Developer/sk-encoa/dl-workspace/.venv/lib/python3.12/site-packages/konlpy/java/komoran-3.0.jar:/Users/chaeyeong/Developer/sk-encoa/dl-workspace/.venv/lib/python3.12/site-packages/konlpy/java/jhannanum-0.8.4.jar:/Users/chaeyeong/Developer/sk-encoa/dl-workspace/.venv/lib/python3.12/site-packages/konlpy/java/open-korean-text-2.1.0.jar:/Users/chaeyeong/Developer/sk-encoa/dl-workspace/.venv/lib/python3.12/site-packages/konlpy/java/aho-corasick.jar:/Users/chaeyeong/Developer/sk-encoa/dl-workspace/.venv/lib/python3.12/site-packages/konlpy/java/kkma-2.0.jar:/Users/chaeyeong/Developer/sk-encoa/dl-workspace/.venv/lib/python3.12/site-packages/konlpy/java/shineware-common-1.0.jar:/Users/chaeyeong/Developer/sk-encoa/dl-workspace/.venv/lib/python3.12/site-packages/konlpy/java/snakeyaml-1.12.jar:/Users/chaeyeong/Developer/sk-encoa/dl-workspace/.venv/lib/python3.12/site-packages/konlpy/java/shineware-ds-1.0.jar:/Users/chaeyeong/Developer/sk-encoa/dl-workspace/.venv/lib/python3.12/site-packages/konlpy/java/jhannanum-0.8.4.jar:/Users/chaeyeong/Developer/sk-encoa/dl-workspace/.venv/lib/python3.12/site-packages/konlpy/java/kkma-2.0.jar:/Users/chaeyeong/Developer/sk-encoa/dl-workspace/.venv/lib/python3.12/site-packages/konlpy/java/aho-corasick.jar:/Users/chaeyeong/Developer/sk-encoa/dl-workspace/.venv/lib/python3.12/site-packages/konlpy/java/shineware-common-1.0.jar:/Users/chaeyeong/Developer/sk-encoa/dl-workspace/.venv/lib/python3.12/site-packages/konlpy/java/shineware-ds-1.0.jar:/Users/chaeyeong/Developer/sk-encoa/dl-workspace/.venv/lib/python3.12/site-packages/konlpy/java/komoran-3.0.jar:/Users/chaeyeong/Developer/sk-encoa/dl-workspace/.venv/lib/python3.12/site-packages/konlpy/java/snakeyaml-1.12.jar:/Users/chaeyeong/Developer/sk-encoa/dl-workspace/.venv/lib/python3.12/site-packages/konlpy/java/scala-library-2.12.3.jar:/Users/chaeyeong/Developer/sk-encoa/dl-workspace/.venv/lib/python3.12/site-packages/konlpy/java/open-korean-text-2.1.0.jar:/Users/chaeyeong/Developer/sk-encoa/dl-workspace/.venv/lib/python3.12/site-packages/konlpy/java/twitter-text-1.14.7.jar:/Users/chaeyeong/Developer/sk-encoa/dl-workspace/.venv/lib/python3.12/site-packages/konlpy/java/scala-library-2.12.3.jar:/Users/chaeyeong/Developer/sk-encoa/dl-workspace/.venv/lib/python3.12/site-packages/konlpy/java/twitter-text-1.14.7.jar:/Users/chaeyeong/Developer/sk-encoa/dl-workspace/.venv/lib/python3.12/site-packages/konlpy/java/komoran-3.0.jar:/Users/chaeyeong/Developer/sk-encoa/dl-workspace/.venv/lib/python3.12/site-packages/konlpy/java/jhannanum-0.8.4.jar:/Users/chaeyeong/Developer/sk-encoa/dl-workspace/.venv/lib/python3.12/site-packages/konlpy/java/open-korean-text-2.1.0.jar:/Users/chaeyeong/Developer/sk-encoa/dl-workspace/.venv/lib/python3.12/site-packages/konlpy/java/aho-corasick.jar:/Users/chaeyeong/Developer/sk-encoa/dl-workspace/.venv/lib/python3.12/site-packages/konlpy/java/kkma-2.0.jar:/Users/chaeyeong/Developer/sk-encoa/dl-workspace/.venv/lib/python3.12/site-packages/konlpy/java/shineware-common-1.0.jar:/Users/chaeyeong/Developer/sk-encoa/dl-workspace/.venv/lib/python3.12/site-packages/konlpy/java/snakeyaml-1.12.jar:/Users/chaeyeong/Developer/sk-encoa/dl-workspace/.venv/lib/python3.12/site-packages/konlpy/java/shineware-ds-1.0.jar:/Users/chaeyeong/Developer/sk-encoa/dl-workspace/.venv/lib/python3.12/site-packages/org.jpype.jar
Launcher Type: generic

[Global flags]
     intx CICompilerCount                          = 4                                         {product} {ergonomic}
     uint ConcGCThreads                            = 2                                         {product} {ergonomic}
     uint G1ConcRefinementThreads                  = 9                                         {product} {ergonomic}
   size_t G1HeapRegionSize                         = 1048576                                   {product} {ergonomic}
    uintx GCDrainStackTargetSize                   = 64                                        {product} {ergonomic}
   size_t InitialHeapSize                          = 268435456                                 {product} {ergonomic}
   size_t MarkStackSize                            = 4194304                                   {product} {ergonomic}
   size_t MaxHeapSize                              = 1073741824                                {product} {command line}
   size_t MaxNewSize                               = 643825664                                 {product} {ergonomic}
   size_t MinHeapDeltaBytes                        = 1048576                                   {product} {ergonomic}
   size_t MinHeapSize                              = 8388608                                   {product} {ergonomic}
    uintx NonNMethodCodeHeapSize                   = 5839564                                {pd product} {ergonomic}
    uintx NonProfiledCodeHeapSize                  = 122909338                              {pd product} {ergonomic}
    uintx ProfiledCodeHeapSize                     = 122909338                              {pd product} {ergonomic}
    uintx ReservedCodeCacheSize                    = 251658240                              {pd product} {ergonomic}
     bool SegmentedCodeCache                       = true                                      {product} {ergonomic}
   size_t SoftMaxHeapSize                          = 1073741824                             {manageable} {ergonomic}
     bool UseCompressedOops                        = true                           {product lp64_product} {ergonomic}
     bool UseG1GC                                  = true                                      {product} {ergonomic}
     bool UseNUMA                                  = false                                     {product} {ergonomic}
     bool UseNUMAInterleaving                      = false                                     {product} {ergonomic}

Logging:
Log output configuration:
 #0: stdout all=warning uptime,level,tags foldmultilines=false
 #1: stderr all=off uptime,level,tags foldmultilines=false

Environment Variables:
JAVA_HOME=/Library/Java/JavaVirtualMachines/jdk-21.jdk/Contents/Home
PATH=/Users/chaeyeong/Developer/sk-encoa/dl-workspace/.venv/bin:/Library/Java/JavaVirtualMachines/jdk-21.jdk/Contents/Home/bin:/usr/local/bin:/System/Cryptexes/App/usr/bin:/usr/bin:/bin:/usr/sbin:/sbin:/var/run/com.apple.security.cryptexd/codex.system/bootstrap/usr/local/bin:/var/run/com.apple.security.cryptexd/codex.system/bootstrap/usr/bin:/var/run/com.apple.security.cryptexd/codex.system/bootstrap/usr/appleinternal/bin:/pkg/env/global/bin:/opt/homebrew/bin
SHELL=/bin/zsh
LANG=C.UTF-8
TERM=xterm-color
TMPDIR=/var/folders/54/87jq7n7x6yj56mj9cn93kmsh0000gn/T/

Active Locale:
LC_ALL=C/C.UTF-8/C/C/C/C
LC_COLLATE=C
LC_CTYPE=C.UTF-8
LC_MESSAGES=C
LC_MONETARY=C
LC_NUMERIC=C
LC_TIME=C

Signal Handlers:
   SIGSEGV: crash_handler in libjvm.dylib, mask=11100110000111110111111111111111, flags=SA_ONSTACK|SA_RESTART|SA_SIGINFO, unblocked
    SIGBUS: crash_handler in libjvm.dylib, mask=11100110000111110111111111111111, flags=SA_RESTART|SA_SIGINFO, unblocked
    SIGFPE: crash_handler in libjvm.dylib, mask=11100110000111110111111111111111, flags=SA_RESTART|SA_SIGINFO, unblocked
   SIGPIPE: javaSignalHandler in libjvm.dylib, mask=11100110000111110111111111111111, flags=SA_RESTART|SA_SIGINFO, blocked
   SIGXFSZ: javaSignalHandler in libjvm.dylib, mask=11100110000111110111111111111111, flags=SA_RESTART|SA_SIGINFO, blocked
    SIGILL: crash_handler in libjvm.dylib, mask=11100110000111110111111111111111, flags=SA_RESTART|SA_SIGINFO, unblocked
   SIGUSR2: SR_handler in libjvm.dylib, mask=00000000000000000000000000000000, flags=SA_RESTART|SA_SIGINFO, blocked
    SIGHUP: UserHandler in libjvm.dylib, mask=11100110000111110111111111111111, flags=SA_RESTART|SA_SIGINFO, blocked
    SIGINT: SIG_IGN, mask=00000000000000000000000000000000, flags=SA_ONSTACK, blocked
   SIGTERM: UserHandler in libjvm.dylib, mask=11100110000111110111111111111111, flags=SA_RESTART|SA_SIGINFO, blocked
   SIGQUIT: UserHandler in libjvm.dylib, mask=11100110000111110111111111111111, flags=SA_RESTART|SA_SIGINFO, blocked
   SIGTRAP: crash_handler in libjvm.dylib, mask=11100110000111110111111111111111, flags=SA_RESTART|SA_SIGINFO, unblocked


Periodic native trim disabled

---------------  S Y S T E M  ---------------

OS:
uname: Darwin 25.6.0 Darwin Kernel Version 25.6.0: Fri Jul 31 19:11:03 PDT 2026; root:xnu-12377.161.14~5/RELEASE_ARM64_T8132 arm64
OS uptime: 3 days 18:24 hours
rlimit (soft/hard): STACK 8176k/65520k , CORE 0k/infinity , NPROC 2666/4000 , NOFILE 1048576/infinity , AS infinity/infinity , CPU infinity/infinity , DATA infinity/infinity , FSIZE infinity/infinity , MEMLOCK infinity/infinity , RSS infinity/infinity
load average: 3.01 2.45 2.11

CPU: total 10 (initial active 10) 0x61:0x0:0x6f5129ac:0, fp, asimd, aes, pmull, sha1, sha256, crc32, lse, sha3, sha512
machdep.cpu.brand_string:Apple M4
hw.cachelinesize:128
hw.l1icachesize:131072
hw.l1dcachesize:65536
hw.l2cachesize:4194304

Memory: 16k page, physical 16777216k(502784k free), swap 4194304k(1091840k free)

vm_info: Java HotSpot(TM) 64-Bit Server VM (21.0.12.1+1-LTS-4) for bsd-aarch64 JRE (21.0.12.1+1-LTS-4), built on 2026-07-15T18:25:55Z by "mach5run" with clang Apple LLVM 12.0.0 (clang-1200.0.32.29)

END.
