#
# A fatal error has been detected by the Java Runtime Environment:
#
#  SIGSEGV (0xb) at pc=0x00000001001e800c, pid=26056, tid=38707
#
# JRE version: Java(TM) SE Runtime Environment (21.0.12.1+1) (build 21.0.12.1+1-LTS-4)
# Java VM: Java HotSpot(TM) 64-Bit Server VM (21.0.12.1+1-LTS-4, mixed mode, sharing, tiered, compressed oops, compressed class ptrs, g1 gc, bsd-aarch64)
# Problematic frame:
# C  [python3.12+0x1000c]  PyObject_RichCompareBool+0x48
#
# No core dump will be written. Core dumps have been disabled. To enable core dumping, try "ulimit -c unlimited" before starting Java again
#
# If you would like to submit a bug report, please visit:
#   https://bugreport.java.com/bugreport/crash.jsp
# The crash happened outside the Java Virtual Machine in native code.
# See problematic frame for where to report the bug.
#

---------------  S U M M A R Y ------------

Command Line: -Dfile.encoding=UTF8 -ea -Xmx1024m 

Host: "Mac16,1" arm64, 10 cores, 16G, Darwin 25.6.0, macOS 26.6.2 (25G83)
Time: Tue Sep  1 18:18:46 2026 KST elapsed time: 27968.272091 seconds (0d 7h 46m 8s)

---------------  T H R E A D  ---------------

Current thread (0x0000000942607800):  JavaThread "SIGTERM handler" daemon [_thread_in_native, id=38707, stack(0x000000031b514000,0x000000031b717000) (2060K)]

Stack: [0x000000031b514000,0x000000031b717000],  sp=0x000000031b716660,  free space=2057k
Native frames: (J=compiled Java code, j=interpreted, Vv=VM code, C=native code)
C  [python3.12+0x1000c]  PyObject_RichCompareBool+0x48
C  [python3.12+0x287e8c]  compare_handler+0x38
C  [python3.12+0x8822ec]  PyErr_SetInterruptEx+0x44
j  org.jpype.JPypeSignal.interruptPy(I)V+0
j  org.jpype.JPypeSignal.lambda$getSignalHandler$0(ILjava/lang/Object;Ljava/lang/reflect/Method;[Ljava/lang/Object;)Ljava/lang/Object;+7
j  org.jpype.JPypeSignal$$Lambda+0x0000007001007830.invoke(Ljava/lang/Object;Ljava/lang/reflect/Method;[Ljava/lang/Object;)Ljava/lang/Object;+7
j  jdk.proxy2.$Proxy3.handle(Lsun/misc/Signal;)V+16 jdk.proxy2
j  sun.misc.Signal$InternalMiscHandler.handle(Ljdk/internal/misc/Signal;)V+8 jdk.unsupported@21.0.12.1
j  jdk.internal.misc.Signal$1.run()V+8 java.base@21.0.12.1
j  java.lang.Thread.runWith(Ljava/lang/Object;Ljava/lang/Runnable;)V+5 java.base@21.0.12.1
j  java.lang.Thread.run()V+19 java.base@21.0.12.1
v  ~StubRoutines::call_stub 0x0000000156338154
V  [libjvm.dylib+0x4d65cc]  JavaCalls::call_helper(JavaValue*, methodHandle const&, JavaCallArguments*, JavaThread*)+0x39c
V  [libjvm.dylib+0x4d5590]  JavaCalls::call_virtual(JavaValue*, Klass*, Symbol*, Symbol*, JavaCallArguments*, JavaThread*)+0x140
V  [libjvm.dylib+0x4d565c]  JavaCalls::call_virtual(JavaValue*, Handle, Klass*, Symbol*, Symbol*, JavaThread*)+0x64
V  [libjvm.dylib+0x59a4d0]  thread_entry(JavaThread*, JavaThread*)+0x9c
V  [libjvm.dylib+0x4e96b4]  JavaThread::thread_main_inner()+0x8c
V  [libjvm.dylib+0x9a3f0c]  Thread::call_run()+0xc8
V  [libjvm.dylib+0x84de78]  thread_native_entry(Thread*)+0x158
C  [libsystem_pthread.dylib+0x6c58]  _pthread_start+0x88
Java frames: (J=compiled Java code, j=interpreted, Vv=VM code)
j  org.jpype.JPypeSignal.interruptPy(I)V+0
j  org.jpype.JPypeSignal.lambda$getSignalHandler$0(ILjava/lang/Object;Ljava/lang/reflect/Method;[Ljava/lang/Object;)Ljava/lang/Object;+7
j  org.jpype.JPypeSignal$$Lambda+0x0000007001007830.invoke(Ljava/lang/Object;Ljava/lang/reflect/Method;[Ljava/lang/Object;)Ljava/lang/Object;+7
j  jdk.proxy2.$Proxy3.handle(Lsun/misc/Signal;)V+16 jdk.proxy2
j  sun.misc.Signal$InternalMiscHandler.handle(Ljdk/internal/misc/Signal;)V+8 jdk.unsupported@21.0.12.1
j  jdk.internal.misc.Signal$1.run()V+8 java.base@21.0.12.1
j  java.lang.Thread.runWith(Ljava/lang/Object;Ljava/lang/Runnable;)V+5 java.base@21.0.12.1
j  java.lang.Thread.run()V+19 java.base@21.0.12.1
v  ~StubRoutines::call_stub 0x0000000156338154

siginfo: si_signo: 11 (SIGSEGV), si_code: 2 (SEGV_ACCERR), si_addr: 0x0000000000000024

Registers:
 x0=0x0000000934ba9df8  x1=0x00000001010a8378  x2=0x0000000000000002  x3=0x0000000000000000
 x4=0x0000000000000001  x5=0x0000000000000000  x6=0x00000000000000d6  x7=0x0000000942607800
 x8=0x000000018cfd0388  x9=0x0000000100fb1860 x10=0x0000000100fb1860 x11=0x0000000000000004
x12=0x00000001484198c8 x13=0x00000001484198c8 x14=0x000000000006a000 x15=0x000000000000000f
x16=0x0000000000000102 x17=0x0000000000000000 x18=0x0000000000000000 x19=0x0000000000000000
x20=0x00000001010a8378 x21=0x0000000000000002 x22=0x00000001010a8358 x23=0x000000015633fa40
x24=0x000000031b716778 x25=0x0000000000000001 x26=0x0000000148419ad8 x27=0x0000000000000000
x28=0x0000000942607800  fp=0x000000031b7166b0  lr=0x00000001001e8000  sp=0x000000031b716660
pc=0x00000001001e800c cpsr=0x0000000080000000

Register to memory mapping:

x0 =0x0000000934ba9df8 points into unknown readable memory: 0x0000000000000000 | 00 00 00 00 00 00 00 00
x1 =0x00000001010a8378: _PyRuntime+0xaa0 in /Users/chaeyeong/.local/share/uv/python/cpython-3.12.14-macos-aarch64-none/bin/python3.12 at 0x00000001001d8000
x2 =0x0000000000000002 is an unknown value
x3 =0x0 is null
x4 =0x0000000000000001 is an unknown value
x5 =0x0 is null
x6 =0x00000000000000d6 is an unknown value
x7 =0x0000000942607800 is a thread
x8 =0x000000018cfd0388: _tlv_get_addr+0 in /usr/lib/system/libdyld.dylib at 0x000000018cfb3000
x9 =0x0000000100fb1860: PyLong_Type+0 in /Users/chaeyeong/.local/share/uv/python/cpython-3.12.14-macos-aarch64-none/bin/python3.12 at 0x00000001001d8000
x10=0x0000000100fb1860: PyLong_Type+0 in /Users/chaeyeong/.local/share/uv/python/cpython-3.12.14-macos-aarch64-none/bin/python3.12 at 0x00000001001d8000
x11=0x0000000000000004 is an unknown value
x12={method} {0x00000001484198c8} 'interruptPy' '(I)V' in 'org/jpype/JPypeSignal'
x13={method} {0x00000001484198c8} 'interruptPy' '(I)V' in 'org/jpype/JPypeSignal'
x14=0x000000000006a000 is an unknown value
x15=0x000000000000000f is an unknown value
x16=0x0000000000000102 is an unknown value
x17=0x0 is null
x18=0x0 is null
x19=0x0 is null
x20=0x00000001010a8378: _PyRuntime+0xaa0 in /Users/chaeyeong/.local/share/uv/python/cpython-3.12.14-macos-aarch64-none/bin/python3.12 at 0x00000001001d8000
x21=0x0000000000000002 is an unknown value
x22=0x00000001010a8358: _PyRuntime+0xa80 in /Users/chaeyeong/.local/share/uv/python/cpython-3.12.14-macos-aarch64-none/bin/python3.12 at 0x00000001001d8000
x23=0x000000015633fa40 is at code_begin+0 in an Interpreter codelet
method entry point (kind = zerolocals)  [0x000000015633fa40, 0x000000015633fd60]  800 bytes
x24=0x000000031b716778 is pointing into the stack for thread: 0x0000000942607800
x25=0x0000000000000001 is an unknown value
x26=0x0000000148419ad8 is pointing into metadata
x27=0x0 is null
x28=0x0000000942607800 is a thread
 fp=0x000000031b7166b0 is pointing into the stack for thread: 0x0000000942607800
 lr=0x00000001001e8000: PyObject_RichCompareBool+0x3c in /Users/chaeyeong/.local/share/uv/python/cpython-3.12.14-macos-aarch64-none/bin/python3.12 at 0x00000001001d8000
 sp=0x000000031b716660 is pointing into the stack for thread: 0x0000000942607800

Top of Stack: (sp=0x000000031b716660)
0x000000031b716660:   000000031b716778 000000015633fa40
0x000000031b716670:   0000000935aae5c0 00000001484198c8
0x000000031b716680:   000000031b716778 000000015633fa40
0x000000031b716690:   0000000000000000 0000000125bf78d0
0x000000031b7166a0:   00000001010a8358 000000000000000f
0x000000031b7166b0:   000000031b7166c0 000000010045fe8c
0x000000031b7166c0:   000000031b7166e0 0000000100a5a2ec
0x000000031b7166d0:   000000031b7166f8 000000015633e8f0
0x000000031b7166e0:   000000031b716750 0000000156340a88
0x000000031b7166f0:   0000000000000001 0000000942607800
0x000000031b716700:   000000031b716700 0000000000000000
0x000000031b716710:   0000000000000005 0000000148419ad8
0x000000031b716720:   000000056a800000 000000031b7166f0
0x000000031b716730:   0000000000000000 00000001484198c8
0x000000031b716740:   0000000000000000 000000031b716760
0x000000031b716750:   000000031b7167d0 000000015633d17c
0x000000031b716760:   0000000000000000 000000056a800000
0x000000031b716770:   000000056a92da48 000000000000000f
0x000000031b716780:   000000031b716780 0000000148419a0f
0x000000031b716790:   0000000000000005 0000000148419ad8
0x000000031b7167a0:   000000056a800000 000000031b716760
0x000000031b7167b0:   0000000000000000 0000000148419a18
0x000000031b7167c0:   000000031b716778 000000031b7167c0
0x000000031b7167d0:   000000031b716850 000000015633cf70
0x000000031b7167e0:   00000005a88feb40 000000056a8018d8
0x000000031b7167f0:   000000056a8024c0 000000000000000f
0x000000031b716800:   000000031b716800 0000000148419fd7
0x000000031b716810:   0000000000000005 0000000148424068
0x000000031b716820:   000000056a8010f8 000000031b7167c0
0x000000031b716830:   0000000000000000 0000000148424000
0x000000031b716840:   000000031b7167e0 000000031b716830
0x000000031b716850:   000000031b7168d0 000000015633d420 

Instructions: (pc=0x00000001001e800c)
0x00000001001e7f0c:   e1 03 17 aa 4a 45 00 94 f6 03 00 aa e0 f9 ff b5
0x00000001001e7f1c:   e8 02 40 f9 28 04 f8 36 78 00 00 b4 08 03 40 f9
0x00000001001e7f2c:   c8 02 f8 36 74 e5 ff b4 88 02 40 f9 28 e5 ff 37
0x00000001001e7f3c:   08 05 00 f1 88 02 00 f9 c1 e4 ff 54 88 06 40 f9
0x00000001001e7f4c:   08 19 40 f9 e0 03 14 aa 00 01 3f d6 21 ff ff 17
0x00000001001e7f5c:   c8 02 40 f9 e8 fd ff 37 08 05 00 f1 c8 02 00 f9
0x00000001001e7f6c:   81 fd ff 54 c8 06 40 f9 08 19 40 f9 e0 03 16 aa
0x00000001001e7f7c:   00 01 3f d6 e7 ff ff 17 08 05 00 f1 08 03 00 f9
0x00000001001e7f8c:   21 fd ff 54 08 07 40 f9 08 19 40 f9 e0 03 18 aa
0x00000001001e7f9c:   00 01 3f d6 e4 ff ff 17 08 05 00 f1 e8 02 00 f9
0x00000001001e7fac:   c1 fb ff 54 e8 06 40 f9 08 19 40 f9 e0 03 17 aa
0x00000001001e7fbc:   00 01 3f d6 d9 ff ff 17 ff 83 01 d1 f8 5f 02 a9
0x00000001001e7fcc:   f6 57 03 a9 f4 4f 04 a9 fd 7b 05 a9 fd 43 01 91
0x00000001001e7fdc:   f5 03 02 aa f4 03 01 aa f6 03 00 aa 1f 00 01 eb
0x00000001001e7fec:   60 06 00 54 00 76 00 90 00 00 23 91 08 00 40 f9
0x00000001001e7ffc:   00 01 3f d6 13 00 40 f9 f6 15 00 b4 d4 15 00 b4
0x00000001001e800c:   68 26 40 b9 09 05 00 51 69 26 00 b9 1f 01 00 71
0x00000001001e801c:   0d 17 00 54 88 06 40 f9 c9 06 40 f9 77 6e 00 b0
0x00000001001e802c:   f7 22 35 91 3f 01 08 eb e1 0a 00 54 38 00 80 52
0x00000001001e803c:   c8 06 40 f9 08 65 40 f9 68 05 00 b4 e0 03 16 aa
0x00000001001e804c:   e1 03 14 aa e2 03 15 aa 00 01 3f d6 1f 00 17 eb
0x00000001001e805c:   40 04 00 54 68 26 40 b9 08 05 00 11 68 26 00 b9
0x00000001001e806c:   a0 13 00 b4 08 04 40 f9 c9 6d 00 90 29 21 12 91
0x00000001001e807c:   1f 01 09 eb 41 13 00 54 c8 6d 00 90 08 a1 18 91
0x00000001001e808c:   1f 00 08 eb f3 17 9f 1a 08 00 40 f9 88 01 f8 36
0x00000001001e809c:   e0 03 13 aa fd 7b 45 a9 f4 4f 44 a9 f6 57 43 a9
0x00000001001e80ac:   f8 5f 42 a9 ff 83 01 91 c0 03 5f d6 bf 0a 00 71
0x00000001001e80bc:   41 08 00 54 33 00 80 52 f6 ff ff 17 08 05 00 f1
0x00000001001e80cc:   08 00 00 f9 61 fe ff 54 08 04 40 f9 08 19 40 f9
0x00000001001e80dc:   00 01 3f d6 ef ff ff 17 68 6e 00 b0 09 a5 46 f9
0x00000001001e80ec:   29 03 f8 36 f8 01 00 34 88 06 40 f9 08 65 40 f9
0x00000001001e80fc:   88 01 00 b4 69 6e 00 b0 29 c1 1d 91 22 d9 75 b8 


Stack slot to memory mapping:

stack at sp + 0 slots: 0x000000031b716778 is pointing into the stack for thread: 0x0000000942607800
stack at sp + 1 slots: 0x000000015633fa40 is at code_begin+0 in an Interpreter codelet
method entry point (kind = zerolocals)  [0x000000015633fa40, 0x000000015633fd60]  800 bytes
stack at sp + 2 slots: 0x0000000935aae5c0 points into unknown readable memory: 0x0000001e00000003 | 03 00 00 00 1e 00 00 00
stack at sp + 3 slots: {method} {0x00000001484198c8} 'interruptPy' '(I)V' in 'org/jpype/JPypeSignal'
stack at sp + 4 slots: 0x000000031b716778 is pointing into the stack for thread: 0x0000000942607800
stack at sp + 5 slots: 0x000000015633fa40 is at code_begin+0 in an Interpreter codelet
method entry point (kind = zerolocals)  [0x000000015633fa40, 0x000000015633fd60]  800 bytes
stack at sp + 6 slots: 0x0 is null
stack at sp + 7 slots: 0x0000000125bf78d0: _ZN19TemplateInterpreter13_active_tableE+0 in /Library/Java/JavaVirtualMachines/jdk-21.jdk/Contents/Home/lib/server/libjvm.dylib at 0x0000000124f28000


---------------  P R O C E S S  ---------------

Threads class SMR info:
_java_thread_list=0x0000000935aacf60, length=13, elements={
0x0000000939c77100, 0x000000093bee0000, 0x000000093bee0700, 0x000000093bee0e00,
0x000000093bee1500, 0x000000093bee1c00, 0x000000092e570000, 0x000000092e570800,
0x000000093bee2300, 0x000000093bee2a00, 0x000000093bee3100, 0x000000093e46f800,
0x0000000942607800
}

Java Threads: ( => current thread )
  0x0000000939c77100 JavaThread "main"                              [_thread_in_native, id=259, stack(0x000000016f42c000,0x000000016fc28000) (8176K)]
  0x000000093bee0000 JavaThread "Reference Handler"          daemon [_thread_blocked, id=24835, stack(0x000000017a214000,0x000000017a417000) (2060K)]
  0x000000093bee0700 JavaThread "Finalizer"                  daemon [_thread_blocked, id=28675, stack(0x000000017a420000,0x000000017a623000) (2060K)]
  0x000000093bee0e00 JavaThread "Signal Dispatcher"          daemon [_thread_blocked, id=28163, stack(0x000000017a62c000,0x000000017a82f000) (2060K)]
  0x000000093bee1500 JavaThread "Service Thread"             daemon [_thread_blocked, id=25091, stack(0x000000017a838000,0x000000017aa3b000) (2060K)]
  0x000000093bee1c00 JavaThread "Monitor Deflation Thread"   daemon [_thread_blocked, id=25603, stack(0x000000017aa44000,0x000000017ac47000) (2060K)]
  0x000000092e570000 JavaThread "C2 CompilerThread0"         daemon [_thread_blocked, id=26115, stack(0x000000017ac50000,0x000000017ae53000) (2060K)]
  0x000000092e570800 JavaThread "C1 CompilerThread0"         daemon [_thread_blocked, id=26371, stack(0x000000017ae5c000,0x000000017b05f000) (2060K)]
  0x000000093bee2300 JavaThread "Notification Thread"        daemon [_thread_blocked, id=27139, stack(0x000000017b068000,0x000000017b26b000) (2060K)]
  0x000000093bee2a00 JavaThread "Common-Cleaner"             daemon [_thread_blocked, id=26883, stack(0x000000017b274000,0x000000017b477000) (2060K)]
  0x000000093bee3100 JavaThread "Python Reference Queue"     daemon [_thread_blocked, id=43267, stack(0x000000017b480000,0x000000017b683000) (2060K)]
  0x000000093e46f800 JavaThread "Thread-1"                   daemon [_thread_in_native, id=35843, stack(0x000000017c8f8000,0x000000017d8fb000) (16396K)]
=>0x0000000942607800 JavaThread "SIGTERM handler"            daemon [_thread_in_native, id=38707, stack(0x000000031b514000,0x000000031b717000) (2060K)]
Total: 13

Other Threads:
  0x000000092dd52000 VMThread "VM Thread"                           [id=29699, stack(0x000000017a008000,0x000000017a20b000) (2060K)]
  0x000000092e41f480 WatcherThread "VM Periodic Task Thread"        [id=30979, stack(0x0000000179dfc000,0x0000000179fff000) (2060K)]
  0x000000092dd2b000 WorkerThread "GC Thread#0"                     [id=22019, stack(0x00000001793c0000,0x00000001795c3000) (2060K)]
  0x000000092de38800 WorkerThread "GC Thread#1"                     [id=42755, stack(0x000000017b68c000,0x000000017b88f000) (2060K)]
  0x000000092de38c00 WorkerThread "GC Thread#2"                     [id=33283, stack(0x000000017b898000,0x000000017ba9b000) (2060K)]
  0x000000092de39000 WorkerThread "GC Thread#3"                     [id=42243, stack(0x000000017baa4000,0x000000017bca7000) (2060K)]
  0x000000092de39400 WorkerThread "GC Thread#4"                     [id=33539, stack(0x000000017bcb0000,0x000000017beb3000) (2060K)]
  0x000000092de39800 WorkerThread "GC Thread#5"                     [id=34051, stack(0x000000017bebc000,0x000000017c0bf000) (2060K)]
  0x000000092d805000 WorkerThread "GC Thread#6"                     [id=41475, stack(0x000000017c2d4000,0x000000017c4d7000) (2060K)]
  0x000000092de3b800 WorkerThread "GC Thread#7"                     [id=35075, stack(0x000000017c4e0000,0x000000017c6e3000) (2060K)]
  0x000000092de3b000 WorkerThread "GC Thread#8"                     [id=35587, stack(0x000000017c6ec000,0x000000017c8ef000) (2060K)]
  0x000000092dd2b400 ConcurrentGCThread "G1 Main Marker"            [id=22531, stack(0x00000001795cc000,0x00000001797cf000) (2060K)]
  0x000000092dd2bc00 WorkerThread "G1 Conc#0"                       [id=32259, stack(0x00000001797d8000,0x00000001799db000) (2060K)]
  0x000000092de3a800 WorkerThread "G1 Conc#1"                       [id=41731, stack(0x000000017c0c8000,0x000000017c2cb000) (2060K)]
  0x0000000939f7ad00 ConcurrentGCThread "G1 Refine#0"               [id=32003, stack(0x00000001799e4000,0x0000000179be7000) (2060K)]
  0x000000092dd50800 ConcurrentGCThread "G1 Service"                [id=31747, stack(0x0000000179bf0000,0x0000000179df3000) (2060K)]
Total: 16

Threads with active compile tasks:
Total: 0

VM state: not at safepoint (normal execution)

VM Mutex/Monitor currently owned by a thread: None

Heap address: 0x000000056a800000, size: 1024 MB, Compressed Oops mode: Zero based, Oop shift amount: 3

CDS archive(s) mapped at: [0x0000007000000000-0x0000007000ca8000-0x0000007000ca8000), size 13271040, SharedBaseAddress: 0x0000007000000000, ArchiveRelocationMode: 1.
Compressed class space mapped at: 0x0000007001000000-0x0000007041000000, reserved size: 1073741824
Narrow klass base: 0x0000007000000000, Narrow klass shift: 0, Narrow klass range: 0x100000000

GC Precious Log:
 CardTable entry size: 512
 Card Set container configuration: InlinePtr #cards 5 size 8 Array Of Cards #cards 12 size 40 Howl #buckets 4 coarsen threshold 1843 Howl Bitmap #cards 512 size 80 coarsen threshold 460 Card regions per heap region 1 cards per card region 2048
 CPUs: 10 total, 10 available
 Memory: 16384M
 Large Page Support: Disabled
 NUMA Support: Disabled
 Compressed Oops: Enabled (Zero based)
 Heap Region Size: 1M
 Heap Min Capacity: 8M
 Heap Initial Capacity: 256M
 Heap Max Capacity: 1G
 Pre-touch: Disabled
 Parallel Workers: 9
 Concurrent Workers: 2
 Concurrent Refinement Workers: 9
 Periodic GC: Disabled

Heap:
 garbage-first heap   total 1048576K, used 703255K [0x000000056a800000, 0x00000005aa800000)
  region size 1024K, 4 young (4096K), 0 survivors (0K)
 Metaspace       used 12773K, committed 12992K, reserved 1114112K
  class space    used 1689K, committed 1792K, reserved 1048576K

Heap Regions: E=young(eden), S=young(survivor), O=old, HS=humongous(starts), HC=humongous(continues), CS=collection set, F=free, TAMS=top-at-mark-start, PB=parsable bottom
|   0|0x000000056a800000, 0x000000056a8fffe0, 0x000000056a900000| 99%| O|  |TAMS 0x000000056a800000| PB 0x000000056a800000| Untracked 
|   1|0x000000056a900000, 0x000000056a9ffff0, 0x000000056aa00000| 99%| O|  |TAMS 0x000000056a900000| PB 0x000000056a900000| Untracked 
|   2|0x000000056aa00000, 0x000000056aaffff8, 0x000000056ab00000| 99%| O|  |TAMS 0x000000056aa00000| PB 0x000000056aa00000| Untracked 
|   3|0x000000056ab00000, 0x000000056abffff0, 0x000000056ac00000| 99%| O|  |TAMS 0x000000056ab00000| PB 0x000000056ab00000| Untracked 
|   4|0x000000056ac00000, 0x000000056acffff0, 0x000000056ad00000| 99%| O|  |TAMS 0x000000056ac00000| PB 0x000000056ac00000| Untracked 
|   5|0x000000056ad00000, 0x000000056ae00000, 0x000000056ae00000|100%| O|  |TAMS 0x000000056ad00000| PB 0x000000056ad00000| Untracked 
|   6|0x000000056ae00000, 0x000000056af00000, 0x000000056af00000|100%| O|  |TAMS 0x000000056ae00000| PB 0x000000056ae00000| Untracked 
|   7|0x000000056af00000, 0x000000056afffff8, 0x000000056b000000| 99%| O|  |TAMS 0x000000056af00000| PB 0x000000056af00000| Untracked 
|   8|0x000000056b000000, 0x000000056b0ffff8, 0x000000056b100000| 99%| O|  |TAMS 0x000000056b000000| PB 0x000000056b000000| Untracked 
|   9|0x000000056b100000, 0x000000056b200000, 0x000000056b200000|100%| O|  |TAMS 0x000000056b100000| PB 0x000000056b100000| Untracked 
|  10|0x000000056b200000, 0x000000056b300000, 0x000000056b300000|100%| O|  |TAMS 0x000000056b200000| PB 0x000000056b200000| Untracked 
|  11|0x000000056b300000, 0x000000056b400000, 0x000000056b400000|100%| O|  |TAMS 0x000000056b300000| PB 0x000000056b300000| Untracked 
|  12|0x000000056b400000, 0x000000056b4ffff0, 0x000000056b500000| 99%| O|  |TAMS 0x000000056b400000| PB 0x000000056b400000| Untracked 
|  13|0x000000056b500000, 0x000000056b600000, 0x000000056b600000|100%|HS|  |TAMS 0x000000056b500000| PB 0x000000056b500000| Untracked 
|  14|0x000000056b600000, 0x000000056b700000, 0x000000056b700000|100%|HC|  |TAMS 0x000000056b600000| PB 0x000000056b600000| Untracked 
|  15|0x000000056b700000, 0x000000056b800000, 0x000000056b800000|100%|HS|  |TAMS 0x000000056b700000| PB 0x000000056b700000| Untracked 
|  16|0x000000056b800000, 0x000000056b900000, 0x000000056b900000|100%|HC|  |TAMS 0x000000056b800000| PB 0x000000056b800000| Untracked 
|  17|0x000000056b900000, 0x000000056ba00000, 0x000000056ba00000|100%| O|  |TAMS 0x000000056b900000| PB 0x000000056b900000| Untracked 
|  18|0x000000056ba00000, 0x000000056bb00000, 0x000000056bb00000|100%|HS|  |TAMS 0x000000056ba00000| PB 0x000000056ba00000| Untracked 
|  19|0x000000056bb00000, 0x000000056bbffff8, 0x000000056bc00000| 99%| O|  |TAMS 0x000000056bb00000| PB 0x000000056bb00000| Untracked 
|  20|0x000000056bc00000, 0x000000056bd00000, 0x000000056bd00000|100%|HS|  |TAMS 0x000000056bc00000| PB 0x000000056bc00000| Untracked 
|  21|0x000000056bd00000, 0x000000056bdfae50, 0x000000056be00000| 98%| O|  |TAMS 0x000000056bd00000| PB 0x000000056bd00000| Untracked 
|  22|0x000000056be00000, 0x000000056befae78, 0x000000056bf00000| 98%| O|  |TAMS 0x000000056be00000| PB 0x000000056be00000| Untracked 
|  23|0x000000056bf00000, 0x000000056bfffff8, 0x000000056c000000| 99%| O|  |TAMS 0x000000056bf00000| PB 0x000000056bf00000| Untracked 
|  24|0x000000056c000000, 0x000000056c0ffff8, 0x000000056c100000| 99%| O|  |TAMS 0x000000056c000000| PB 0x000000056c000000| Untracked 
|  25|0x000000056c100000, 0x000000056c1ffff0, 0x000000056c200000| 99%| O|  |TAMS 0x000000056c100000| PB 0x000000056c100000| Untracked 
|  26|0x000000056c200000, 0x000000056c300000, 0x000000056c300000|100%|HS|  |TAMS 0x000000056c200000| PB 0x000000056c200000| Untracked 
|  27|0x000000056c300000, 0x000000056c400000, 0x000000056c400000|100%|HC|  |TAMS 0x000000056c300000| PB 0x000000056c300000| Untracked 
|  28|0x000000056c400000, 0x000000056c500000, 0x000000056c500000|100%|HS|  |TAMS 0x000000056c400000| PB 0x000000056c400000| Untracked 
|  29|0x000000056c500000, 0x000000056c600000, 0x000000056c600000|100%|HC|  |TAMS 0x000000056c500000| PB 0x000000056c500000| Untracked 
|  30|0x000000056c600000, 0x000000056c700000, 0x000000056c700000|100%| O|  |TAMS 0x000000056c600000| PB 0x000000056c600000| Untracked 
|  31|0x000000056c700000, 0x000000056c7ffff8, 0x000000056c800000| 99%| O|  |TAMS 0x000000056c700000| PB 0x000000056c700000| Untracked 
|  32|0x000000056c800000, 0x000000056c900000, 0x000000056c900000|100%| O|  |TAMS 0x000000056c800000| PB 0x000000056c800000| Untracked 
|  33|0x000000056c900000, 0x000000056ca00000, 0x000000056ca00000|100%|HS|  |TAMS 0x000000056c900000| PB 0x000000056c900000| Untracked 
|  34|0x000000056ca00000, 0x000000056cb00000, 0x000000056cb00000|100%| O|  |TAMS 0x000000056ca00000| PB 0x000000056ca00000| Untracked 
|  35|0x000000056cb00000, 0x000000056cc00000, 0x000000056cc00000|100%|HS|  |TAMS 0x000000056cb00000| PB 0x000000056cb00000| Untracked 
|  36|0x000000056cc00000, 0x000000056cd00000, 0x000000056cd00000|100%|HC|  |TAMS 0x000000056cc00000| PB 0x000000056cc00000| Untracked 
|  37|0x000000056cd00000, 0x000000056cdffff8, 0x000000056ce00000| 99%| O|  |TAMS 0x000000056cd00000| PB 0x000000056cd00000| Untracked 
|  38|0x000000056ce00000, 0x000000056cf00000, 0x000000056cf00000|100%|HS|  |TAMS 0x000000056ce00000| PB 0x000000056ce00000| Untracked 
|  39|0x000000056cf00000, 0x000000056d000000, 0x000000056d000000|100%|HC|  |TAMS 0x000000056cf00000| PB 0x000000056cf00000| Untracked 
|  40|0x000000056d000000, 0x000000056d0ffff8, 0x000000056d100000| 99%| O|  |TAMS 0x000000056d000000| PB 0x000000056d000000| Untracked 
|  41|0x000000056d100000, 0x000000056d1f9f48, 0x000000056d200000| 97%| O|  |TAMS 0x000000056d100000| PB 0x000000056d100000| Untracked 
|  42|0x000000056d200000, 0x000000056d2ffff0, 0x000000056d300000| 99%| O|  |TAMS 0x000000056d200000| PB 0x000000056d200000| Untracked 
|  43|0x000000056d300000, 0x000000056d3ffff8, 0x000000056d400000| 99%| O|  |TAMS 0x000000056d300000| PB 0x000000056d300000| Untracked 
|  44|0x000000056d400000, 0x000000056d4ffff0, 0x000000056d500000| 99%| O|  |TAMS 0x000000056d400000| PB 0x000000056d400000| Untracked 
|  45|0x000000056d500000, 0x000000056d5fffe8, 0x000000056d600000| 99%| O|  |TAMS 0x000000056d500000| PB 0x000000056d500000| Untracked 
|  46|0x000000056d600000, 0x000000056d700000, 0x000000056d700000|100%| O|  |TAMS 0x000000056d600000| PB 0x000000056d600000| Untracked 
|  47|0x000000056d700000, 0x000000056d800000, 0x000000056d800000|100%| O|  |TAMS 0x000000056d700000| PB 0x000000056d700000| Untracked 
|  48|0x000000056d800000, 0x000000056d8ffff0, 0x000000056d900000| 99%| O|  |TAMS 0x000000056d800000| PB 0x000000056d800000| Untracked 
|  49|0x000000056d900000, 0x000000056da00000, 0x000000056da00000|100%| O|  |TAMS 0x000000056d900000| PB 0x000000056d900000| Untracked 
|  50|0x000000056da00000, 0x000000056daffff0, 0x000000056db00000| 99%| O|  |TAMS 0x000000056da00000| PB 0x000000056da00000| Untracked 
|  51|0x000000056db00000, 0x000000056dc00000, 0x000000056dc00000|100%| O|  |TAMS 0x000000056db00000| PB 0x000000056db00000| Untracked 
|  52|0x000000056dc00000, 0x000000056dcffff0, 0x000000056dd00000| 99%| O|  |TAMS 0x000000056dc00000| PB 0x000000056dc00000| Untracked 
|  53|0x000000056dd00000, 0x000000056ddffff0, 0x000000056de00000| 99%| O|  |TAMS 0x000000056dd00000| PB 0x000000056dd00000| Untracked 
|  54|0x000000056de00000, 0x000000056deffff8, 0x000000056df00000| 99%| O|  |TAMS 0x000000056de00000| PB 0x000000056de00000| Untracked 
|  55|0x000000056df00000, 0x000000056dfffff8, 0x000000056e000000| 99%| O|  |TAMS 0x000000056df00000| PB 0x000000056df00000| Untracked 
|  56|0x000000056e000000, 0x000000056e0ffff0, 0x000000056e100000| 99%| O|  |TAMS 0x000000056e000000| PB 0x000000056e000000| Untracked 
|  57|0x000000056e100000, 0x000000056e200000, 0x000000056e200000|100%| O|  |TAMS 0x000000056e100000| PB 0x000000056e100000| Untracked 
|  58|0x000000056e200000, 0x000000056e2fffe8, 0x000000056e300000| 99%| O|  |TAMS 0x000000056e200000| PB 0x000000056e200000| Untracked 
|  59|0x000000056e300000, 0x000000056e3ffff8, 0x000000056e400000| 99%| O|  |TAMS 0x000000056e300000| PB 0x000000056e300000| Untracked 
|  60|0x000000056e400000, 0x000000056e500000, 0x000000056e500000|100%| O|  |TAMS 0x000000056e400000| PB 0x000000056e400000| Untracked 
|  61|0x000000056e500000, 0x000000056e600000, 0x000000056e600000|100%| O|  |TAMS 0x000000056e500000| PB 0x000000056e500000| Untracked 
|  62|0x000000056e600000, 0x000000056e6ffff0, 0x000000056e700000| 99%| O|  |TAMS 0x000000056e600000| PB 0x000000056e600000| Untracked 
|  63|0x000000056e700000, 0x000000056e800000, 0x000000056e800000|100%| O|  |TAMS 0x000000056e700000| PB 0x000000056e700000| Untracked 
|  64|0x000000056e800000, 0x000000056e8ffff8, 0x000000056e900000| 99%| O|  |TAMS 0x000000056e800000| PB 0x000000056e800000| Untracked 
|  65|0x000000056e900000, 0x000000056e9ffff0, 0x000000056ea00000| 99%| O|  |TAMS 0x000000056e900000| PB 0x000000056e900000| Untracked 
|  66|0x000000056ea00000, 0x000000056eaffff8, 0x000000056eb00000| 99%| O|  |TAMS 0x000000056ea00000| PB 0x000000056ea00000| Untracked 
|  67|0x000000056eb00000, 0x000000056ebffff0, 0x000000056ec00000| 99%| O|  |TAMS 0x000000056eb00000| PB 0x000000056eb00000| Untracked 
|  68|0x000000056ec00000, 0x000000056ecffff8, 0x000000056ed00000| 99%| O|  |TAMS 0x000000056ec00000| PB 0x000000056ec00000| Untracked 
|  69|0x000000056ed00000, 0x000000056ee00000, 0x000000056ee00000|100%| O|  |TAMS 0x000000056ed00000| PB 0x000000056ed00000| Untracked 
|  70|0x000000056ee00000, 0x000000056ef00000, 0x000000056ef00000|100%| O|  |TAMS 0x000000056ee00000| PB 0x000000056ee00000| Untracked 
|  71|0x000000056ef00000, 0x000000056efffff8, 0x000000056f000000| 99%| O|  |TAMS 0x000000056ef00000| PB 0x000000056ef00000| Untracked 
|  72|0x000000056f000000, 0x000000056f0ffff0, 0x000000056f100000| 99%| O|  |TAMS 0x000000056f000000| PB 0x000000056f000000| Untracked 
|  73|0x000000056f100000, 0x000000056f1fffe0, 0x000000056f200000| 99%| O|  |TAMS 0x000000056f100000| PB 0x000000056f100000| Untracked 
|  74|0x000000056f200000, 0x000000056f2fffe0, 0x000000056f300000| 99%| O|  |TAMS 0x000000056f200000| PB 0x000000056f200000| Untracked 
|  75|0x000000056f300000, 0x000000056f400000, 0x000000056f400000|100%| O|  |TAMS 0x000000056f300000| PB 0x000000056f300000| Untracked 
|  76|0x000000056f400000, 0x000000056f4ffff0, 0x000000056f500000| 99%| O|  |TAMS 0x000000056f400000| PB 0x000000056f400000| Untracked 
|  77|0x000000056f500000, 0x000000056f5fffe8, 0x000000056f600000| 99%| O|  |TAMS 0x000000056f500000| PB 0x000000056f500000| Untracked 
|  78|0x000000056f600000, 0x000000056f6fffe8, 0x000000056f700000| 99%| O|  |TAMS 0x000000056f600000| PB 0x000000056f600000| Untracked 
|  79|0x000000056f700000, 0x000000056f7fffe0, 0x000000056f800000| 99%| O|  |TAMS 0x000000056f700000| PB 0x000000056f700000| Untracked 
|  80|0x000000056f800000, 0x000000056f900000, 0x000000056f900000|100%| O|  |TAMS 0x000000056f800000| PB 0x000000056f800000| Untracked 
|  81|0x000000056f900000, 0x000000056f9ffff0, 0x000000056fa00000| 99%| O|  |TAMS 0x000000056f900000| PB 0x000000056f900000| Untracked 
|  82|0x000000056fa00000, 0x000000056fb00000, 0x000000056fb00000|100%| O|  |TAMS 0x000000056fa00000| PB 0x000000056fa00000| Untracked 
|  83|0x000000056fb00000, 0x000000056fbfffe8, 0x000000056fc00000| 99%| O|  |TAMS 0x000000056fb00000| PB 0x000000056fb00000| Untracked 
|  84|0x000000056fc00000, 0x000000056fd00000, 0x000000056fd00000|100%|HS|  |TAMS 0x000000056fc00000| PB 0x000000056fc00000| Untracked 
|  85|0x000000056fd00000, 0x000000056fe00000, 0x000000056fe00000|100%|HC|  |TAMS 0x000000056fd00000| PB 0x000000056fd00000| Untracked 
|  86|0x000000056fe00000, 0x000000056ff00000, 0x000000056ff00000|100%|HC|  |TAMS 0x000000056fe00000| PB 0x000000056fe00000| Untracked 
|  87|0x000000056ff00000, 0x0000000570000000, 0x0000000570000000|100%|HC|  |TAMS 0x000000056ff00000| PB 0x000000056ff00000| Untracked 
|  88|0x0000000570000000, 0x0000000570100000, 0x0000000570100000|100%|HC|  |TAMS 0x0000000570000000| PB 0x0000000570000000| Untracked 
|  89|0x0000000570100000, 0x0000000570200000, 0x0000000570200000|100%| O|  |TAMS 0x0000000570100000| PB 0x0000000570100000| Untracked 
|  90|0x0000000570200000, 0x0000000570300000, 0x0000000570300000|100%| O|  |TAMS 0x0000000570200000| PB 0x0000000570200000| Untracked 
|  91|0x0000000570300000, 0x0000000570400000, 0x0000000570400000|100%| O|  |TAMS 0x0000000570300000| PB 0x0000000570300000| Untracked 
|  92|0x0000000570400000, 0x0000000570500000, 0x0000000570500000|100%| O|  |TAMS 0x0000000570400000| PB 0x0000000570400000| Untracked 
|  93|0x0000000570500000, 0x0000000570600000, 0x0000000570600000|100%| O|  |TAMS 0x0000000570500000| PB 0x0000000570500000| Untracked 
|  94|0x0000000570600000, 0x0000000570700000, 0x0000000570700000|100%| O|  |TAMS 0x0000000570600000| PB 0x0000000570600000| Untracked 
|  95|0x0000000570700000, 0x0000000570800000, 0x0000000570800000|100%| O|  |TAMS 0x0000000570700000| PB 0x0000000570700000| Untracked 
|  96|0x0000000570800000, 0x0000000570900000, 0x0000000570900000|100%| O|  |TAMS 0x0000000570800000| PB 0x0000000570800000| Untracked 
|  97|0x0000000570900000, 0x0000000570a00000, 0x0000000570a00000|100%| O|  |TAMS 0x0000000570900000| PB 0x0000000570900000| Untracked 
|  98|0x0000000570a00000, 0x0000000570b00000, 0x0000000570b00000|100%| O|  |TAMS 0x0000000570a00000| PB 0x0000000570a00000| Untracked 
|  99|0x0000000570b00000, 0x0000000570c00000, 0x0000000570c00000|100%| O|  |TAMS 0x0000000570b00000| PB 0x0000000570b00000| Untracked 
| 100|0x0000000570c00000, 0x0000000570d00000, 0x0000000570d00000|100%| O|  |TAMS 0x0000000570c00000| PB 0x0000000570c00000| Untracked 
| 101|0x0000000570d00000, 0x0000000570e00000, 0x0000000570e00000|100%| O|  |TAMS 0x0000000570d00000| PB 0x0000000570d00000| Untracked 
| 102|0x0000000570e00000, 0x0000000570f00000, 0x0000000570f00000|100%| O|  |TAMS 0x0000000570e00000| PB 0x0000000570e00000| Untracked 
| 103|0x0000000570f00000, 0x0000000571000000, 0x0000000571000000|100%| O|  |TAMS 0x0000000570f00000| PB 0x0000000570f00000| Untracked 
| 104|0x0000000571000000, 0x0000000571100000, 0x0000000571100000|100%| O|  |TAMS 0x0000000571000000| PB 0x0000000571000000| Untracked 
| 105|0x0000000571100000, 0x0000000571200000, 0x0000000571200000|100%| O|  |TAMS 0x0000000571100000| PB 0x0000000571100000| Untracked 
| 106|0x0000000571200000, 0x0000000571300000, 0x0000000571300000|100%| O|  |TAMS 0x0000000571200000| PB 0x0000000571200000| Untracked 
| 107|0x0000000571300000, 0x0000000571400000, 0x0000000571400000|100%| O|  |TAMS 0x0000000571300000| PB 0x0000000571300000| Untracked 
| 108|0x0000000571400000, 0x0000000571500000, 0x0000000571500000|100%| O|  |TAMS 0x0000000571400000| PB 0x0000000571400000| Untracked 
| 109|0x0000000571500000, 0x0000000571600000, 0x0000000571600000|100%| O|  |TAMS 0x0000000571500000| PB 0x0000000571500000| Untracked 
| 110|0x0000000571600000, 0x0000000571700000, 0x0000000571700000|100%| O|  |TAMS 0x0000000571600000| PB 0x0000000571600000| Untracked 
| 111|0x0000000571700000, 0x0000000571800000, 0x0000000571800000|100%| O|  |TAMS 0x0000000571700000| PB 0x0000000571700000| Untracked 
| 112|0x0000000571800000, 0x0000000571900000, 0x0000000571900000|100%| O|  |TAMS 0x0000000571800000| PB 0x0000000571800000| Untracked 
| 113|0x0000000571900000, 0x0000000571a00000, 0x0000000571a00000|100%| O|  |TAMS 0x0000000571900000| PB 0x0000000571900000| Untracked 
| 114|0x0000000571a00000, 0x0000000571b00000, 0x0000000571b00000|100%| O|  |TAMS 0x0000000571a00000| PB 0x0000000571a00000| Untracked 
| 115|0x0000000571b00000, 0x0000000571bffff0, 0x0000000571c00000| 99%| O|  |TAMS 0x0000000571b00000| PB 0x0000000571b00000| Untracked 
| 116|0x0000000571c00000, 0x0000000571d00000, 0x0000000571d00000|100%| O|  |TAMS 0x0000000571c00000| PB 0x0000000571c00000| Untracked 
| 117|0x0000000571d00000, 0x0000000571e00000, 0x0000000571e00000|100%| O|  |TAMS 0x0000000571d00000| PB 0x0000000571d00000| Untracked 
| 118|0x0000000571e00000, 0x0000000571effff0, 0x0000000571f00000| 99%| O|  |TAMS 0x0000000571e00000| PB 0x0000000571e00000| Untracked 
| 119|0x0000000571f00000, 0x0000000571ffffe0, 0x0000000572000000| 99%| O|  |TAMS 0x0000000571f00000| PB 0x0000000571f00000| Untracked 
| 120|0x0000000572000000, 0x0000000572100000, 0x0000000572100000|100%| O|  |TAMS 0x0000000572000000| PB 0x0000000572000000| Untracked 
| 121|0x0000000572100000, 0x00000005721ffff0, 0x0000000572200000| 99%| O|  |TAMS 0x0000000572100000| PB 0x0000000572100000| Untracked 
| 122|0x0000000572200000, 0x00000005722ffff8, 0x0000000572300000| 99%| O|  |TAMS 0x0000000572200000| PB 0x0000000572200000| Untracked 
| 123|0x0000000572300000, 0x00000005723fffe8, 0x0000000572400000| 99%| O|  |TAMS 0x0000000572300000| PB 0x0000000572300000| Untracked 
| 124|0x0000000572400000, 0x00000005724fffe0, 0x0000000572500000| 99%| O|  |TAMS 0x0000000572400000| PB 0x0000000572400000| Untracked 
| 125|0x0000000572500000, 0x0000000572600000, 0x0000000572600000|100%| O|  |TAMS 0x0000000572500000| PB 0x0000000572500000| Untracked 
| 126|0x0000000572600000, 0x0000000572700000, 0x0000000572700000|100%| O|  |TAMS 0x0000000572600000| PB 0x0000000572600000| Untracked 
| 127|0x0000000572700000, 0x00000005727fffe0, 0x0000000572800000| 99%| O|  |TAMS 0x0000000572700000| PB 0x0000000572700000| Untracked 
| 128|0x0000000572800000, 0x0000000572900000, 0x0000000572900000|100%| O|  |TAMS 0x0000000572800000| PB 0x0000000572800000| Untracked 
| 129|0x0000000572900000, 0x0000000572a00000, 0x0000000572a00000|100%| O|  |TAMS 0x0000000572900000| PB 0x0000000572900000| Untracked 
| 130|0x0000000572a00000, 0x0000000572b00000, 0x0000000572b00000|100%| O|  |TAMS 0x0000000572a00000| PB 0x0000000572a00000| Untracked 
| 131|0x0000000572b00000, 0x0000000572c00000, 0x0000000572c00000|100%| O|  |TAMS 0x0000000572b00000| PB 0x0000000572b00000| Untracked 
| 132|0x0000000572c00000, 0x0000000572cffff0, 0x0000000572d00000| 99%| O|  |TAMS 0x0000000572c00000| PB 0x0000000572c00000| Untracked 
| 133|0x0000000572d00000, 0x0000000572e00000, 0x0000000572e00000|100%| O|  |TAMS 0x0000000572d00000| PB 0x0000000572d00000| Untracked 
| 134|0x0000000572e00000, 0x0000000572efffd8, 0x0000000572f00000| 99%| O|  |TAMS 0x0000000572e00000| PB 0x0000000572e00000| Untracked 
| 135|0x0000000572f00000, 0x0000000572fffff8, 0x0000000573000000| 99%| O|  |TAMS 0x0000000572f00000| PB 0x0000000572f00000| Untracked 
| 136|0x0000000573000000, 0x00000005730fffe0, 0x0000000573100000| 99%| O|  |TAMS 0x0000000573000000| PB 0x0000000573000000| Untracked 
| 137|0x0000000573100000, 0x00000005731fffd0, 0x0000000573200000| 99%| O|  |TAMS 0x0000000573100000| PB 0x0000000573100000| Untracked 
| 138|0x0000000573200000, 0x00000005732ffff0, 0x0000000573300000| 99%| O|  |TAMS 0x0000000573200000| PB 0x0000000573200000| Untracked 
| 139|0x0000000573300000, 0x0000000573400000, 0x0000000573400000|100%| O|  |TAMS 0x0000000573300000| PB 0x0000000573300000| Untracked 
| 140|0x0000000573400000, 0x00000005734fffe8, 0x0000000573500000| 99%| O|  |TAMS 0x0000000573400000| PB 0x0000000573400000| Untracked 
| 141|0x0000000573500000, 0x00000005735fffc0, 0x0000000573600000| 99%| O|  |TAMS 0x0000000573500000| PB 0x0000000573500000| Untracked 
| 142|0x0000000573600000, 0x00000005736ffff0, 0x0000000573700000| 99%| O|  |TAMS 0x0000000573600000| PB 0x0000000573600000| Untracked 
| 143|0x0000000573700000, 0x00000005737fffe0, 0x0000000573800000| 99%| O|  |TAMS 0x0000000573700000| PB 0x0000000573700000| Untracked 
| 144|0x0000000573800000, 0x0000000573900000, 0x0000000573900000|100%| O|  |TAMS 0x0000000573800000| PB 0x0000000573800000| Untracked 
| 145|0x0000000573900000, 0x0000000573a00000, 0x0000000573a00000|100%| O|  |TAMS 0x0000000573900000| PB 0x0000000573900000| Untracked 
| 146|0x0000000573a00000, 0x0000000573b00000, 0x0000000573b00000|100%| O|  |TAMS 0x0000000573a00000| PB 0x0000000573a00000| Untracked 
| 147|0x0000000573b00000, 0x0000000573c00000, 0x0000000573c00000|100%| O|  |TAMS 0x0000000573b00000| PB 0x0000000573b00000| Untracked 
| 148|0x0000000573c00000, 0x0000000573d00000, 0x0000000573d00000|100%| O|  |TAMS 0x0000000573c00000| PB 0x0000000573c00000| Untracked 
| 149|0x0000000573d00000, 0x0000000573e00000, 0x0000000573e00000|100%| O|  |TAMS 0x0000000573d00000| PB 0x0000000573d00000| Untracked 
| 150|0x0000000573e00000, 0x0000000573f00000, 0x0000000573f00000|100%| O|  |TAMS 0x0000000573e00000| PB 0x0000000573e00000| Untracked 
| 151|0x0000000573f00000, 0x0000000574000000, 0x0000000574000000|100%| O|  |TAMS 0x0000000573f00000| PB 0x0000000573f00000| Untracked 
| 152|0x0000000574000000, 0x0000000574100000, 0x0000000574100000|100%| O|  |TAMS 0x0000000574000000| PB 0x0000000574000000| Untracked 
| 153|0x0000000574100000, 0x00000005741ffff0, 0x0000000574200000| 99%| O|  |TAMS 0x0000000574100000| PB 0x0000000574100000| Untracked 
| 154|0x0000000574200000, 0x0000000574300000, 0x0000000574300000|100%| O|  |TAMS 0x0000000574200000| PB 0x0000000574200000| Untracked 
| 155|0x0000000574300000, 0x00000005743ffff8, 0x0000000574400000| 99%| O|  |TAMS 0x0000000574300000| PB 0x0000000574300000| Untracked 
| 156|0x0000000574400000, 0x00000005744ff498, 0x0000000574500000| 99%| O|  |TAMS 0x0000000574400000| PB 0x0000000574400000| Untracked 
| 157|0x0000000574500000, 0x00000005745ffff0, 0x0000000574600000| 99%| O|  |TAMS 0x0000000574500000| PB 0x0000000574500000| Untracked 
| 158|0x0000000574600000, 0x0000000574700000, 0x0000000574700000|100%| O|  |TAMS 0x0000000574600000| PB 0x0000000574600000| Untracked 
| 159|0x0000000574700000, 0x00000005747ffff0, 0x0000000574800000| 99%| O|  |TAMS 0x0000000574700000| PB 0x0000000574700000| Untracked 
| 160|0x0000000574800000, 0x0000000574900000, 0x0000000574900000|100%| O|  |TAMS 0x0000000574800000| PB 0x0000000574800000| Untracked 
| 161|0x0000000574900000, 0x00000005749ffff0, 0x0000000574a00000| 99%| O|  |TAMS 0x0000000574900000| PB 0x0000000574900000| Untracked 
| 162|0x0000000574a00000, 0x0000000574b00000, 0x0000000574b00000|100%| O|  |TAMS 0x0000000574a00000| PB 0x0000000574a00000| Untracked 
| 163|0x0000000574b00000, 0x0000000574c00000, 0x0000000574c00000|100%| O|  |TAMS 0x0000000574b00000| PB 0x0000000574b00000| Untracked 
| 164|0x0000000574c00000, 0x0000000574d00000, 0x0000000574d00000|100%| O|  |TAMS 0x0000000574c00000| PB 0x0000000574c00000| Untracked 
| 165|0x0000000574d00000, 0x0000000574e00000, 0x0000000574e00000|100%| O|  |TAMS 0x0000000574d00000| PB 0x0000000574d00000| Untracked 
| 166|0x0000000574e00000, 0x0000000574f00000, 0x0000000574f00000|100%| O|  |TAMS 0x0000000574e00000| PB 0x0000000574e00000| Untracked 
| 167|0x0000000574f00000, 0x0000000574fffff8, 0x0000000575000000| 99%| O|  |TAMS 0x0000000574f00000| PB 0x0000000574f00000| Untracked 
| 168|0x0000000575000000, 0x0000000575100000, 0x0000000575100000|100%|HS|  |TAMS 0x0000000575000000| PB 0x0000000575000000| Untracked 
| 169|0x0000000575100000, 0x0000000575200000, 0x0000000575200000|100%|HC|  |TAMS 0x0000000575100000| PB 0x0000000575100000| Untracked 
| 170|0x0000000575200000, 0x0000000575300000, 0x0000000575300000|100%|HC|  |TAMS 0x0000000575200000| PB 0x0000000575200000| Untracked 
| 171|0x0000000575300000, 0x0000000575400000, 0x0000000575400000|100%| O|  |TAMS 0x0000000575300000| PB 0x0000000575300000| Untracked 
| 172|0x0000000575400000, 0x00000005754fffe0, 0x0000000575500000| 99%| O|  |TAMS 0x0000000575400000| PB 0x0000000575400000| Untracked 
| 173|0x0000000575500000, 0x0000000575600000, 0x0000000575600000|100%|HS|  |TAMS 0x0000000575500000| PB 0x0000000575500000| Untracked 
| 174|0x0000000575600000, 0x0000000575700000, 0x0000000575700000|100%| O|  |TAMS 0x0000000575600000| PB 0x0000000575600000| Untracked 
| 175|0x0000000575700000, 0x00000005757fffe0, 0x0000000575800000| 99%| O|  |TAMS 0x0000000575700000| PB 0x0000000575700000| Untracked 
| 176|0x0000000575800000, 0x0000000575900000, 0x0000000575900000|100%| O|  |TAMS 0x0000000575800000| PB 0x0000000575800000| Untracked 
| 177|0x0000000575900000, 0x0000000575a00000, 0x0000000575a00000|100%| O|  |TAMS 0x0000000575900000| PB 0x0000000575900000| Untracked 
| 178|0x0000000575a00000, 0x0000000575b00000, 0x0000000575b00000|100%| O|  |TAMS 0x0000000575a00000| PB 0x0000000575a00000| Untracked 
| 179|0x0000000575b00000, 0x0000000575c00000, 0x0000000575c00000|100%| O|  |TAMS 0x0000000575b00000| PB 0x0000000575b00000| Untracked 
| 180|0x0000000575c00000, 0x0000000575d00000, 0x0000000575d00000|100%| O|  |TAMS 0x0000000575c00000| PB 0x0000000575c00000| Untracked 
| 181|0x0000000575d00000, 0x0000000575dffff0, 0x0000000575e00000| 99%| O|  |TAMS 0x0000000575d00000| PB 0x0000000575d00000| Untracked 
| 182|0x0000000575e00000, 0x0000000575f00000, 0x0000000575f00000|100%| O|  |TAMS 0x0000000575e00000| PB 0x0000000575e00000| Untracked 
| 183|0x0000000575f00000, 0x0000000576000000, 0x0000000576000000|100%| O|  |TAMS 0x0000000575f00000| PB 0x0000000575f00000| Untracked 
| 184|0x0000000576000000, 0x00000005760fffe0, 0x0000000576100000| 99%| O|  |TAMS 0x0000000576000000| PB 0x0000000576000000| Untracked 
| 185|0x0000000576100000, 0x0000000576200000, 0x0000000576200000|100%| O|  |TAMS 0x0000000576100000| PB 0x0000000576100000| Untracked 
| 186|0x0000000576200000, 0x0000000576300000, 0x0000000576300000|100%| O|  |TAMS 0x0000000576200000| PB 0x0000000576200000| Untracked 
| 187|0x0000000576300000, 0x00000005763ffff8, 0x0000000576400000| 99%| O|  |TAMS 0x0000000576300000| PB 0x0000000576300000| Untracked 
| 188|0x0000000576400000, 0x0000000576500000, 0x0000000576500000|100%| O|  |TAMS 0x0000000576400000| PB 0x0000000576400000| Untracked 
| 189|0x0000000576500000, 0x00000005765ffff8, 0x0000000576600000| 99%| O|  |TAMS 0x0000000576500000| PB 0x0000000576500000| Untracked 
| 190|0x0000000576600000, 0x00000005766ffff8, 0x0000000576700000| 99%| O|  |TAMS 0x0000000576600000| PB 0x0000000576600000| Untracked 
| 191|0x0000000576700000, 0x00000005767ffff8, 0x0000000576800000| 99%| O|  |TAMS 0x0000000576700000| PB 0x0000000576700000| Untracked 
| 192|0x0000000576800000, 0x00000005768ffff8, 0x0000000576900000| 99%| O|  |TAMS 0x0000000576800000| PB 0x0000000576800000| Untracked 
| 193|0x0000000576900000, 0x00000005769fffe8, 0x0000000576a00000| 99%| O|  |TAMS 0x0000000576900000| PB 0x0000000576900000| Untracked 
| 194|0x0000000576a00000, 0x0000000576afffe8, 0x0000000576b00000| 99%| O|  |TAMS 0x0000000576a00000| PB 0x0000000576a00000| Untracked 
| 195|0x0000000576b00000, 0x0000000576bfffe8, 0x0000000576c00000| 99%| O|  |TAMS 0x0000000576b00000| PB 0x0000000576b00000| Untracked 
| 196|0x0000000576c00000, 0x0000000576cffff8, 0x0000000576d00000| 99%| O|  |TAMS 0x0000000576c00000| PB 0x0000000576c00000| Untracked 
| 197|0x0000000576d00000, 0x0000000576e00000, 0x0000000576e00000|100%| O|  |TAMS 0x0000000576d00000| PB 0x0000000576d00000| Untracked 
| 198|0x0000000576e00000, 0x0000000576efffe0, 0x0000000576f00000| 99%| O|  |TAMS 0x0000000576e00000| PB 0x0000000576e00000| Untracked 
| 199|0x0000000576f00000, 0x0000000576fffff8, 0x0000000577000000| 99%| O|  |TAMS 0x0000000576f00000| PB 0x0000000576f00000| Untracked 
| 200|0x0000000577000000, 0x0000000577100000, 0x0000000577100000|100%| O|  |TAMS 0x0000000577000000| PB 0x0000000577000000| Untracked 
| 201|0x0000000577100000, 0x0000000577200000, 0x0000000577200000|100%|HS|  |TAMS 0x0000000577100000| PB 0x0000000577100000| Untracked 
| 202|0x0000000577200000, 0x00000005772ffff8, 0x0000000577300000| 99%| O|  |TAMS 0x0000000577200000| PB 0x0000000577200000| Untracked 
| 203|0x0000000577300000, 0x0000000577400000, 0x0000000577400000|100%| O|  |TAMS 0x0000000577300000| PB 0x0000000577300000| Untracked 
| 204|0x0000000577400000, 0x00000005774ffff0, 0x0000000577500000| 99%| O|  |TAMS 0x0000000577400000| PB 0x0000000577400000| Untracked 
| 205|0x0000000577500000, 0x00000005775ffff8, 0x0000000577600000| 99%| O|  |TAMS 0x0000000577500000| PB 0x0000000577500000| Untracked 
| 206|0x0000000577600000, 0x0000000577700000, 0x0000000577700000|100%| O|  |TAMS 0x0000000577600000| PB 0x0000000577600000| Untracked 
| 207|0x0000000577700000, 0x00000005777ffff0, 0x0000000577800000| 99%| O|  |TAMS 0x0000000577700000| PB 0x0000000577700000| Untracked 
| 208|0x0000000577800000, 0x00000005778ffff8, 0x0000000577900000| 99%| O|  |TAMS 0x0000000577800000| PB 0x0000000577800000| Untracked 
| 209|0x0000000577900000, 0x0000000577a00000, 0x0000000577a00000|100%| O|  |TAMS 0x0000000577900000| PB 0x0000000577900000| Untracked 
| 210|0x0000000577a00000, 0x0000000577b00000, 0x0000000577b00000|100%| O|  |TAMS 0x0000000577a00000| PB 0x0000000577a00000| Untracked 
| 211|0x0000000577b00000, 0x0000000577bfffe8, 0x0000000577c00000| 99%| O|  |TAMS 0x0000000577b00000| PB 0x0000000577b00000| Untracked 
| 212|0x0000000577c00000, 0x0000000577d00000, 0x0000000577d00000|100%| O|  |TAMS 0x0000000577c00000| PB 0x0000000577c00000| Untracked 
| 213|0x0000000577d00000, 0x0000000577e00000, 0x0000000577e00000|100%| O|  |TAMS 0x0000000577d00000| PB 0x0000000577d00000| Untracked 
| 214|0x0000000577e00000, 0x0000000577f00000, 0x0000000577f00000|100%| O|  |TAMS 0x0000000577e00000| PB 0x0000000577e00000| Untracked 
| 215|0x0000000577f00000, 0x0000000577fffff0, 0x0000000578000000| 99%| O|  |TAMS 0x0000000577f00000| PB 0x0000000577f00000| Untracked 
| 216|0x0000000578000000, 0x0000000578100000, 0x0000000578100000|100%| O|  |TAMS 0x0000000578000000| PB 0x0000000578000000| Untracked 
| 217|0x0000000578100000, 0x0000000578200000, 0x0000000578200000|100%| O|  |TAMS 0x0000000578100000| PB 0x0000000578100000| Untracked 
| 218|0x0000000578200000, 0x0000000578300000, 0x0000000578300000|100%| O|  |TAMS 0x0000000578200000| PB 0x0000000578200000| Untracked 
| 219|0x0000000578300000, 0x00000005783ffff0, 0x0000000578400000| 99%| O|  |TAMS 0x0000000578300000| PB 0x0000000578300000| Untracked 
| 220|0x0000000578400000, 0x0000000578500000, 0x0000000578500000|100%| O|  |TAMS 0x0000000578400000| PB 0x0000000578400000| Untracked 
| 221|0x0000000578500000, 0x0000000578600000, 0x0000000578600000|100%| O|  |TAMS 0x0000000578500000| PB 0x0000000578500000| Untracked 
| 222|0x0000000578600000, 0x0000000578700000, 0x0000000578700000|100%| O|  |TAMS 0x0000000578600000| PB 0x0000000578600000| Untracked 
| 223|0x0000000578700000, 0x0000000578800000, 0x0000000578800000|100%| O|  |TAMS 0x0000000578700000| PB 0x0000000578700000| Untracked 
| 224|0x0000000578800000, 0x0000000578900000, 0x0000000578900000|100%| O|  |TAMS 0x0000000578800000| PB 0x0000000578800000| Untracked 
| 225|0x0000000578900000, 0x0000000578a00000, 0x0000000578a00000|100%| O|  |TAMS 0x0000000578900000| PB 0x0000000578900000| Untracked 
| 226|0x0000000578a00000, 0x0000000578b00000, 0x0000000578b00000|100%| O|  |TAMS 0x0000000578a00000| PB 0x0000000578a00000| Untracked 
| 227|0x0000000578b00000, 0x0000000578c00000, 0x0000000578c00000|100%| O|  |TAMS 0x0000000578b00000| PB 0x0000000578b00000| Untracked 
| 228|0x0000000578c00000, 0x0000000578d00000, 0x0000000578d00000|100%| O|  |TAMS 0x0000000578c00000| PB 0x0000000578c00000| Untracked 
| 229|0x0000000578d00000, 0x0000000578e00000, 0x0000000578e00000|100%| O|  |TAMS 0x0000000578d00000| PB 0x0000000578d00000| Untracked 
| 230|0x0000000578e00000, 0x0000000578f00000, 0x0000000578f00000|100%| O|  |TAMS 0x0000000578e00000| PB 0x0000000578e00000| Untracked 
| 231|0x0000000578f00000, 0x0000000579000000, 0x0000000579000000|100%| O|  |TAMS 0x0000000578f00000| PB 0x0000000578f00000| Untracked 
| 232|0x0000000579000000, 0x0000000579100000, 0x0000000579100000|100%| O|  |TAMS 0x0000000579000000| PB 0x0000000579000000| Untracked 
| 233|0x0000000579100000, 0x0000000579200000, 0x0000000579200000|100%| O|  |TAMS 0x0000000579100000| PB 0x0000000579100000| Untracked 
| 234|0x0000000579200000, 0x0000000579300000, 0x0000000579300000|100%| O|  |TAMS 0x0000000579200000| PB 0x0000000579200000| Untracked 
| 235|0x0000000579300000, 0x0000000579400000, 0x0000000579400000|100%| O|  |TAMS 0x0000000579300000| PB 0x0000000579300000| Untracked 
| 236|0x0000000579400000, 0x0000000579500000, 0x0000000579500000|100%| O|  |TAMS 0x0000000579400000| PB 0x0000000579400000| Untracked 
| 237|0x0000000579500000, 0x00000005795ffff0, 0x0000000579600000| 99%| O|  |TAMS 0x0000000579500000| PB 0x0000000579500000| Untracked 
| 238|0x0000000579600000, 0x00000005796ffff0, 0x0000000579700000| 99%| O|  |TAMS 0x0000000579600000| PB 0x0000000579600000| Untracked 
| 239|0x0000000579700000, 0x0000000579800000, 0x0000000579800000|100%| O|  |TAMS 0x0000000579700000| PB 0x0000000579700000| Untracked 
| 240|0x0000000579800000, 0x00000005798ffff8, 0x0000000579900000| 99%| O|  |TAMS 0x0000000579800000| PB 0x0000000579800000| Untracked 
| 241|0x0000000579900000, 0x0000000579a00000, 0x0000000579a00000|100%| O|  |TAMS 0x0000000579900000| PB 0x0000000579900000| Untracked 
| 242|0x0000000579a00000, 0x0000000579affff0, 0x0000000579b00000| 99%| O|  |TAMS 0x0000000579a00000| PB 0x0000000579a00000| Untracked 
| 243|0x0000000579b00000, 0x0000000579bffff8, 0x0000000579c00000| 99%| O|  |TAMS 0x0000000579b00000| PB 0x0000000579b00000| Untracked 
| 244|0x0000000579c00000, 0x0000000579cfffd8, 0x0000000579d00000| 99%| O|  |TAMS 0x0000000579c00000| PB 0x0000000579c00000| Untracked 
| 245|0x0000000579d00000, 0x0000000579dfffd8, 0x0000000579e00000| 99%| O|  |TAMS 0x0000000579d00000| PB 0x0000000579d00000| Untracked 
| 246|0x0000000579e00000, 0x0000000579f00000, 0x0000000579f00000|100%| O|  |TAMS 0x0000000579e00000| PB 0x0000000579e00000| Untracked 
| 247|0x0000000579f00000, 0x0000000579ffffe0, 0x000000057a000000| 99%| O|  |TAMS 0x0000000579f00000| PB 0x0000000579f00000| Untracked 
| 248|0x000000057a000000, 0x000000057a100000, 0x000000057a100000|100%| O|  |TAMS 0x000000057a000000| PB 0x000000057a000000| Untracked 
| 249|0x000000057a100000, 0x000000057a200000, 0x000000057a200000|100%| O|  |TAMS 0x000000057a100000| PB 0x000000057a100000| Untracked 
| 250|0x000000057a200000, 0x000000057a300000, 0x000000057a300000|100%|HS|  |TAMS 0x000000057a200000| PB 0x000000057a200000| Untracked 
| 251|0x000000057a300000, 0x000000057a400000, 0x000000057a400000|100%|HC|  |TAMS 0x000000057a300000| PB 0x000000057a300000| Untracked 
| 252|0x000000057a400000, 0x000000057a500000, 0x000000057a500000|100%|HC|  |TAMS 0x000000057a400000| PB 0x000000057a400000| Untracked 
| 253|0x000000057a500000, 0x000000057a600000, 0x000000057a600000|100%|HC|  |TAMS 0x000000057a500000| PB 0x000000057a500000| Untracked 
| 254|0x000000057a600000, 0x000000057a700000, 0x000000057a700000|100%| O|  |TAMS 0x000000057a600000| PB 0x000000057a600000| Untracked 
| 255|0x000000057a700000, 0x000000057a800000, 0x000000057a800000|100%| O|  |TAMS 0x000000057a700000| PB 0x000000057a700000| Untracked 
| 256|0x000000057a800000, 0x000000057a900000, 0x000000057a900000|100%| O|  |TAMS 0x000000057a800000| PB 0x000000057a800000| Untracked 
| 257|0x000000057a900000, 0x000000057aa00000, 0x000000057aa00000|100%| O|  |TAMS 0x000000057a900000| PB 0x000000057a900000| Untracked 
| 258|0x000000057aa00000, 0x000000057ab00000, 0x000000057ab00000|100%| O|  |TAMS 0x000000057aa00000| PB 0x000000057aa00000| Untracked 
| 259|0x000000057ab00000, 0x000000057ac00000, 0x000000057ac00000|100%| O|  |TAMS 0x000000057ab00000| PB 0x000000057ab00000| Untracked 
| 260|0x000000057ac00000, 0x000000057ad00000, 0x000000057ad00000|100%| O|  |TAMS 0x000000057ac00000| PB 0x000000057ac00000| Untracked 
| 261|0x000000057ad00000, 0x000000057ae00000, 0x000000057ae00000|100%| O|  |TAMS 0x000000057ad00000| PB 0x000000057ad00000| Untracked 
| 262|0x000000057ae00000, 0x000000057af00000, 0x000000057af00000|100%| O|  |TAMS 0x000000057ae00000| PB 0x000000057ae00000| Untracked 
| 263|0x000000057af00000, 0x000000057b000000, 0x000000057b000000|100%| O|  |TAMS 0x000000057af00000| PB 0x000000057af00000| Untracked 
| 264|0x000000057b000000, 0x000000057b100000, 0x000000057b100000|100%| O|  |TAMS 0x000000057b000000| PB 0x000000057b000000| Untracked 
| 265|0x000000057b100000, 0x000000057b200000, 0x000000057b200000|100%| O|  |TAMS 0x000000057b100000| PB 0x000000057b100000| Untracked 
| 266|0x000000057b200000, 0x000000057b2ffff0, 0x000000057b300000| 99%| O|  |TAMS 0x000000057b200000| PB 0x000000057b200000| Untracked 
| 267|0x000000057b300000, 0x000000057b400000, 0x000000057b400000|100%| O|  |TAMS 0x000000057b300000| PB 0x000000057b300000| Untracked 
| 268|0x000000057b400000, 0x000000057b500000, 0x000000057b500000|100%| O|  |TAMS 0x000000057b400000| PB 0x000000057b400000| Untracked 
| 269|0x000000057b500000, 0x000000057b600000, 0x000000057b600000|100%| O|  |TAMS 0x000000057b500000| PB 0x000000057b500000| Untracked 
| 270|0x000000057b600000, 0x000000057b700000, 0x000000057b700000|100%|HS|  |TAMS 0x000000057b600000| PB 0x000000057b600000| Untracked 
| 271|0x000000057b700000, 0x000000057b800000, 0x000000057b800000|100%|HC|  |TAMS 0x000000057b700000| PB 0x000000057b700000| Untracked 
| 272|0x000000057b800000, 0x000000057b900000, 0x000000057b900000|100%| O|  |TAMS 0x000000057b800000| PB 0x000000057b800000| Untracked 
| 273|0x000000057b900000, 0x000000057ba00000, 0x000000057ba00000|100%| O|  |TAMS 0x000000057b900000| PB 0x000000057b900000| Untracked 
| 274|0x000000057ba00000, 0x000000057bb00000, 0x000000057bb00000|100%| O|  |TAMS 0x000000057ba00000| PB 0x000000057ba00000| Untracked 
| 275|0x000000057bb00000, 0x000000057bc00000, 0x000000057bc00000|100%| O|  |TAMS 0x000000057bb00000| PB 0x000000057bb00000| Untracked 
| 276|0x000000057bc00000, 0x000000057bd00000, 0x000000057bd00000|100%| O|  |TAMS 0x000000057bc00000| PB 0x000000057bc00000| Untracked 
| 277|0x000000057bd00000, 0x000000057be00000, 0x000000057be00000|100%| O|  |TAMS 0x000000057bd00000| PB 0x000000057bd00000| Untracked 
| 278|0x000000057be00000, 0x000000057bf00000, 0x000000057bf00000|100%| O|  |TAMS 0x000000057be00000| PB 0x000000057be00000| Untracked 
| 279|0x000000057bf00000, 0x000000057c000000, 0x000000057c000000|100%| O|  |TAMS 0x000000057bf00000| PB 0x000000057bf00000| Untracked 
| 280|0x000000057c000000, 0x000000057c100000, 0x000000057c100000|100%| O|  |TAMS 0x000000057c000000| PB 0x000000057c000000| Untracked 
| 281|0x000000057c100000, 0x000000057c200000, 0x000000057c200000|100%| O|  |TAMS 0x000000057c100000| PB 0x000000057c100000| Untracked 
| 282|0x000000057c200000, 0x000000057c300000, 0x000000057c300000|100%| O|  |TAMS 0x000000057c200000| PB 0x000000057c200000| Untracked 
| 283|0x000000057c300000, 0x000000057c400000, 0x000000057c400000|100%| O|  |TAMS 0x000000057c300000| PB 0x000000057c300000| Untracked 
| 284|0x000000057c400000, 0x000000057c500000, 0x000000057c500000|100%| O|  |TAMS 0x000000057c400000| PB 0x000000057c400000| Untracked 
| 285|0x000000057c500000, 0x000000057c600000, 0x000000057c600000|100%| O|  |TAMS 0x000000057c500000| PB 0x000000057c500000| Untracked 
| 286|0x000000057c600000, 0x000000057c700000, 0x000000057c700000|100%| O|  |TAMS 0x000000057c600000| PB 0x000000057c600000| Untracked 
| 287|0x000000057c700000, 0x000000057c7ffff8, 0x000000057c800000| 99%| O|  |TAMS 0x000000057c700000| PB 0x000000057c700000| Untracked 
| 288|0x000000057c800000, 0x000000057c900000, 0x000000057c900000|100%| O|  |TAMS 0x000000057c800000| PB 0x000000057c800000| Untracked 
| 289|0x000000057c900000, 0x000000057ca00000, 0x000000057ca00000|100%| O|  |TAMS 0x000000057c900000| PB 0x000000057c900000| Untracked 
| 290|0x000000057ca00000, 0x000000057caffff8, 0x000000057cb00000| 99%| O|  |TAMS 0x000000057ca00000| PB 0x000000057ca00000| Untracked 
| 291|0x000000057cb00000, 0x000000057cbfffe8, 0x000000057cc00000| 99%| O|  |TAMS 0x000000057cb00000| PB 0x000000057cb00000| Untracked 
| 292|0x000000057cc00000, 0x000000057cd00000, 0x000000057cd00000|100%| O|  |TAMS 0x000000057cc00000| PB 0x000000057cc00000| Untracked 
| 293|0x000000057cd00000, 0x000000057ce00000, 0x000000057ce00000|100%| O|  |TAMS 0x000000057cd00000| PB 0x000000057cd00000| Untracked 
| 294|0x000000057ce00000, 0x000000057cf00000, 0x000000057cf00000|100%| O|  |TAMS 0x000000057ce00000| PB 0x000000057ce00000| Untracked 
| 295|0x000000057cf00000, 0x000000057d000000, 0x000000057d000000|100%| O|  |TAMS 0x000000057cf00000| PB 0x000000057cf00000| Untracked 
| 296|0x000000057d000000, 0x000000057d100000, 0x000000057d100000|100%| O|  |TAMS 0x000000057d000000| PB 0x000000057d000000| Untracked 
| 297|0x000000057d100000, 0x000000057d200000, 0x000000057d200000|100%| O|  |TAMS 0x000000057d100000| PB 0x000000057d100000| Untracked 
| 298|0x000000057d200000, 0x000000057d300000, 0x000000057d300000|100%| O|  |TAMS 0x000000057d200000| PB 0x000000057d200000| Untracked 
| 299|0x000000057d300000, 0x000000057d400000, 0x000000057d400000|100%| O|  |TAMS 0x000000057d300000| PB 0x000000057d300000| Untracked 
| 300|0x000000057d400000, 0x000000057d500000, 0x000000057d500000|100%| O|  |TAMS 0x000000057d400000| PB 0x000000057d400000| Untracked 
| 301|0x000000057d500000, 0x000000057d600000, 0x000000057d600000|100%| O|  |TAMS 0x000000057d500000| PB 0x000000057d500000| Untracked 
| 302|0x000000057d600000, 0x000000057d700000, 0x000000057d700000|100%| O|  |TAMS 0x000000057d600000| PB 0x000000057d600000| Untracked 
| 303|0x000000057d700000, 0x000000057d800000, 0x000000057d800000|100%| O|  |TAMS 0x000000057d700000| PB 0x000000057d700000| Untracked 
| 304|0x000000057d800000, 0x000000057d900000, 0x000000057d900000|100%| O|  |TAMS 0x000000057d800000| PB 0x000000057d800000| Untracked 
| 305|0x000000057d900000, 0x000000057da00000, 0x000000057da00000|100%| O|  |TAMS 0x000000057d900000| PB 0x000000057d900000| Untracked 
| 306|0x000000057da00000, 0x000000057db00000, 0x000000057db00000|100%| O|  |TAMS 0x000000057da00000| PB 0x000000057da00000| Untracked 
| 307|0x000000057db00000, 0x000000057dc00000, 0x000000057dc00000|100%| O|  |TAMS 0x000000057db00000| PB 0x000000057db00000| Untracked 
| 308|0x000000057dc00000, 0x000000057dd00000, 0x000000057dd00000|100%| O|  |TAMS 0x000000057dc00000| PB 0x000000057dc00000| Untracked 
| 309|0x000000057dd00000, 0x000000057de00000, 0x000000057de00000|100%| O|  |TAMS 0x000000057dd00000| PB 0x000000057dd00000| Untracked 
| 310|0x000000057de00000, 0x000000057defffd0, 0x000000057df00000| 99%| O|  |TAMS 0x000000057de00000| PB 0x000000057de00000| Untracked 
| 311|0x000000057df00000, 0x000000057dffffb8, 0x000000057e000000| 99%| O|  |TAMS 0x000000057df00000| PB 0x000000057df00000| Untracked 
| 312|0x000000057e000000, 0x000000057e0ffff0, 0x000000057e100000| 99%| O|  |TAMS 0x000000057e000000| PB 0x000000057e000000| Untracked 
| 313|0x000000057e100000, 0x000000057e200000, 0x000000057e200000|100%| O|  |TAMS 0x000000057e100000| PB 0x000000057e100000| Untracked 
| 314|0x000000057e200000, 0x000000057e300000, 0x000000057e300000|100%| O|  |TAMS 0x000000057e200000| PB 0x000000057e200000| Untracked 
| 315|0x000000057e300000, 0x000000057e400000, 0x000000057e400000|100%| O|  |TAMS 0x000000057e300000| PB 0x000000057e300000| Untracked 
| 316|0x000000057e400000, 0x000000057e500000, 0x000000057e500000|100%| O|  |TAMS 0x000000057e400000| PB 0x000000057e400000| Untracked 
| 317|0x000000057e500000, 0x000000057e600000, 0x000000057e600000|100%| O|  |TAMS 0x000000057e500000| PB 0x000000057e500000| Untracked 
| 318|0x000000057e600000, 0x000000057e700000, 0x000000057e700000|100%| O|  |TAMS 0x000000057e600000| PB 0x000000057e600000| Untracked 
| 319|0x000000057e700000, 0x000000057e800000, 0x000000057e800000|100%| O|  |TAMS 0x000000057e700000| PB 0x000000057e700000| Untracked 
| 320|0x000000057e800000, 0x000000057e900000, 0x000000057e900000|100%| O|  |TAMS 0x000000057e800000| PB 0x000000057e800000| Untracked 
| 321|0x000000057e900000, 0x000000057ea00000, 0x000000057ea00000|100%| O|  |TAMS 0x000000057e900000| PB 0x000000057e900000| Untracked 
| 322|0x000000057ea00000, 0x000000057eb00000, 0x000000057eb00000|100%| O|  |TAMS 0x000000057ea00000| PB 0x000000057ea00000| Untracked 
| 323|0x000000057eb00000, 0x000000057ec00000, 0x000000057ec00000|100%| O|  |TAMS 0x000000057eb00000| PB 0x000000057eb00000| Untracked 
| 324|0x000000057ec00000, 0x000000057ed00000, 0x000000057ed00000|100%| O|  |TAMS 0x000000057ec00000| PB 0x000000057ec00000| Untracked 
| 325|0x000000057ed00000, 0x000000057edfffe8, 0x000000057ee00000| 99%| O|  |TAMS 0x000000057ed00000| PB 0x000000057ed00000| Untracked 
| 326|0x000000057ee00000, 0x000000057eefffd8, 0x000000057ef00000| 99%| O|  |TAMS 0x000000057ee00000| PB 0x000000057ee00000| Untracked 
| 327|0x000000057ef00000, 0x000000057efffff0, 0x000000057f000000| 99%| O|  |TAMS 0x000000057ef00000| PB 0x000000057ef00000| Untracked 
| 328|0x000000057f000000, 0x000000057f100000, 0x000000057f100000|100%| O|  |TAMS 0x000000057f000000| PB 0x000000057f000000| Untracked 
| 329|0x000000057f100000, 0x000000057f200000, 0x000000057f200000|100%| O|  |TAMS 0x000000057f100000| PB 0x000000057f100000| Untracked 
| 330|0x000000057f200000, 0x000000057f300000, 0x000000057f300000|100%| O|  |TAMS 0x000000057f200000| PB 0x000000057f200000| Untracked 
| 331|0x000000057f300000, 0x000000057f400000, 0x000000057f400000|100%| O|  |TAMS 0x000000057f300000| PB 0x000000057f300000| Untracked 
| 332|0x000000057f400000, 0x000000057f500000, 0x000000057f500000|100%| O|  |TAMS 0x000000057f400000| PB 0x000000057f400000| Untracked 
| 333|0x000000057f500000, 0x000000057f600000, 0x000000057f600000|100%| O|  |TAMS 0x000000057f500000| PB 0x000000057f500000| Untracked 
| 334|0x000000057f600000, 0x000000057f700000, 0x000000057f700000|100%| O|  |TAMS 0x000000057f600000| PB 0x000000057f600000| Untracked 
| 335|0x000000057f700000, 0x000000057f800000, 0x000000057f800000|100%| O|  |TAMS 0x000000057f700000| PB 0x000000057f700000| Untracked 
| 336|0x000000057f800000, 0x000000057f900000, 0x000000057f900000|100%| O|  |TAMS 0x000000057f800000| PB 0x000000057f800000| Untracked 
| 337|0x000000057f900000, 0x000000057fa00000, 0x000000057fa00000|100%| O|  |TAMS 0x000000057f900000| PB 0x000000057f900000| Untracked 
| 338|0x000000057fa00000, 0x000000057fb00000, 0x000000057fb00000|100%| O|  |TAMS 0x000000057fa00000| PB 0x000000057fa00000| Untracked 
| 339|0x000000057fb00000, 0x000000057fbffff8, 0x000000057fc00000| 99%| O|  |TAMS 0x000000057fb00000| PB 0x000000057fb00000| Untracked 
| 340|0x000000057fc00000, 0x000000057fd00000, 0x000000057fd00000|100%| O|  |TAMS 0x000000057fc00000| PB 0x000000057fc00000| Untracked 
| 341|0x000000057fd00000, 0x000000057fe00000, 0x000000057fe00000|100%| O|  |TAMS 0x000000057fd00000| PB 0x000000057fd00000| Untracked 
| 342|0x000000057fe00000, 0x000000057ff00000, 0x000000057ff00000|100%| O|  |TAMS 0x000000057fe00000| PB 0x000000057fe00000| Untracked 
| 343|0x000000057ff00000, 0x000000057ffffff8, 0x0000000580000000| 99%| O|  |TAMS 0x000000057ff00000| PB 0x000000057ff00000| Untracked 
| 344|0x0000000580000000, 0x0000000580100000, 0x0000000580100000|100%| O|  |TAMS 0x0000000580000000| PB 0x0000000580000000| Untracked 
| 345|0x0000000580100000, 0x00000005801ffff8, 0x0000000580200000| 99%| O|  |TAMS 0x0000000580100000| PB 0x0000000580100000| Untracked 
| 346|0x0000000580200000, 0x0000000580300000, 0x0000000580300000|100%| O|  |TAMS 0x0000000580200000| PB 0x0000000580200000| Untracked 
| 347|0x0000000580300000, 0x0000000580400000, 0x0000000580400000|100%| O|  |TAMS 0x0000000580300000| PB 0x0000000580300000| Untracked 
| 348|0x0000000580400000, 0x0000000580500000, 0x0000000580500000|100%| O|  |TAMS 0x0000000580400000| PB 0x0000000580400000| Untracked 
| 349|0x0000000580500000, 0x0000000580600000, 0x0000000580600000|100%| O|  |TAMS 0x0000000580500000| PB 0x0000000580500000| Untracked 
| 350|0x0000000580600000, 0x0000000580700000, 0x0000000580700000|100%| O|  |TAMS 0x0000000580600000| PB 0x0000000580600000| Untracked 
| 351|0x0000000580700000, 0x0000000580800000, 0x0000000580800000|100%| O|  |TAMS 0x0000000580700000| PB 0x0000000580700000| Untracked 
| 352|0x0000000580800000, 0x00000005808fffe0, 0x0000000580900000| 99%| O|  |TAMS 0x0000000580800000| PB 0x0000000580800000| Untracked 
| 353|0x0000000580900000, 0x00000005809fffe0, 0x0000000580a00000| 99%| O|  |TAMS 0x0000000580900000| PB 0x0000000580900000| Untracked 
| 354|0x0000000580a00000, 0x0000000580b00000, 0x0000000580b00000|100%| O|  |TAMS 0x0000000580a00000| PB 0x0000000580a00000| Untracked 
| 355|0x0000000580b00000, 0x0000000580c00000, 0x0000000580c00000|100%| O|  |TAMS 0x0000000580b00000| PB 0x0000000580b00000| Untracked 
| 356|0x0000000580c00000, 0x0000000580d00000, 0x0000000580d00000|100%| O|  |TAMS 0x0000000580c00000| PB 0x0000000580c00000| Untracked 
| 357|0x0000000580d00000, 0x0000000580dfffe8, 0x0000000580e00000| 99%| O|  |TAMS 0x0000000580d00000| PB 0x0000000580d00000| Untracked 
| 358|0x0000000580e00000, 0x0000000580f00000, 0x0000000580f00000|100%| O|  |TAMS 0x0000000580e00000| PB 0x0000000580e00000| Untracked 
| 359|0x0000000580f00000, 0x0000000580ffffe0, 0x0000000581000000| 99%| O|  |TAMS 0x0000000580f00000| PB 0x0000000580f00000| Untracked 
| 360|0x0000000581000000, 0x00000005810fffd0, 0x0000000581100000| 99%| O|  |TAMS 0x0000000581000000| PB 0x0000000581000000| Untracked 
| 361|0x0000000581100000, 0x0000000581200000, 0x0000000581200000|100%| O|  |TAMS 0x0000000581100000| PB 0x0000000581100000| Untracked 
| 362|0x0000000581200000, 0x0000000581300000, 0x0000000581300000|100%| O|  |TAMS 0x0000000581200000| PB 0x0000000581200000| Untracked 
| 363|0x0000000581300000, 0x0000000581400000, 0x0000000581400000|100%| O|  |TAMS 0x0000000581300000| PB 0x0000000581300000| Untracked 
| 364|0x0000000581400000, 0x0000000581500000, 0x0000000581500000|100%| O|  |TAMS 0x0000000581400000| PB 0x0000000581400000| Untracked 
| 365|0x0000000581500000, 0x0000000581600000, 0x0000000581600000|100%| O|  |TAMS 0x0000000581500000| PB 0x0000000581500000| Untracked 
| 366|0x0000000581600000, 0x0000000581700000, 0x0000000581700000|100%| O|  |TAMS 0x0000000581600000| PB 0x0000000581600000| Untracked 
| 367|0x0000000581700000, 0x0000000581800000, 0x0000000581800000|100%| O|  |TAMS 0x0000000581700000| PB 0x0000000581700000| Untracked 
| 368|0x0000000581800000, 0x0000000581900000, 0x0000000581900000|100%| O|  |TAMS 0x0000000581800000| PB 0x0000000581800000| Untracked 
| 369|0x0000000581900000, 0x0000000581a00000, 0x0000000581a00000|100%| O|  |TAMS 0x0000000581900000| PB 0x0000000581900000| Untracked 
| 370|0x0000000581a00000, 0x0000000581b00000, 0x0000000581b00000|100%| O|  |TAMS 0x0000000581a00000| PB 0x0000000581a00000| Untracked 
| 371|0x0000000581b00000, 0x0000000581c00000, 0x0000000581c00000|100%| O|  |TAMS 0x0000000581b00000| PB 0x0000000581b00000| Untracked 
| 372|0x0000000581c00000, 0x0000000581d00000, 0x0000000581d00000|100%| O|  |TAMS 0x0000000581c00000| PB 0x0000000581c00000| Untracked 
| 373|0x0000000581d00000, 0x0000000581e00000, 0x0000000581e00000|100%| O|  |TAMS 0x0000000581d00000| PB 0x0000000581d00000| Untracked 
| 374|0x0000000581e00000, 0x0000000581f00000, 0x0000000581f00000|100%| O|  |TAMS 0x0000000581e00000| PB 0x0000000581e00000| Untracked 
| 375|0x0000000581f00000, 0x0000000582000000, 0x0000000582000000|100%| O|  |TAMS 0x0000000581f00000| PB 0x0000000581f00000| Untracked 
| 376|0x0000000582000000, 0x0000000582100000, 0x0000000582100000|100%| O|  |TAMS 0x0000000582000000| PB 0x0000000582000000| Untracked 
| 377|0x0000000582100000, 0x0000000582200000, 0x0000000582200000|100%| O|  |TAMS 0x0000000582100000| PB 0x0000000582100000| Untracked 
| 378|0x0000000582200000, 0x0000000582300000, 0x0000000582300000|100%| O|  |TAMS 0x0000000582200000| PB 0x0000000582200000| Untracked 
| 379|0x0000000582300000, 0x0000000582400000, 0x0000000582400000|100%| O|  |TAMS 0x0000000582300000| PB 0x0000000582300000| Untracked 
| 380|0x0000000582400000, 0x0000000582500000, 0x0000000582500000|100%| O|  |TAMS 0x0000000582400000| PB 0x0000000582400000| Untracked 
| 381|0x0000000582500000, 0x0000000582600000, 0x0000000582600000|100%| O|  |TAMS 0x0000000582500000| PB 0x0000000582500000| Untracked 
| 382|0x0000000582600000, 0x0000000582700000, 0x0000000582700000|100%| O|  |TAMS 0x0000000582600000| PB 0x0000000582600000| Untracked 
| 383|0x0000000582700000, 0x0000000582800000, 0x0000000582800000|100%| O|  |TAMS 0x0000000582700000| PB 0x0000000582700000| Untracked 
| 384|0x0000000582800000, 0x0000000582900000, 0x0000000582900000|100%| O|  |TAMS 0x0000000582800000| PB 0x0000000582800000| Untracked 
| 385|0x0000000582900000, 0x0000000582a00000, 0x0000000582a00000|100%| O|  |TAMS 0x0000000582900000| PB 0x0000000582900000| Untracked 
| 386|0x0000000582a00000, 0x0000000582b00000, 0x0000000582b00000|100%| O|  |TAMS 0x0000000582a00000| PB 0x0000000582a00000| Untracked 
| 387|0x0000000582b00000, 0x0000000582c00000, 0x0000000582c00000|100%| O|  |TAMS 0x0000000582b00000| PB 0x0000000582b00000| Untracked 
| 388|0x0000000582c00000, 0x0000000582d00000, 0x0000000582d00000|100%| O|  |TAMS 0x0000000582c00000| PB 0x0000000582c00000| Untracked 
| 389|0x0000000582d00000, 0x0000000582e00000, 0x0000000582e00000|100%| O|  |TAMS 0x0000000582d00000| PB 0x0000000582d00000| Untracked 
| 390|0x0000000582e00000, 0x0000000582effff0, 0x0000000582f00000| 99%| O|  |TAMS 0x0000000582e00000| PB 0x0000000582e00000| Untracked 
| 391|0x0000000582f00000, 0x0000000582ffffc0, 0x0000000583000000| 99%| O|  |TAMS 0x0000000582f00000| PB 0x0000000582f00000| Untracked 
| 392|0x0000000583000000, 0x00000005830ffff8, 0x0000000583100000| 99%| O|  |TAMS 0x0000000583000000| PB 0x0000000583000000| Untracked 
| 393|0x0000000583100000, 0x0000000583200000, 0x0000000583200000|100%| O|  |TAMS 0x0000000583100000| PB 0x0000000583100000| Untracked 
| 394|0x0000000583200000, 0x0000000583300000, 0x0000000583300000|100%| O|  |TAMS 0x0000000583200000| PB 0x0000000583200000| Untracked 
| 395|0x0000000583300000, 0x0000000583400000, 0x0000000583400000|100%| O|  |TAMS 0x0000000583300000| PB 0x0000000583300000| Untracked 
| 396|0x0000000583400000, 0x0000000583500000, 0x0000000583500000|100%| O|  |TAMS 0x0000000583400000| PB 0x0000000583400000| Untracked 
| 397|0x0000000583500000, 0x0000000583600000, 0x0000000583600000|100%| O|  |TAMS 0x0000000583500000| PB 0x0000000583500000| Untracked 
| 398|0x0000000583600000, 0x0000000583700000, 0x0000000583700000|100%| O|  |TAMS 0x0000000583600000| PB 0x0000000583600000| Untracked 
| 399|0x0000000583700000, 0x0000000583800000, 0x0000000583800000|100%| O|  |TAMS 0x0000000583700000| PB 0x0000000583700000| Untracked 
| 400|0x0000000583800000, 0x0000000583900000, 0x0000000583900000|100%| O|  |TAMS 0x0000000583800000| PB 0x0000000583800000| Untracked 
| 401|0x0000000583900000, 0x0000000583a00000, 0x0000000583a00000|100%| O|  |TAMS 0x0000000583900000| PB 0x0000000583900000| Untracked 
| 402|0x0000000583a00000, 0x0000000583b00000, 0x0000000583b00000|100%| O|  |TAMS 0x0000000583a00000| PB 0x0000000583a00000| Untracked 
| 403|0x0000000583b00000, 0x0000000583c00000, 0x0000000583c00000|100%| O|  |TAMS 0x0000000583b00000| PB 0x0000000583b00000| Untracked 
| 404|0x0000000583c00000, 0x0000000583d00000, 0x0000000583d00000|100%| O|  |TAMS 0x0000000583c00000| PB 0x0000000583c00000| Untracked 
| 405|0x0000000583d00000, 0x0000000583e00000, 0x0000000583e00000|100%| O|  |TAMS 0x0000000583d00000| PB 0x0000000583d00000| Untracked 
| 406|0x0000000583e00000, 0x0000000583f00000, 0x0000000583f00000|100%| O|  |TAMS 0x0000000583e00000| PB 0x0000000583e00000| Untracked 
| 407|0x0000000583f00000, 0x0000000584000000, 0x0000000584000000|100%| O|  |TAMS 0x0000000583f00000| PB 0x0000000583f00000| Untracked 
| 408|0x0000000584000000, 0x0000000584100000, 0x0000000584100000|100%| O|  |TAMS 0x0000000584000000| PB 0x0000000584000000| Untracked 
| 409|0x0000000584100000, 0x0000000584200000, 0x0000000584200000|100%| O|  |TAMS 0x0000000584100000| PB 0x0000000584100000| Untracked 
| 410|0x0000000584200000, 0x0000000584300000, 0x0000000584300000|100%| O|  |TAMS 0x0000000584200000| PB 0x0000000584200000| Untracked 
| 411|0x0000000584300000, 0x0000000584400000, 0x0000000584400000|100%| O|  |TAMS 0x0000000584300000| PB 0x0000000584300000| Untracked 
| 412|0x0000000584400000, 0x0000000584500000, 0x0000000584500000|100%| O|  |TAMS 0x0000000584400000| PB 0x0000000584400000| Untracked 
| 413|0x0000000584500000, 0x0000000584600000, 0x0000000584600000|100%| O|  |TAMS 0x0000000584500000| PB 0x0000000584500000| Untracked 
| 414|0x0000000584600000, 0x0000000584700000, 0x0000000584700000|100%| O|  |TAMS 0x0000000584600000| PB 0x0000000584600000| Untracked 
| 415|0x0000000584700000, 0x0000000584800000, 0x0000000584800000|100%| O|  |TAMS 0x0000000584700000| PB 0x0000000584700000| Untracked 
| 416|0x0000000584800000, 0x0000000584900000, 0x0000000584900000|100%| O|  |TAMS 0x0000000584800000| PB 0x0000000584800000| Untracked 
| 417|0x0000000584900000, 0x0000000584a00000, 0x0000000584a00000|100%| O|  |TAMS 0x0000000584900000| PB 0x0000000584900000| Untracked 
| 418|0x0000000584a00000, 0x0000000584b00000, 0x0000000584b00000|100%| O|  |TAMS 0x0000000584a00000| PB 0x0000000584a00000| Untracked 
| 419|0x0000000584b00000, 0x0000000584c00000, 0x0000000584c00000|100%| O|  |TAMS 0x0000000584b00000| PB 0x0000000584b00000| Untracked 
| 420|0x0000000584c00000, 0x0000000584cfffe0, 0x0000000584d00000| 99%| O|  |TAMS 0x0000000584c00000| PB 0x0000000584c00000| Untracked 
| 421|0x0000000584d00000, 0x0000000584dfff98, 0x0000000584e00000| 99%| O|  |TAMS 0x0000000584d00000| PB 0x0000000584d00000| Untracked 
| 422|0x0000000584e00000, 0x0000000584f00000, 0x0000000584f00000|100%| O|  |TAMS 0x0000000584e00000| PB 0x0000000584e00000| Untracked 
| 423|0x0000000584f00000, 0x0000000585000000, 0x0000000585000000|100%| O|  |TAMS 0x0000000584f00000| PB 0x0000000584f00000| Untracked 
| 424|0x0000000585000000, 0x0000000585100000, 0x0000000585100000|100%| O|  |TAMS 0x0000000585000000| PB 0x0000000585000000| Untracked 
| 425|0x0000000585100000, 0x0000000585200000, 0x0000000585200000|100%| O|  |TAMS 0x0000000585100000| PB 0x0000000585100000| Untracked 
| 426|0x0000000585200000, 0x0000000585300000, 0x0000000585300000|100%| O|  |TAMS 0x0000000585200000| PB 0x0000000585200000| Untracked 
| 427|0x0000000585300000, 0x0000000585400000, 0x0000000585400000|100%| O|  |TAMS 0x0000000585300000| PB 0x0000000585300000| Untracked 
| 428|0x0000000585400000, 0x0000000585500000, 0x0000000585500000|100%| O|  |TAMS 0x0000000585400000| PB 0x0000000585400000| Untracked 
| 429|0x0000000585500000, 0x0000000585600000, 0x0000000585600000|100%| O|  |TAMS 0x0000000585500000| PB 0x0000000585500000| Untracked 
| 430|0x0000000585600000, 0x0000000585700000, 0x0000000585700000|100%| O|  |TAMS 0x0000000585600000| PB 0x0000000585600000| Untracked 
| 431|0x0000000585700000, 0x0000000585800000, 0x0000000585800000|100%| O|  |TAMS 0x0000000585700000| PB 0x0000000585700000| Untracked 
| 432|0x0000000585800000, 0x0000000585900000, 0x0000000585900000|100%| O|  |TAMS 0x0000000585800000| PB 0x0000000585800000| Untracked 
| 433|0x0000000585900000, 0x0000000585a00000, 0x0000000585a00000|100%| O|  |TAMS 0x0000000585900000| PB 0x0000000585900000| Untracked 
| 434|0x0000000585a00000, 0x0000000585b00000, 0x0000000585b00000|100%| O|  |TAMS 0x0000000585a00000| PB 0x0000000585a00000| Untracked 
| 435|0x0000000585b00000, 0x0000000585c00000, 0x0000000585c00000|100%| O|  |TAMS 0x0000000585b00000| PB 0x0000000585b00000| Untracked 
| 436|0x0000000585c00000, 0x0000000585d00000, 0x0000000585d00000|100%| O|  |TAMS 0x0000000585c00000| PB 0x0000000585c00000| Untracked 
| 437|0x0000000585d00000, 0x0000000585e00000, 0x0000000585e00000|100%| O|  |TAMS 0x0000000585d00000| PB 0x0000000585d00000| Untracked 
| 438|0x0000000585e00000, 0x0000000585f00000, 0x0000000585f00000|100%| O|  |TAMS 0x0000000585e00000| PB 0x0000000585e00000| Untracked 
| 439|0x0000000585f00000, 0x0000000586000000, 0x0000000586000000|100%| O|  |TAMS 0x0000000585f00000| PB 0x0000000585f00000| Untracked 
| 440|0x0000000586000000, 0x0000000586100000, 0x0000000586100000|100%| O|  |TAMS 0x0000000586000000| PB 0x0000000586000000| Untracked 
| 441|0x0000000586100000, 0x00000005861ffff8, 0x0000000586200000| 99%| O|  |TAMS 0x0000000586100000| PB 0x0000000586100000| Untracked 
| 442|0x0000000586200000, 0x00000005862ffff8, 0x0000000586300000| 99%| O|  |TAMS 0x0000000586200000| PB 0x0000000586200000| Untracked 
| 443|0x0000000586300000, 0x00000005863fffe0, 0x0000000586400000| 99%| O|  |TAMS 0x0000000586300000| PB 0x0000000586300000| Untracked 
| 444|0x0000000586400000, 0x0000000586500000, 0x0000000586500000|100%| O|  |TAMS 0x0000000586400000| PB 0x0000000586400000| Untracked 
| 445|0x0000000586500000, 0x00000005865fffe0, 0x0000000586600000| 99%| O|  |TAMS 0x0000000586500000| PB 0x0000000586500000| Untracked 
| 446|0x0000000586600000, 0x0000000586700000, 0x0000000586700000|100%| O|  |TAMS 0x0000000586600000| PB 0x0000000586600000| Untracked 
| 447|0x0000000586700000, 0x0000000586800000, 0x0000000586800000|100%| O|  |TAMS 0x0000000586700000| PB 0x0000000586700000| Untracked 
| 448|0x0000000586800000, 0x0000000586900000, 0x0000000586900000|100%| O|  |TAMS 0x0000000586800000| PB 0x0000000586800000| Untracked 
| 449|0x0000000586900000, 0x0000000586a00000, 0x0000000586a00000|100%| O|  |TAMS 0x0000000586900000| PB 0x0000000586900000| Untracked 
| 450|0x0000000586a00000, 0x0000000586b00000, 0x0000000586b00000|100%| O|  |TAMS 0x0000000586a00000| PB 0x0000000586a00000| Untracked 
| 451|0x0000000586b00000, 0x0000000586c00000, 0x0000000586c00000|100%| O|  |TAMS 0x0000000586b00000| PB 0x0000000586b00000| Untracked 
| 452|0x0000000586c00000, 0x0000000586d00000, 0x0000000586d00000|100%| O|  |TAMS 0x0000000586c00000| PB 0x0000000586c00000| Untracked 
| 453|0x0000000586d00000, 0x0000000586e00000, 0x0000000586e00000|100%| O|  |TAMS 0x0000000586d00000| PB 0x0000000586d00000| Untracked 
| 454|0x0000000586e00000, 0x0000000586f00000, 0x0000000586f00000|100%| O|  |TAMS 0x0000000586e00000| PB 0x0000000586e00000| Untracked 
| 455|0x0000000586f00000, 0x0000000587000000, 0x0000000587000000|100%| O|  |TAMS 0x0000000586f00000| PB 0x0000000586f00000| Untracked 
| 456|0x0000000587000000, 0x0000000587100000, 0x0000000587100000|100%| O|  |TAMS 0x0000000587000000| PB 0x0000000587000000| Untracked 
| 457|0x0000000587100000, 0x0000000587200000, 0x0000000587200000|100%| O|  |TAMS 0x0000000587100000| PB 0x0000000587100000| Untracked 
| 458|0x0000000587200000, 0x0000000587300000, 0x0000000587300000|100%| O|  |TAMS 0x0000000587200000| PB 0x0000000587200000| Untracked 
| 459|0x0000000587300000, 0x00000005873ffff8, 0x0000000587400000| 99%| O|  |TAMS 0x0000000587300000| PB 0x0000000587300000| Untracked 
| 460|0x0000000587400000, 0x00000005874ffff8, 0x0000000587500000| 99%| O|  |TAMS 0x0000000587400000| PB 0x0000000587400000| Untracked 
| 461|0x0000000587500000, 0x00000005875fffd0, 0x0000000587600000| 99%| O|  |TAMS 0x0000000587500000| PB 0x0000000587500000| Untracked 
| 462|0x0000000587600000, 0x00000005876fffd8, 0x0000000587700000| 99%| O|  |TAMS 0x0000000587600000| PB 0x0000000587600000| Untracked 
| 463|0x0000000587700000, 0x0000000587800000, 0x0000000587800000|100%| O|  |TAMS 0x0000000587700000| PB 0x0000000587700000| Untracked 
| 464|0x0000000587800000, 0x0000000587900000, 0x0000000587900000|100%| O|  |TAMS 0x0000000587800000| PB 0x0000000587800000| Untracked 
| 465|0x0000000587900000, 0x0000000587a00000, 0x0000000587a00000|100%| O|  |TAMS 0x0000000587900000| PB 0x0000000587900000| Untracked 
| 466|0x0000000587a00000, 0x0000000587b00000, 0x0000000587b00000|100%| O|  |TAMS 0x0000000587a00000| PB 0x0000000587a00000| Untracked 
| 467|0x0000000587b00000, 0x0000000587c00000, 0x0000000587c00000|100%| O|  |TAMS 0x0000000587b00000| PB 0x0000000587b00000| Untracked 
| 468|0x0000000587c00000, 0x0000000587d00000, 0x0000000587d00000|100%| O|  |TAMS 0x0000000587c00000| PB 0x0000000587c00000| Untracked 
| 469|0x0000000587d00000, 0x0000000587e00000, 0x0000000587e00000|100%| O|  |TAMS 0x0000000587d00000| PB 0x0000000587d00000| Untracked 
| 470|0x0000000587e00000, 0x0000000587f00000, 0x0000000587f00000|100%| O|  |TAMS 0x0000000587e00000| PB 0x0000000587e00000| Untracked 
| 471|0x0000000587f00000, 0x0000000588000000, 0x0000000588000000|100%| O|  |TAMS 0x0000000587f00000| PB 0x0000000587f00000| Untracked 
| 472|0x0000000588000000, 0x0000000588100000, 0x0000000588100000|100%| O|  |TAMS 0x0000000588000000| PB 0x0000000588000000| Untracked 
| 473|0x0000000588100000, 0x0000000588200000, 0x0000000588200000|100%| O|  |TAMS 0x0000000588100000| PB 0x0000000588100000| Untracked 
| 474|0x0000000588200000, 0x0000000588300000, 0x0000000588300000|100%| O|  |TAMS 0x0000000588200000| PB 0x0000000588200000| Untracked 
| 475|0x0000000588300000, 0x00000005883ffff0, 0x0000000588400000| 99%| O|  |TAMS 0x0000000588300000| PB 0x0000000588300000| Untracked 
| 476|0x0000000588400000, 0x00000005884ffff0, 0x0000000588500000| 99%| O|  |TAMS 0x0000000588400000| PB 0x0000000588400000| Untracked 
| 477|0x0000000588500000, 0x00000005885f47f8, 0x0000000588600000| 95%| O|  |TAMS 0x0000000588500000| PB 0x0000000588500000| Untracked 
| 478|0x0000000588600000, 0x00000005886fffe8, 0x0000000588700000| 99%| O|  |TAMS 0x0000000588600000| PB 0x0000000588600000| Untracked 
| 479|0x0000000588700000, 0x00000005887fffd8, 0x0000000588800000| 99%| O|  |TAMS 0x0000000588700000| PB 0x0000000588700000| Untracked 
| 480|0x0000000588800000, 0x0000000588900000, 0x0000000588900000|100%| O|  |TAMS 0x0000000588800000| PB 0x0000000588800000| Untracked 
| 481|0x0000000588900000, 0x00000005889fffd8, 0x0000000588a00000| 99%| O|  |TAMS 0x0000000588900000| PB 0x0000000588900000| Untracked 
| 482|0x0000000588a00000, 0x0000000588b00000, 0x0000000588b00000|100%| O|  |TAMS 0x0000000588a00000| PB 0x0000000588a00000| Untracked 
| 483|0x0000000588b00000, 0x0000000588bfffd8, 0x0000000588c00000| 99%| O|  |TAMS 0x0000000588b00000| PB 0x0000000588b00000| Untracked 
| 484|0x0000000588c00000, 0x0000000588cffff8, 0x0000000588d00000| 99%| O|  |TAMS 0x0000000588c00000| PB 0x0000000588c00000| Untracked 
| 485|0x0000000588d00000, 0x0000000588dfffd0, 0x0000000588e00000| 99%| O|  |TAMS 0x0000000588d00000| PB 0x0000000588d00000| Untracked 
| 486|0x0000000588e00000, 0x0000000588efffd0, 0x0000000588f00000| 99%| O|  |TAMS 0x0000000588e00000| PB 0x0000000588e00000| Untracked 
| 487|0x0000000588f00000, 0x0000000589000000, 0x0000000589000000|100%| O|  |TAMS 0x0000000588f00000| PB 0x0000000588f00000| Untracked 
| 488|0x0000000589000000, 0x00000005890ffff8, 0x0000000589100000| 99%| O|  |TAMS 0x0000000589000000| PB 0x0000000589000000| Untracked 
| 489|0x0000000589100000, 0x00000005891fffe8, 0x0000000589200000| 99%| O|  |TAMS 0x0000000589100000| PB 0x0000000589100000| Untracked 
| 490|0x0000000589200000, 0x00000005892ffff0, 0x0000000589300000| 99%| O|  |TAMS 0x0000000589200000| PB 0x0000000589200000| Untracked 
| 491|0x0000000589300000, 0x00000005893fffb0, 0x0000000589400000| 99%| O|  |TAMS 0x0000000589300000| PB 0x0000000589300000| Untracked 
| 492|0x0000000589400000, 0x0000000589500000, 0x0000000589500000|100%| O|  |TAMS 0x0000000589400000| PB 0x0000000589400000| Untracked 
| 493|0x0000000589500000, 0x00000005895ffff8, 0x0000000589600000| 99%| O|  |TAMS 0x0000000589500000| PB 0x0000000589500000| Untracked 
| 494|0x0000000589600000, 0x00000005896fffe0, 0x0000000589700000| 99%| O|  |TAMS 0x0000000589600000| PB 0x0000000589600000| Untracked 
| 495|0x0000000589700000, 0x00000005897ffff0, 0x0000000589800000| 99%| O|  |TAMS 0x0000000589700000| PB 0x0000000589700000| Untracked 
| 496|0x0000000589800000, 0x0000000589900000, 0x0000000589900000|100%| O|  |TAMS 0x0000000589800000| PB 0x0000000589800000| Untracked 
| 497|0x0000000589900000, 0x00000005899fffd8, 0x0000000589a00000| 99%| O|  |TAMS 0x0000000589900000| PB 0x0000000589900000| Untracked 
| 498|0x0000000589a00000, 0x0000000589afffe8, 0x0000000589b00000| 99%| O|  |TAMS 0x0000000589a00000| PB 0x0000000589a00000| Untracked 
| 499|0x0000000589b00000, 0x0000000589bfffd0, 0x0000000589c00000| 99%| O|  |TAMS 0x0000000589b00000| PB 0x0000000589b00000| Untracked 
| 500|0x0000000589c00000, 0x0000000589cffff8, 0x0000000589d00000| 99%| O|  |TAMS 0x0000000589c00000| PB 0x0000000589c00000| Untracked 
| 501|0x0000000589d00000, 0x0000000589dffff8, 0x0000000589e00000| 99%| O|  |TAMS 0x0000000589d00000| PB 0x0000000589d00000| Untracked 
| 502|0x0000000589e00000, 0x0000000589effff8, 0x0000000589f00000| 99%| O|  |TAMS 0x0000000589e00000| PB 0x0000000589e00000| Untracked 
| 503|0x0000000589f00000, 0x000000058a000000, 0x000000058a000000|100%| O|  |TAMS 0x0000000589f00000| PB 0x0000000589f00000| Untracked 
| 504|0x000000058a000000, 0x000000058a100000, 0x000000058a100000|100%| O|  |TAMS 0x000000058a000000| PB 0x000000058a000000| Untracked 
| 505|0x000000058a100000, 0x000000058a200000, 0x000000058a200000|100%| O|  |TAMS 0x000000058a100000| PB 0x000000058a100000| Untracked 
| 506|0x000000058a200000, 0x000000058a2ffff0, 0x000000058a300000| 99%| O|  |TAMS 0x000000058a200000| PB 0x000000058a200000| Untracked 
| 507|0x000000058a300000, 0x000000058a400000, 0x000000058a400000|100%| O|  |TAMS 0x000000058a300000| PB 0x000000058a300000| Untracked 
| 508|0x000000058a400000, 0x000000058a500000, 0x000000058a500000|100%| O|  |TAMS 0x000000058a400000| PB 0x000000058a400000| Untracked 
| 509|0x000000058a500000, 0x000000058a600000, 0x000000058a600000|100%| O|  |TAMS 0x000000058a500000| PB 0x000000058a500000| Untracked 
| 510|0x000000058a600000, 0x000000058a700000, 0x000000058a700000|100%| O|  |TAMS 0x000000058a600000| PB 0x000000058a600000| Untracked 
| 511|0x000000058a700000, 0x000000058a7ffff8, 0x000000058a800000| 99%| O|  |TAMS 0x000000058a700000| PB 0x000000058a700000| Untracked 
| 512|0x000000058a800000, 0x000000058a900000, 0x000000058a900000|100%| O|  |TAMS 0x000000058a800000| PB 0x000000058a800000| Untracked 
| 513|0x000000058a900000, 0x000000058aa00000, 0x000000058aa00000|100%| O|  |TAMS 0x000000058a900000| PB 0x000000058a900000| Untracked 
| 514|0x000000058aa00000, 0x000000058ab00000, 0x000000058ab00000|100%| O|  |TAMS 0x000000058aa00000| PB 0x000000058aa00000| Untracked 
| 515|0x000000058ab00000, 0x000000058ac00000, 0x000000058ac00000|100%| O|  |TAMS 0x000000058ab00000| PB 0x000000058ab00000| Untracked 
| 516|0x000000058ac00000, 0x000000058ad00000, 0x000000058ad00000|100%| O|  |TAMS 0x000000058ac00000| PB 0x000000058ac00000| Untracked 
| 517|0x000000058ad00000, 0x000000058ae00000, 0x000000058ae00000|100%| O|  |TAMS 0x000000058ad00000| PB 0x000000058ad00000| Untracked 
| 518|0x000000058ae00000, 0x000000058af00000, 0x000000058af00000|100%| O|  |TAMS 0x000000058ae00000| PB 0x000000058ae00000| Untracked 
| 519|0x000000058af00000, 0x000000058affffe0, 0x000000058b000000| 99%| O|  |TAMS 0x000000058af00000| PB 0x000000058af00000| Untracked 
| 520|0x000000058b000000, 0x000000058b0fffe0, 0x000000058b100000| 99%| O|  |TAMS 0x000000058b000000| PB 0x000000058b000000| Untracked 
| 521|0x000000058b100000, 0x000000058b1ffff8, 0x000000058b200000| 99%| O|  |TAMS 0x000000058b100000| PB 0x000000058b100000| Untracked 
| 522|0x000000058b200000, 0x000000058b300000, 0x000000058b300000|100%| O|  |TAMS 0x000000058b200000| PB 0x000000058b200000| Untracked 
| 523|0x000000058b300000, 0x000000058b400000, 0x000000058b400000|100%| O|  |TAMS 0x000000058b300000| PB 0x000000058b300000| Untracked 
| 524|0x000000058b400000, 0x000000058b4e7290, 0x000000058b500000| 90%| O|  |TAMS 0x000000058b400000| PB 0x000000058b400000| Untracked 
| 525|0x000000058b500000, 0x000000058b5ffff8, 0x000000058b600000| 99%| O|  |TAMS 0x000000058b500000| PB 0x000000058b500000| Untracked 
| 526|0x000000058b600000, 0x000000058b670d38, 0x000000058b700000| 44%| O|  |TAMS 0x000000058b600000| PB 0x000000058b600000| Untracked 
| 527|0x000000058b700000, 0x000000058b800000, 0x000000058b800000|100%| O|  |TAMS 0x000000058b700000| PB 0x000000058b700000| Untracked 
| 528|0x000000058b800000, 0x000000058b900000, 0x000000058b900000|100%| O|  |TAMS 0x000000058b800000| PB 0x000000058b800000| Untracked 
| 529|0x000000058b900000, 0x000000058ba00000, 0x000000058ba00000|100%| O|  |TAMS 0x000000058b900000| PB 0x000000058b900000| Untracked 
| 530|0x000000058ba00000, 0x000000058ba08f08, 0x000000058bb00000|  3%| O|  |TAMS 0x000000058ba00000| PB 0x000000058ba00000| Untracked 
| 531|0x000000058bb00000, 0x000000058bc00000, 0x000000058bc00000|100%| O|  |TAMS 0x000000058bb00000| PB 0x000000058bb00000| Untracked 
| 532|0x000000058bc00000, 0x000000058bcfffe8, 0x000000058bd00000| 99%| O|  |TAMS 0x000000058bc00000| PB 0x000000058bc00000| Untracked 
| 533|0x000000058bd00000, 0x000000058be00000, 0x000000058be00000|100%| O|  |TAMS 0x000000058bd00000| PB 0x000000058bd00000| Untracked 
| 534|0x000000058be00000, 0x000000058bf00000, 0x000000058bf00000|100%| O|  |TAMS 0x000000058be00000| PB 0x000000058be00000| Untracked 
| 535|0x000000058bf00000, 0x000000058c000000, 0x000000058c000000|100%| O|  |TAMS 0x000000058bf00000| PB 0x000000058bf00000| Untracked 
| 536|0x000000058c000000, 0x000000058c100000, 0x000000058c100000|100%| O|  |TAMS 0x000000058c000000| PB 0x000000058c000000| Untracked 
| 537|0x000000058c100000, 0x000000058c1ffff8, 0x000000058c200000| 99%| O|  |TAMS 0x000000058c100000| PB 0x000000058c100000| Untracked 
| 538|0x000000058c200000, 0x000000058c2fffe8, 0x000000058c300000| 99%| O|  |TAMS 0x000000058c200000| PB 0x000000058c200000| Untracked 
| 539|0x000000058c300000, 0x000000058c400000, 0x000000058c400000|100%| O|  |TAMS 0x000000058c300000| PB 0x000000058c300000| Untracked 
| 540|0x000000058c400000, 0x000000058c4ffff0, 0x000000058c500000| 99%| O|  |TAMS 0x000000058c400000| PB 0x000000058c400000| Untracked 
| 541|0x000000058c500000, 0x000000058c500000, 0x000000058c600000|  0%| F|  |TAMS 0x000000058c500000| PB 0x000000058c500000| Untracked 
| 542|0x000000058c600000, 0x000000058c600108, 0x000000058c700000|  0%| O|  |TAMS 0x000000058c600000| PB 0x000000058c600000| Untracked 
| 543|0x000000058c700000, 0x000000058c7820f8, 0x000000058c800000| 50%| O|  |TAMS 0x000000058c700000| PB 0x000000058c700000| Untracked 
| 544|0x000000058c800000, 0x000000058c900000, 0x000000058c900000|100%| O|  |TAMS 0x000000058c800000| PB 0x000000058c800000| Untracked 
| 545|0x000000058c900000, 0x000000058c900298, 0x000000058ca00000|  0%| O|  |TAMS 0x000000058c900000| PB 0x000000058c900000| Untracked 
| 546|0x000000058ca00000, 0x000000058cb00000, 0x000000058cb00000|100%| O|  |TAMS 0x000000058ca00000| PB 0x000000058ca00000| Untracked 
| 547|0x000000058cb00000, 0x000000058cc00000, 0x000000058cc00000|100%| O|  |TAMS 0x000000058cb00000| PB 0x000000058cb00000| Untracked 
| 548|0x000000058cc00000, 0x000000058cc00070, 0x000000058cd00000|  0%| O|  |TAMS 0x000000058cc00000| PB 0x000000058cc00000| Untracked 
| 549|0x000000058cd00000, 0x000000058ce00000, 0x000000058ce00000|100%| O|  |TAMS 0x000000058cd00000| PB 0x000000058cd00000| Untracked 
| 550|0x000000058ce00000, 0x000000058ce000a8, 0x000000058cf00000|  0%| O|  |TAMS 0x000000058ce00000| PB 0x000000058ce00000| Untracked 
| 551|0x000000058cf00000, 0x000000058d000000, 0x000000058d000000|100%| O|  |TAMS 0x000000058cf00000| PB 0x000000058cf00000| Untracked 
| 552|0x000000058d000000, 0x000000058d000000, 0x000000058d100000|  0%| F|  |TAMS 0x000000058d000000| PB 0x000000058d000000| Untracked 
| 553|0x000000058d100000, 0x000000058d100000, 0x000000058d200000|  0%| F|  |TAMS 0x000000058d100000| PB 0x000000058d100000| Untracked 
| 554|0x000000058d200000, 0x000000058d300000, 0x000000058d300000|100%| O|  |TAMS 0x000000058d200000| PB 0x000000058d200000| Untracked 
| 555|0x000000058d300000, 0x000000058d300000, 0x000000058d400000|  0%| F|  |TAMS 0x000000058d300000| PB 0x000000058d300000| Untracked 
| 556|0x000000058d400000, 0x000000058d400000, 0x000000058d500000|  0%| F|  |TAMS 0x000000058d400000| PB 0x000000058d400000| Untracked 
| 557|0x000000058d500000, 0x000000058d500000, 0x000000058d600000|  0%| F|  |TAMS 0x000000058d500000| PB 0x000000058d500000| Untracked 
| 558|0x000000058d600000, 0x000000058d700000, 0x000000058d700000|100%| O|  |TAMS 0x000000058d600000| PB 0x000000058d600000| Untracked 
| 559|0x000000058d700000, 0x000000058d800000, 0x000000058d800000|100%| O|  |TAMS 0x000000058d700000| PB 0x000000058d700000| Untracked 
| 560|0x000000058d800000, 0x000000058d800000, 0x000000058d900000|  0%| F|  |TAMS 0x000000058d800000| PB 0x000000058d800000| Untracked 
| 561|0x000000058d900000, 0x000000058d900000, 0x000000058da00000|  0%| F|  |TAMS 0x000000058d900000| PB 0x000000058d900000| Untracked 
| 562|0x000000058da00000, 0x000000058da00000, 0x000000058db00000|  0%| F|  |TAMS 0x000000058da00000| PB 0x000000058da00000| Untracked 
| 563|0x000000058db00000, 0x000000058db00000, 0x000000058dc00000|  0%| F|  |TAMS 0x000000058db00000| PB 0x000000058db00000| Untracked 
| 564|0x000000058dc00000, 0x000000058dc00000, 0x000000058dd00000|  0%| F|  |TAMS 0x000000058dc00000| PB 0x000000058dc00000| Untracked 
| 565|0x000000058dd00000, 0x000000058dd00000, 0x000000058de00000|  0%| F|  |TAMS 0x000000058dd00000| PB 0x000000058dd00000| Untracked 
| 566|0x000000058de00000, 0x000000058de00000, 0x000000058df00000|  0%| F|  |TAMS 0x000000058de00000| PB 0x000000058de00000| Untracked 
| 567|0x000000058df00000, 0x000000058df00000, 0x000000058e000000|  0%| F|  |TAMS 0x000000058df00000| PB 0x000000058df00000| Untracked 
| 568|0x000000058e000000, 0x000000058e000000, 0x000000058e100000|  0%| F|  |TAMS 0x000000058e000000| PB 0x000000058e000000| Untracked 
| 569|0x000000058e100000, 0x000000058e1fffe0, 0x000000058e200000| 99%| O|  |TAMS 0x000000058e100000| PB 0x000000058e100000| Untracked 
| 570|0x000000058e200000, 0x000000058e200000, 0x000000058e300000|  0%| F|  |TAMS 0x000000058e200000| PB 0x000000058e200000| Untracked 
| 571|0x000000058e300000, 0x000000058e400000, 0x000000058e400000|100%| O|  |TAMS 0x000000058e300000| PB 0x000000058e300000| Untracked 
| 572|0x000000058e400000, 0x000000058e400000, 0x000000058e500000|  0%| F|  |TAMS 0x000000058e400000| PB 0x000000058e400000| Untracked 
| 573|0x000000058e500000, 0x000000058e600000, 0x000000058e600000|100%| O|  |TAMS 0x000000058e500000| PB 0x000000058e500000| Untracked 
| 574|0x000000058e600000, 0x000000058e600000, 0x000000058e700000|  0%| F|  |TAMS 0x000000058e600000| PB 0x000000058e600000| Untracked 
| 575|0x000000058e700000, 0x000000058e700000, 0x000000058e800000|  0%| F|  |TAMS 0x000000058e700000| PB 0x000000058e700000| Untracked 
| 576|0x000000058e800000, 0x000000058e800000, 0x000000058e900000|  0%| F|  |TAMS 0x000000058e800000| PB 0x000000058e800000| Untracked 
| 577|0x000000058e900000, 0x000000058e900000, 0x000000058ea00000|  0%| F|  |TAMS 0x000000058e900000| PB 0x000000058e900000| Untracked 
| 578|0x000000058ea00000, 0x000000058ea00000, 0x000000058eb00000|  0%| F|  |TAMS 0x000000058ea00000| PB 0x000000058ea00000| Untracked 
| 579|0x000000058eb00000, 0x000000058eb00000, 0x000000058ec00000|  0%| F|  |TAMS 0x000000058eb00000| PB 0x000000058eb00000| Untracked 
| 580|0x000000058ec00000, 0x000000058ec00000, 0x000000058ed00000|  0%| F|  |TAMS 0x000000058ec00000| PB 0x000000058ec00000| Untracked 
| 581|0x000000058ed00000, 0x000000058ed00000, 0x000000058ee00000|  0%| F|  |TAMS 0x000000058ed00000| PB 0x000000058ed00000| Untracked 
| 582|0x000000058ee00000, 0x000000058ee00000, 0x000000058ef00000|  0%| F|  |TAMS 0x000000058ee00000| PB 0x000000058ee00000| Untracked 
| 583|0x000000058ef00000, 0x000000058ef00000, 0x000000058f000000|  0%| F|  |TAMS 0x000000058ef00000| PB 0x000000058ef00000| Untracked 
| 584|0x000000058f000000, 0x000000058f000000, 0x000000058f100000|  0%| F|  |TAMS 0x000000058f000000| PB 0x000000058f000000| Untracked 
| 585|0x000000058f100000, 0x000000058f1ffff8, 0x000000058f200000| 99%| O|  |TAMS 0x000000058f100000| PB 0x000000058f100000| Untracked 
| 586|0x000000058f200000, 0x000000058f200000, 0x000000058f300000|  0%| F|  |TAMS 0x000000058f200000| PB 0x000000058f200000| Untracked 
| 587|0x000000058f300000, 0x000000058f3fffe8, 0x000000058f400000| 99%| O|  |TAMS 0x000000058f300000| PB 0x000000058f300000| Untracked 
| 588|0x000000058f400000, 0x000000058f4ffff0, 0x000000058f500000| 99%| O|  |TAMS 0x000000058f400000| PB 0x000000058f400000| Untracked 
| 589|0x000000058f500000, 0x000000058f600000, 0x000000058f600000|100%|HS|  |TAMS 0x000000058f500000| PB 0x000000058f500000| Untracked 
| 590|0x000000058f600000, 0x000000058f700000, 0x000000058f700000|100%|HC|  |TAMS 0x000000058f600000| PB 0x000000058f600000| Untracked 
| 591|0x000000058f700000, 0x000000058f800000, 0x000000058f800000|100%| O|  |TAMS 0x000000058f700000| PB 0x000000058f700000| Untracked 
| 592|0x000000058f800000, 0x000000058f800000, 0x000000058f900000|  0%| F|  |TAMS 0x000000058f800000| PB 0x000000058f800000| Untracked 
| 593|0x000000058f900000, 0x000000058fa00000, 0x000000058fa00000|100%| O|  |TAMS 0x000000058f900000| PB 0x000000058f900000| Untracked 
| 594|0x000000058fa00000, 0x000000058fa00000, 0x000000058fb00000|  0%| F|  |TAMS 0x000000058fa00000| PB 0x000000058fa00000| Untracked 
| 595|0x000000058fb00000, 0x000000058fb00000, 0x000000058fc00000|  0%| F|  |TAMS 0x000000058fb00000| PB 0x000000058fb00000| Untracked 
| 596|0x000000058fc00000, 0x000000058fc00000, 0x000000058fd00000|  0%| F|  |TAMS 0x000000058fc00000| PB 0x000000058fc00000| Untracked 
| 597|0x000000058fd00000, 0x000000058fd00000, 0x000000058fe00000|  0%| F|  |TAMS 0x000000058fd00000| PB 0x000000058fd00000| Untracked 
| 598|0x000000058fe00000, 0x000000058fe00000, 0x000000058ff00000|  0%| F|  |TAMS 0x000000058fe00000| PB 0x000000058fe00000| Untracked 
| 599|0x000000058ff00000, 0x000000058ff00000, 0x0000000590000000|  0%| F|  |TAMS 0x000000058ff00000| PB 0x000000058ff00000| Untracked 
| 600|0x0000000590000000, 0x0000000590000000, 0x0000000590100000|  0%| F|  |TAMS 0x0000000590000000| PB 0x0000000590000000| Untracked 
| 601|0x0000000590100000, 0x0000000590100000, 0x0000000590200000|  0%| F|  |TAMS 0x0000000590100000| PB 0x0000000590100000| Untracked 
| 602|0x0000000590200000, 0x0000000590200000, 0x0000000590300000|  0%| F|  |TAMS 0x0000000590200000| PB 0x0000000590200000| Untracked 
| 603|0x0000000590300000, 0x0000000590300000, 0x0000000590400000|  0%| F|  |TAMS 0x0000000590300000| PB 0x0000000590300000| Untracked 
| 604|0x0000000590400000, 0x0000000590400000, 0x0000000590500000|  0%| F|  |TAMS 0x0000000590400000| PB 0x0000000590400000| Untracked 
| 605|0x0000000590500000, 0x0000000590500000, 0x0000000590600000|  0%| F|  |TAMS 0x0000000590500000| PB 0x0000000590500000| Untracked 
| 606|0x0000000590600000, 0x0000000590600000, 0x0000000590700000|  0%| F|  |TAMS 0x0000000590600000| PB 0x0000000590600000| Untracked 
| 607|0x0000000590700000, 0x0000000590700000, 0x0000000590800000|  0%| F|  |TAMS 0x0000000590700000| PB 0x0000000590700000| Untracked 
| 608|0x0000000590800000, 0x0000000590800000, 0x0000000590900000|  0%| F|  |TAMS 0x0000000590800000| PB 0x0000000590800000| Untracked 
| 609|0x0000000590900000, 0x0000000590900000, 0x0000000590a00000|  0%| F|  |TAMS 0x0000000590900000| PB 0x0000000590900000| Untracked 
| 610|0x0000000590a00000, 0x0000000590a00000, 0x0000000590b00000|  0%| F|  |TAMS 0x0000000590a00000| PB 0x0000000590a00000| Untracked 
| 611|0x0000000590b00000, 0x0000000590b00000, 0x0000000590c00000|  0%| F|  |TAMS 0x0000000590b00000| PB 0x0000000590b00000| Untracked 
| 612|0x0000000590c00000, 0x0000000590c00000, 0x0000000590d00000|  0%| F|  |TAMS 0x0000000590c00000| PB 0x0000000590c00000| Untracked 
| 613|0x0000000590d00000, 0x0000000590d00000, 0x0000000590e00000|  0%| F|  |TAMS 0x0000000590d00000| PB 0x0000000590d00000| Untracked 
| 614|0x0000000590e00000, 0x0000000590e00000, 0x0000000590f00000|  0%| F|  |TAMS 0x0000000590e00000| PB 0x0000000590e00000| Untracked 
| 615|0x0000000590f00000, 0x0000000590f00000, 0x0000000591000000|  0%| F|  |TAMS 0x0000000590f00000| PB 0x0000000590f00000| Untracked 
| 616|0x0000000591000000, 0x0000000591100000, 0x0000000591100000|100%| O|  |TAMS 0x0000000591000000| PB 0x0000000591000000| Untracked 
| 617|0x0000000591100000, 0x0000000591100000, 0x0000000591200000|  0%| F|  |TAMS 0x0000000591100000| PB 0x0000000591100000| Untracked 
| 618|0x0000000591200000, 0x0000000591200000, 0x0000000591300000|  0%| F|  |TAMS 0x0000000591200000| PB 0x0000000591200000| Untracked 
| 619|0x0000000591300000, 0x0000000591300000, 0x0000000591400000|  0%| F|  |TAMS 0x0000000591300000| PB 0x0000000591300000| Untracked 
| 620|0x0000000591400000, 0x0000000591400000, 0x0000000591500000|  0%| F|  |TAMS 0x0000000591400000| PB 0x0000000591400000| Untracked 
| 621|0x0000000591500000, 0x0000000591500000, 0x0000000591600000|  0%| F|  |TAMS 0x0000000591500000| PB 0x0000000591500000| Untracked 
| 622|0x0000000591600000, 0x00000005916ffff8, 0x0000000591700000| 99%| O|  |TAMS 0x0000000591600000| PB 0x0000000591600000| Untracked 
| 623|0x0000000591700000, 0x0000000591700000, 0x0000000591800000|  0%| F|  |TAMS 0x0000000591700000| PB 0x0000000591700000| Untracked 
| 624|0x0000000591800000, 0x0000000591800000, 0x0000000591900000|  0%| F|  |TAMS 0x0000000591800000| PB 0x0000000591800000| Untracked 
| 625|0x0000000591900000, 0x0000000591900000, 0x0000000591a00000|  0%| F|  |TAMS 0x0000000591900000| PB 0x0000000591900000| Untracked 
| 626|0x0000000591a00000, 0x0000000591a00000, 0x0000000591b00000|  0%| F|  |TAMS 0x0000000591a00000| PB 0x0000000591a00000| Untracked 
| 627|0x0000000591b00000, 0x0000000591b00000, 0x0000000591c00000|  0%| F|  |TAMS 0x0000000591b00000| PB 0x0000000591b00000| Untracked 
| 628|0x0000000591c00000, 0x0000000591c00000, 0x0000000591d00000|  0%| F|  |TAMS 0x0000000591c00000| PB 0x0000000591c00000| Untracked 
| 629|0x0000000591d00000, 0x0000000591d00000, 0x0000000591e00000|  0%| F|  |TAMS 0x0000000591d00000| PB 0x0000000591d00000| Untracked 
| 630|0x0000000591e00000, 0x0000000591f00000, 0x0000000591f00000|100%| O|  |TAMS 0x0000000591e00000| PB 0x0000000591e00000| Untracked 
| 631|0x0000000591f00000, 0x0000000591f00000, 0x0000000592000000|  0%| F|  |TAMS 0x0000000591f00000| PB 0x0000000591f00000| Untracked 
| 632|0x0000000592000000, 0x0000000592000000, 0x0000000592100000|  0%| F|  |TAMS 0x0000000592000000| PB 0x0000000592000000| Untracked 
| 633|0x0000000592100000, 0x00000005921ffff0, 0x0000000592200000| 99%| O|  |TAMS 0x0000000592100000| PB 0x0000000592100000| Untracked 
| 634|0x0000000592200000, 0x0000000592200000, 0x0000000592300000|  0%| F|  |TAMS 0x0000000592200000| PB 0x0000000592200000| Untracked 
| 635|0x0000000592300000, 0x0000000592300000, 0x0000000592400000|  0%| F|  |TAMS 0x0000000592300000| PB 0x0000000592300000| Untracked 
| 636|0x0000000592400000, 0x0000000592400000, 0x0000000592500000|  0%| F|  |TAMS 0x0000000592400000| PB 0x0000000592400000| Untracked 
| 637|0x0000000592500000, 0x0000000592500000, 0x0000000592600000|  0%| F|  |TAMS 0x0000000592500000| PB 0x0000000592500000| Untracked 
| 638|0x0000000592600000, 0x0000000592600000, 0x0000000592700000|  0%| F|  |TAMS 0x0000000592600000| PB 0x0000000592600000| Untracked 
| 639|0x0000000592700000, 0x0000000592700000, 0x0000000592800000|  0%| F|  |TAMS 0x0000000592700000| PB 0x0000000592700000| Untracked 
| 640|0x0000000592800000, 0x0000000592800000, 0x0000000592900000|  0%| F|  |TAMS 0x0000000592800000| PB 0x0000000592800000| Untracked 
| 641|0x0000000592900000, 0x0000000592900000, 0x0000000592a00000|  0%| F|  |TAMS 0x0000000592900000| PB 0x0000000592900000| Untracked 
| 642|0x0000000592a00000, 0x0000000592a00000, 0x0000000592b00000|  0%| F|  |TAMS 0x0000000592a00000| PB 0x0000000592a00000| Untracked 
| 643|0x0000000592b00000, 0x0000000592b00000, 0x0000000592c00000|  0%| F|  |TAMS 0x0000000592b00000| PB 0x0000000592b00000| Untracked 
| 644|0x0000000592c00000, 0x0000000592c00000, 0x0000000592d00000|  0%| F|  |TAMS 0x0000000592c00000| PB 0x0000000592c00000| Untracked 
| 645|0x0000000592d00000, 0x0000000592e00000, 0x0000000592e00000|100%| O|  |TAMS 0x0000000592d00000| PB 0x0000000592d00000| Untracked 
| 646|0x0000000592e00000, 0x0000000592f00000, 0x0000000592f00000|100%| O|  |TAMS 0x0000000592e00000| PB 0x0000000592e00000| Untracked 
| 647|0x0000000592f00000, 0x0000000593000000, 0x0000000593000000|100%| O|  |TAMS 0x0000000592f00000| PB 0x0000000592f00000| Untracked 
| 648|0x0000000593000000, 0x0000000593000000, 0x0000000593100000|  0%| F|  |TAMS 0x0000000593000000| PB 0x0000000593000000| Untracked 
| 649|0x0000000593100000, 0x0000000593200000, 0x0000000593200000|100%| O|  |TAMS 0x0000000593100000| PB 0x0000000593100000| Untracked 
| 650|0x0000000593200000, 0x0000000593300000, 0x0000000593300000|100%| O|  |TAMS 0x0000000593200000| PB 0x0000000593200000| Untracked 
| 651|0x0000000593300000, 0x0000000593300000, 0x0000000593400000|  0%| F|  |TAMS 0x0000000593300000| PB 0x0000000593300000| Untracked 
| 652|0x0000000593400000, 0x0000000593500000, 0x0000000593500000|100%| O|  |TAMS 0x0000000593400000| PB 0x0000000593400000| Untracked 
| 653|0x0000000593500000, 0x0000000593500000, 0x0000000593600000|  0%| F|  |TAMS 0x0000000593500000| PB 0x0000000593500000| Untracked 
| 654|0x0000000593600000, 0x0000000593600000, 0x0000000593700000|  0%| F|  |TAMS 0x0000000593600000| PB 0x0000000593600000| Untracked 
| 655|0x0000000593700000, 0x0000000593700000, 0x0000000593800000|  0%| F|  |TAMS 0x0000000593700000| PB 0x0000000593700000| Untracked 
| 656|0x0000000593800000, 0x0000000593800000, 0x0000000593900000|  0%| F|  |TAMS 0x0000000593800000| PB 0x0000000593800000| Untracked 
| 657|0x0000000593900000, 0x0000000593900000, 0x0000000593a00000|  0%| F|  |TAMS 0x0000000593900000| PB 0x0000000593900000| Untracked 
| 658|0x0000000593a00000, 0x0000000593b00000, 0x0000000593b00000|100%| O|  |TAMS 0x0000000593a00000| PB 0x0000000593a00000| Untracked 
| 659|0x0000000593b00000, 0x0000000593c00000, 0x0000000593c00000|100%| O|  |TAMS 0x0000000593b00000| PB 0x0000000593b00000| Untracked 
| 660|0x0000000593c00000, 0x0000000593c00000, 0x0000000593d00000|  0%| F|  |TAMS 0x0000000593c00000| PB 0x0000000593c00000| Untracked 
| 661|0x0000000593d00000, 0x0000000593d00000, 0x0000000593e00000|  0%| F|  |TAMS 0x0000000593d00000| PB 0x0000000593d00000| Untracked 
| 662|0x0000000593e00000, 0x0000000593e00000, 0x0000000593f00000|  0%| F|  |TAMS 0x0000000593e00000| PB 0x0000000593e00000| Untracked 
| 663|0x0000000593f00000, 0x0000000594000000, 0x0000000594000000|100%| O|  |TAMS 0x0000000593f00000| PB 0x0000000593f00000| Untracked 
| 664|0x0000000594000000, 0x0000000594100000, 0x0000000594100000|100%| O|  |TAMS 0x0000000594000000| PB 0x0000000594000000| Untracked 
| 665|0x0000000594100000, 0x0000000594100000, 0x0000000594200000|  0%| F|  |TAMS 0x0000000594100000| PB 0x0000000594100000| Untracked 
| 666|0x0000000594200000, 0x0000000594200000, 0x0000000594300000|  0%| F|  |TAMS 0x0000000594200000| PB 0x0000000594200000| Untracked 
| 667|0x0000000594300000, 0x0000000594300000, 0x0000000594400000|  0%| F|  |TAMS 0x0000000594300000| PB 0x0000000594300000| Untracked 
| 668|0x0000000594400000, 0x0000000594500000, 0x0000000594500000|100%| O|  |TAMS 0x0000000594400000| PB 0x0000000594400000| Untracked 
| 669|0x0000000594500000, 0x0000000594500000, 0x0000000594600000|  0%| F|  |TAMS 0x0000000594500000| PB 0x0000000594500000| Untracked 
| 670|0x0000000594600000, 0x0000000594700000, 0x0000000594700000|100%| O|  |TAMS 0x0000000594600000| PB 0x0000000594600000| Untracked 
| 671|0x0000000594700000, 0x0000000594700000, 0x0000000594800000|  0%| F|  |TAMS 0x0000000594700000| PB 0x0000000594700000| Untracked 
| 672|0x0000000594800000, 0x0000000594900000, 0x0000000594900000|100%| O|  |TAMS 0x0000000594800000| PB 0x0000000594800000| Untracked 
| 673|0x0000000594900000, 0x0000000594a00000, 0x0000000594a00000|100%| O|  |TAMS 0x0000000594900000| PB 0x0000000594900000| Untracked 
| 674|0x0000000594a00000, 0x0000000594b00000, 0x0000000594b00000|100%| O|  |TAMS 0x0000000594a00000| PB 0x0000000594a00000| Untracked 
| 675|0x0000000594b00000, 0x0000000594b00000, 0x0000000594c00000|  0%| F|  |TAMS 0x0000000594b00000| PB 0x0000000594b00000| Untracked 
| 676|0x0000000594c00000, 0x0000000594c00000, 0x0000000594d00000|  0%| F|  |TAMS 0x0000000594c00000| PB 0x0000000594c00000| Untracked 
| 677|0x0000000594d00000, 0x0000000594d00000, 0x0000000594e00000|  0%| F|  |TAMS 0x0000000594d00000| PB 0x0000000594d00000| Untracked 
| 678|0x0000000594e00000, 0x0000000594e00000, 0x0000000594f00000|  0%| F|  |TAMS 0x0000000594e00000| PB 0x0000000594e00000| Untracked 
| 679|0x0000000594f00000, 0x0000000594f00000, 0x0000000595000000|  0%| F|  |TAMS 0x0000000594f00000| PB 0x0000000594f00000| Untracked 
| 680|0x0000000595000000, 0x0000000595000000, 0x0000000595100000|  0%| F|  |TAMS 0x0000000595000000| PB 0x0000000595000000| Untracked 
| 681|0x0000000595100000, 0x0000000595100000, 0x0000000595200000|  0%| F|  |TAMS 0x0000000595100000| PB 0x0000000595100000| Untracked 
| 682|0x0000000595200000, 0x0000000595200000, 0x0000000595300000|  0%| F|  |TAMS 0x0000000595200000| PB 0x0000000595200000| Untracked 
| 683|0x0000000595300000, 0x0000000595300000, 0x0000000595400000|  0%| F|  |TAMS 0x0000000595300000| PB 0x0000000595300000| Untracked 
| 684|0x0000000595400000, 0x0000000595400000, 0x0000000595500000|  0%| F|  |TAMS 0x0000000595400000| PB 0x0000000595400000| Untracked 
| 685|0x0000000595500000, 0x0000000595500000, 0x0000000595600000|  0%| F|  |TAMS 0x0000000595500000| PB 0x0000000595500000| Untracked 
| 686|0x0000000595600000, 0x0000000595600000, 0x0000000595700000|  0%| F|  |TAMS 0x0000000595600000| PB 0x0000000595600000| Untracked 
| 687|0x0000000595700000, 0x0000000595700000, 0x0000000595800000|  0%| F|  |TAMS 0x0000000595700000| PB 0x0000000595700000| Untracked 
| 688|0x0000000595800000, 0x0000000595900000, 0x0000000595900000|100%| O|  |TAMS 0x0000000595800000| PB 0x0000000595800000| Untracked 
| 689|0x0000000595900000, 0x0000000595900000, 0x0000000595a00000|  0%| F|  |TAMS 0x0000000595900000| PB 0x0000000595900000| Untracked 
| 690|0x0000000595a00000, 0x0000000595a00000, 0x0000000595b00000|  0%| F|  |TAMS 0x0000000595a00000| PB 0x0000000595a00000| Untracked 
| 691|0x0000000595b00000, 0x0000000595b00000, 0x0000000595c00000|  0%| F|  |TAMS 0x0000000595b00000| PB 0x0000000595b00000| Untracked 
| 692|0x0000000595c00000, 0x0000000595d00000, 0x0000000595d00000|100%| O|  |TAMS 0x0000000595c00000| PB 0x0000000595c00000| Untracked 
| 693|0x0000000595d00000, 0x0000000595d00000, 0x0000000595e00000|  0%| F|  |TAMS 0x0000000595d00000| PB 0x0000000595d00000| Untracked 
| 694|0x0000000595e00000, 0x0000000595f00000, 0x0000000595f00000|100%| O|  |TAMS 0x0000000595e00000| PB 0x0000000595e00000| Untracked 
| 695|0x0000000595f00000, 0x0000000596000000, 0x0000000596000000|100%| O|  |TAMS 0x0000000595f00000| PB 0x0000000595f00000| Untracked 
| 696|0x0000000596000000, 0x0000000596000000, 0x0000000596100000|  0%| F|  |TAMS 0x0000000596000000| PB 0x0000000596000000| Untracked 
| 697|0x0000000596100000, 0x0000000596200000, 0x0000000596200000|100%| O|  |TAMS 0x0000000596100000| PB 0x0000000596100000| Untracked 
| 698|0x0000000596200000, 0x0000000596200000, 0x0000000596300000|  0%| F|  |TAMS 0x0000000596200000| PB 0x0000000596200000| Untracked 
| 699|0x0000000596300000, 0x0000000596300000, 0x0000000596400000|  0%| F|  |TAMS 0x0000000596300000| PB 0x0000000596300000| Untracked 
| 700|0x0000000596400000, 0x0000000596400000, 0x0000000596500000|  0%| F|  |TAMS 0x0000000596400000| PB 0x0000000596400000| Untracked 
| 701|0x0000000596500000, 0x0000000596500000, 0x0000000596600000|  0%| F|  |TAMS 0x0000000596500000| PB 0x0000000596500000| Untracked 
| 702|0x0000000596600000, 0x0000000596600000, 0x0000000596700000|  0%| F|  |TAMS 0x0000000596600000| PB 0x0000000596600000| Untracked 
| 703|0x0000000596700000, 0x0000000596800000, 0x0000000596800000|100%| O|  |TAMS 0x0000000596700000| PB 0x0000000596700000| Untracked 
| 704|0x0000000596800000, 0x0000000596800000, 0x0000000596900000|  0%| F|  |TAMS 0x0000000596800000| PB 0x0000000596800000| Untracked 
| 705|0x0000000596900000, 0x0000000596900000, 0x0000000596a00000|  0%| F|  |TAMS 0x0000000596900000| PB 0x0000000596900000| Untracked 
| 706|0x0000000596a00000, 0x0000000596b00000, 0x0000000596b00000|100%| O|  |TAMS 0x0000000596a00000| PB 0x0000000596a00000| Untracked 
| 707|0x0000000596b00000, 0x0000000596c00000, 0x0000000596c00000|100%| O|  |TAMS 0x0000000596b00000| PB 0x0000000596b00000| Untracked 
| 708|0x0000000596c00000, 0x0000000596d00000, 0x0000000596d00000|100%| O|  |TAMS 0x0000000596c00000| PB 0x0000000596c00000| Untracked 
| 709|0x0000000596d00000, 0x0000000596e00000, 0x0000000596e00000|100%| O|  |TAMS 0x0000000596d00000| PB 0x0000000596d00000| Untracked 
| 710|0x0000000596e00000, 0x0000000596f00000, 0x0000000596f00000|100%| O|  |TAMS 0x0000000596e00000| PB 0x0000000596e00000| Untracked 
| 711|0x0000000596f00000, 0x0000000597000000, 0x0000000597000000|100%| O|  |TAMS 0x0000000596f00000| PB 0x0000000596f00000| Untracked 
| 712|0x0000000597000000, 0x0000000597100000, 0x0000000597100000|100%| O|  |TAMS 0x0000000597000000| PB 0x0000000597000000| Untracked 
| 713|0x0000000597100000, 0x0000000597200000, 0x0000000597200000|100%| O|  |TAMS 0x0000000597100000| PB 0x0000000597100000| Untracked 
| 714|0x0000000597200000, 0x0000000597300000, 0x0000000597300000|100%| O|  |TAMS 0x0000000597200000| PB 0x0000000597200000| Untracked 
| 715|0x0000000597300000, 0x0000000597400000, 0x0000000597400000|100%| O|  |TAMS 0x0000000597300000| PB 0x0000000597300000| Untracked 
| 716|0x0000000597400000, 0x0000000597500000, 0x0000000597500000|100%| O|  |TAMS 0x0000000597400000| PB 0x0000000597400000| Untracked 
| 717|0x0000000597500000, 0x0000000597600000, 0x0000000597600000|100%| O|  |TAMS 0x0000000597500000| PB 0x0000000597500000| Untracked 
| 718|0x0000000597600000, 0x0000000597700000, 0x0000000597700000|100%| O|  |TAMS 0x0000000597600000| PB 0x0000000597600000| Untracked 
| 719|0x0000000597700000, 0x0000000597800000, 0x0000000597800000|100%| O|  |TAMS 0x0000000597700000| PB 0x0000000597700000| Untracked 
| 720|0x0000000597800000, 0x0000000597900000, 0x0000000597900000|100%| O|  |TAMS 0x0000000597800000| PB 0x0000000597800000| Untracked 
| 721|0x0000000597900000, 0x0000000597a00000, 0x0000000597a00000|100%| O|  |TAMS 0x0000000597900000| PB 0x0000000597900000| Untracked 
| 722|0x0000000597a00000, 0x0000000597b00000, 0x0000000597b00000|100%| O|  |TAMS 0x0000000597a00000| PB 0x0000000597a00000| Untracked 
| 723|0x0000000597b00000, 0x0000000597c00000, 0x0000000597c00000|100%| O|  |TAMS 0x0000000597b00000| PB 0x0000000597b00000| Untracked 
| 724|0x0000000597c00000, 0x0000000597d00000, 0x0000000597d00000|100%| O|  |TAMS 0x0000000597c00000| PB 0x0000000597c00000| Untracked 
| 725|0x0000000597d00000, 0x0000000597e00000, 0x0000000597e00000|100%| O|  |TAMS 0x0000000597d00000| PB 0x0000000597d00000| Untracked 
| 726|0x0000000597e00000, 0x0000000597f00000, 0x0000000597f00000|100%| O|  |TAMS 0x0000000597e00000| PB 0x0000000597e00000| Untracked 
| 727|0x0000000597f00000, 0x0000000598000000, 0x0000000598000000|100%| O|  |TAMS 0x0000000597f00000| PB 0x0000000597f00000| Untracked 
| 728|0x0000000598000000, 0x0000000598100000, 0x0000000598100000|100%| O|  |TAMS 0x0000000598000000| PB 0x0000000598000000| Untracked 
| 729|0x0000000598100000, 0x0000000598200000, 0x0000000598200000|100%| O|  |TAMS 0x0000000598100000| PB 0x0000000598100000| Untracked 
| 730|0x0000000598200000, 0x0000000598300000, 0x0000000598300000|100%| O|  |TAMS 0x0000000598200000| PB 0x0000000598200000| Untracked 
| 731|0x0000000598300000, 0x0000000598400000, 0x0000000598400000|100%| O|  |TAMS 0x0000000598300000| PB 0x0000000598300000| Untracked 
| 732|0x0000000598400000, 0x0000000598500000, 0x0000000598500000|100%| O|  |TAMS 0x0000000598400000| PB 0x0000000598400000| Untracked 
| 733|0x0000000598500000, 0x0000000598600000, 0x0000000598600000|100%| O|  |TAMS 0x0000000598500000| PB 0x0000000598500000| Untracked 
| 734|0x0000000598600000, 0x0000000598700000, 0x0000000598700000|100%| O|  |TAMS 0x0000000598600000| PB 0x0000000598600000| Untracked 
| 735|0x0000000598700000, 0x0000000598800000, 0x0000000598800000|100%| O|  |TAMS 0x0000000598700000| PB 0x0000000598700000| Untracked 
| 736|0x0000000598800000, 0x0000000598900000, 0x0000000598900000|100%| O|  |TAMS 0x0000000598800000| PB 0x0000000598800000| Untracked 
| 737|0x0000000598900000, 0x0000000598a00000, 0x0000000598a00000|100%| O|  |TAMS 0x0000000598900000| PB 0x0000000598900000| Untracked 
| 738|0x0000000598a00000, 0x0000000598b00000, 0x0000000598b00000|100%| O|  |TAMS 0x0000000598a00000| PB 0x0000000598a00000| Untracked 
| 739|0x0000000598b00000, 0x0000000598c00000, 0x0000000598c00000|100%| O|  |TAMS 0x0000000598b00000| PB 0x0000000598b00000| Untracked 
| 740|0x0000000598c00000, 0x0000000598d00000, 0x0000000598d00000|100%| O|  |TAMS 0x0000000598c00000| PB 0x0000000598c00000| Untracked 
| 741|0x0000000598d00000, 0x0000000598e00000, 0x0000000598e00000|100%| O|  |TAMS 0x0000000598d00000| PB 0x0000000598d00000| Untracked 
| 742|0x0000000598e00000, 0x0000000598f00000, 0x0000000598f00000|100%| O|  |TAMS 0x0000000598e00000| PB 0x0000000598e00000| Untracked 
| 743|0x0000000598f00000, 0x0000000599000000, 0x0000000599000000|100%| O|  |TAMS 0x0000000598f00000| PB 0x0000000598f00000| Untracked 
| 744|0x0000000599000000, 0x0000000599100000, 0x0000000599100000|100%| O|  |TAMS 0x0000000599000000| PB 0x0000000599000000| Untracked 
| 745|0x0000000599100000, 0x0000000599200000, 0x0000000599200000|100%| O|  |TAMS 0x0000000599100000| PB 0x0000000599100000| Untracked 
| 746|0x0000000599200000, 0x0000000599300000, 0x0000000599300000|100%| O|  |TAMS 0x0000000599200000| PB 0x0000000599200000| Untracked 
| 747|0x0000000599300000, 0x0000000599400000, 0x0000000599400000|100%| O|  |TAMS 0x0000000599300000| PB 0x0000000599300000| Untracked 
| 748|0x0000000599400000, 0x0000000599500000, 0x0000000599500000|100%| O|  |TAMS 0x0000000599400000| PB 0x0000000599400000| Untracked 
| 749|0x0000000599500000, 0x0000000599600000, 0x0000000599600000|100%| O|  |TAMS 0x0000000599500000| PB 0x0000000599500000| Untracked 
| 750|0x0000000599600000, 0x0000000599700000, 0x0000000599700000|100%| O|  |TAMS 0x0000000599600000| PB 0x0000000599600000| Untracked 
| 751|0x0000000599700000, 0x0000000599800000, 0x0000000599800000|100%| O|  |TAMS 0x0000000599700000| PB 0x0000000599700000| Untracked 
| 752|0x0000000599800000, 0x0000000599900000, 0x0000000599900000|100%| O|  |TAMS 0x0000000599800000| PB 0x0000000599800000| Untracked 
| 753|0x0000000599900000, 0x0000000599a00000, 0x0000000599a00000|100%| O|  |TAMS 0x0000000599900000| PB 0x0000000599900000| Untracked 
| 754|0x0000000599a00000, 0x0000000599b00000, 0x0000000599b00000|100%| O|  |TAMS 0x0000000599a00000| PB 0x0000000599a00000| Untracked 
| 755|0x0000000599b00000, 0x0000000599c00000, 0x0000000599c00000|100%| O|  |TAMS 0x0000000599b00000| PB 0x0000000599b00000| Untracked 
| 756|0x0000000599c00000, 0x0000000599c00000, 0x0000000599d00000|  0%| F|  |TAMS 0x0000000599c00000| PB 0x0000000599c00000| Untracked 
| 757|0x0000000599d00000, 0x0000000599d00000, 0x0000000599e00000|  0%| F|  |TAMS 0x0000000599d00000| PB 0x0000000599d00000| Untracked 
| 758|0x0000000599e00000, 0x0000000599e00000, 0x0000000599f00000|  0%| F|  |TAMS 0x0000000599e00000| PB 0x0000000599e00000| Untracked 
| 759|0x0000000599f00000, 0x0000000599f00000, 0x000000059a000000|  0%| F|  |TAMS 0x0000000599f00000| PB 0x0000000599f00000| Untracked 
| 760|0x000000059a000000, 0x000000059a000000, 0x000000059a100000|  0%| F|  |TAMS 0x000000059a000000| PB 0x000000059a000000| Untracked 
| 761|0x000000059a100000, 0x000000059a100000, 0x000000059a200000|  0%| F|  |TAMS 0x000000059a100000| PB 0x000000059a100000| Untracked 
| 762|0x000000059a200000, 0x000000059a200000, 0x000000059a300000|  0%| F|  |TAMS 0x000000059a200000| PB 0x000000059a200000| Untracked 
| 763|0x000000059a300000, 0x000000059a300000, 0x000000059a400000|  0%| F|  |TAMS 0x000000059a300000| PB 0x000000059a300000| Untracked 
| 764|0x000000059a400000, 0x000000059a400000, 0x000000059a500000|  0%| F|  |TAMS 0x000000059a400000| PB 0x000000059a400000| Untracked 
| 765|0x000000059a500000, 0x000000059a500000, 0x000000059a600000|  0%| F|  |TAMS 0x000000059a500000| PB 0x000000059a500000| Untracked 
| 766|0x000000059a600000, 0x000000059a600000, 0x000000059a700000|  0%| F|  |TAMS 0x000000059a600000| PB 0x000000059a600000| Untracked 
| 767|0x000000059a700000, 0x000000059a700000, 0x000000059a800000|  0%| F|  |TAMS 0x000000059a700000| PB 0x000000059a700000| Untracked 
| 768|0x000000059a800000, 0x000000059a800000, 0x000000059a900000|  0%| F|  |TAMS 0x000000059a800000| PB 0x000000059a800000| Untracked 
| 769|0x000000059a900000, 0x000000059a900000, 0x000000059aa00000|  0%| F|  |TAMS 0x000000059a900000| PB 0x000000059a900000| Untracked 
| 770|0x000000059aa00000, 0x000000059aa00000, 0x000000059ab00000|  0%| F|  |TAMS 0x000000059aa00000| PB 0x000000059aa00000| Untracked 
| 771|0x000000059ab00000, 0x000000059ac00000, 0x000000059ac00000|100%| O|  |TAMS 0x000000059ab00000| PB 0x000000059ab00000| Untracked 
| 772|0x000000059ac00000, 0x000000059ac00000, 0x000000059ad00000|  0%| F|  |TAMS 0x000000059ac00000| PB 0x000000059ac00000| Untracked 
| 773|0x000000059ad00000, 0x000000059ad00000, 0x000000059ae00000|  0%| F|  |TAMS 0x000000059ad00000| PB 0x000000059ad00000| Untracked 
| 774|0x000000059ae00000, 0x000000059ae00000, 0x000000059af00000|  0%| F|  |TAMS 0x000000059ae00000| PB 0x000000059ae00000| Untracked 
| 775|0x000000059af00000, 0x000000059af00000, 0x000000059b000000|  0%| F|  |TAMS 0x000000059af00000| PB 0x000000059af00000| Untracked 
| 776|0x000000059b000000, 0x000000059b000000, 0x000000059b100000|  0%| F|  |TAMS 0x000000059b000000| PB 0x000000059b000000| Untracked 
| 777|0x000000059b100000, 0x000000059b100000, 0x000000059b200000|  0%| F|  |TAMS 0x000000059b100000| PB 0x000000059b100000| Untracked 
| 778|0x000000059b200000, 0x000000059b200000, 0x000000059b300000|  0%| F|  |TAMS 0x000000059b200000| PB 0x000000059b200000| Untracked 
| 779|0x000000059b300000, 0x000000059b300000, 0x000000059b400000|  0%| F|  |TAMS 0x000000059b300000| PB 0x000000059b300000| Untracked 
| 780|0x000000059b400000, 0x000000059b400000, 0x000000059b500000|  0%| F|  |TAMS 0x000000059b400000| PB 0x000000059b400000| Untracked 
| 781|0x000000059b500000, 0x000000059b500000, 0x000000059b600000|  0%| F|  |TAMS 0x000000059b500000| PB 0x000000059b500000| Untracked 
| 782|0x000000059b600000, 0x000000059b600000, 0x000000059b700000|  0%| F|  |TAMS 0x000000059b600000| PB 0x000000059b600000| Untracked 
| 783|0x000000059b700000, 0x000000059b700000, 0x000000059b800000|  0%| F|  |TAMS 0x000000059b700000| PB 0x000000059b700000| Untracked 
| 784|0x000000059b800000, 0x000000059b800000, 0x000000059b900000|  0%| F|  |TAMS 0x000000059b800000| PB 0x000000059b800000| Untracked 
| 785|0x000000059b900000, 0x000000059b900000, 0x000000059ba00000|  0%| F|  |TAMS 0x000000059b900000| PB 0x000000059b900000| Untracked 
| 786|0x000000059ba00000, 0x000000059ba00000, 0x000000059bb00000|  0%| F|  |TAMS 0x000000059ba00000| PB 0x000000059ba00000| Untracked 
| 787|0x000000059bb00000, 0x000000059bb00000, 0x000000059bc00000|  0%| F|  |TAMS 0x000000059bb00000| PB 0x000000059bb00000| Untracked 
| 788|0x000000059bc00000, 0x000000059bc00000, 0x000000059bd00000|  0%| F|  |TAMS 0x000000059bc00000| PB 0x000000059bc00000| Untracked 
| 789|0x000000059bd00000, 0x000000059bd00000, 0x000000059be00000|  0%| F|  |TAMS 0x000000059bd00000| PB 0x000000059bd00000| Untracked 
| 790|0x000000059be00000, 0x000000059be00000, 0x000000059bf00000|  0%| F|  |TAMS 0x000000059be00000| PB 0x000000059be00000| Untracked 
| 791|0x000000059bf00000, 0x000000059bf00000, 0x000000059c000000|  0%| F|  |TAMS 0x000000059bf00000| PB 0x000000059bf00000| Untracked 
| 792|0x000000059c000000, 0x000000059c000000, 0x000000059c100000|  0%| F|  |TAMS 0x000000059c000000| PB 0x000000059c000000| Untracked 
| 793|0x000000059c100000, 0x000000059c100000, 0x000000059c200000|  0%| F|  |TAMS 0x000000059c100000| PB 0x000000059c100000| Untracked 
| 794|0x000000059c200000, 0x000000059c200000, 0x000000059c300000|  0%| F|  |TAMS 0x000000059c200000| PB 0x000000059c200000| Untracked 
| 795|0x000000059c300000, 0x000000059c300000, 0x000000059c400000|  0%| F|  |TAMS 0x000000059c300000| PB 0x000000059c300000| Untracked 
| 796|0x000000059c400000, 0x000000059c400000, 0x000000059c500000|  0%| F|  |TAMS 0x000000059c400000| PB 0x000000059c400000| Untracked 
| 797|0x000000059c500000, 0x000000059c500000, 0x000000059c600000|  0%| F|  |TAMS 0x000000059c500000| PB 0x000000059c500000| Untracked 
| 798|0x000000059c600000, 0x000000059c600000, 0x000000059c700000|  0%| F|  |TAMS 0x000000059c600000| PB 0x000000059c600000| Untracked 
| 799|0x000000059c700000, 0x000000059c700000, 0x000000059c800000|  0%| F|  |TAMS 0x000000059c700000| PB 0x000000059c700000| Untracked 
| 800|0x000000059c800000, 0x000000059c800000, 0x000000059c900000|  0%| F|  |TAMS 0x000000059c800000| PB 0x000000059c800000| Untracked 
| 801|0x000000059c900000, 0x000000059c900000, 0x000000059ca00000|  0%| F|  |TAMS 0x000000059c900000| PB 0x000000059c900000| Untracked 
| 802|0x000000059ca00000, 0x000000059ca00000, 0x000000059cb00000|  0%| F|  |TAMS 0x000000059ca00000| PB 0x000000059ca00000| Untracked 
| 803|0x000000059cb00000, 0x000000059cb00000, 0x000000059cc00000|  0%| F|  |TAMS 0x000000059cb00000| PB 0x000000059cb00000| Untracked 
| 804|0x000000059cc00000, 0x000000059cc00000, 0x000000059cd00000|  0%| F|  |TAMS 0x000000059cc00000| PB 0x000000059cc00000| Untracked 
| 805|0x000000059cd00000, 0x000000059cd00000, 0x000000059ce00000|  0%| F|  |TAMS 0x000000059cd00000| PB 0x000000059cd00000| Untracked 
| 806|0x000000059ce00000, 0x000000059ce00000, 0x000000059cf00000|  0%| F|  |TAMS 0x000000059ce00000| PB 0x000000059ce00000| Untracked 
| 807|0x000000059cf00000, 0x000000059cf00000, 0x000000059d000000|  0%| F|  |TAMS 0x000000059cf00000| PB 0x000000059cf00000| Untracked 
| 808|0x000000059d000000, 0x000000059d000000, 0x000000059d100000|  0%| F|  |TAMS 0x000000059d000000| PB 0x000000059d000000| Untracked 
| 809|0x000000059d100000, 0x000000059d100000, 0x000000059d200000|  0%| F|  |TAMS 0x000000059d100000| PB 0x000000059d100000| Untracked 
| 810|0x000000059d200000, 0x000000059d200000, 0x000000059d300000|  0%| F|  |TAMS 0x000000059d200000| PB 0x000000059d200000| Untracked 
| 811|0x000000059d300000, 0x000000059d300000, 0x000000059d400000|  0%| F|  |TAMS 0x000000059d300000| PB 0x000000059d300000| Untracked 
| 812|0x000000059d400000, 0x000000059d400000, 0x000000059d500000|  0%| F|  |TAMS 0x000000059d400000| PB 0x000000059d400000| Untracked 
| 813|0x000000059d500000, 0x000000059d500000, 0x000000059d600000|  0%| F|  |TAMS 0x000000059d500000| PB 0x000000059d500000| Untracked 
| 814|0x000000059d600000, 0x000000059d600000, 0x000000059d700000|  0%| F|  |TAMS 0x000000059d600000| PB 0x000000059d600000| Untracked 
| 815|0x000000059d700000, 0x000000059d700000, 0x000000059d800000|  0%| F|  |TAMS 0x000000059d700000| PB 0x000000059d700000| Untracked 
| 816|0x000000059d800000, 0x000000059d800000, 0x000000059d900000|  0%| F|  |TAMS 0x000000059d800000| PB 0x000000059d800000| Untracked 
| 817|0x000000059d900000, 0x000000059d900000, 0x000000059da00000|  0%| F|  |TAMS 0x000000059d900000| PB 0x000000059d900000| Untracked 
| 818|0x000000059da00000, 0x000000059da00000, 0x000000059db00000|  0%| F|  |TAMS 0x000000059da00000| PB 0x000000059da00000| Untracked 
| 819|0x000000059db00000, 0x000000059db00000, 0x000000059dc00000|  0%| F|  |TAMS 0x000000059db00000| PB 0x000000059db00000| Untracked 
| 820|0x000000059dc00000, 0x000000059dc00000, 0x000000059dd00000|  0%| F|  |TAMS 0x000000059dc00000| PB 0x000000059dc00000| Untracked 
| 821|0x000000059dd00000, 0x000000059dd00000, 0x000000059de00000|  0%| F|  |TAMS 0x000000059dd00000| PB 0x000000059dd00000| Untracked 
| 822|0x000000059de00000, 0x000000059de00000, 0x000000059df00000|  0%| F|  |TAMS 0x000000059de00000| PB 0x000000059de00000| Untracked 
| 823|0x000000059df00000, 0x000000059df00000, 0x000000059e000000|  0%| F|  |TAMS 0x000000059df00000| PB 0x000000059df00000| Untracked 
| 824|0x000000059e000000, 0x000000059e000000, 0x000000059e100000|  0%| F|  |TAMS 0x000000059e000000| PB 0x000000059e000000| Untracked 
| 825|0x000000059e100000, 0x000000059e100000, 0x000000059e200000|  0%| F|  |TAMS 0x000000059e100000| PB 0x000000059e100000| Untracked 
| 826|0x000000059e200000, 0x000000059e200000, 0x000000059e300000|  0%| F|  |TAMS 0x000000059e200000| PB 0x000000059e200000| Untracked 
| 827|0x000000059e300000, 0x000000059e300000, 0x000000059e400000|  0%| F|  |TAMS 0x000000059e300000| PB 0x000000059e300000| Untracked 
| 828|0x000000059e400000, 0x000000059e400000, 0x000000059e500000|  0%| F|  |TAMS 0x000000059e400000| PB 0x000000059e400000| Untracked 
| 829|0x000000059e500000, 0x000000059e500000, 0x000000059e600000|  0%| F|  |TAMS 0x000000059e500000| PB 0x000000059e500000| Untracked 
| 830|0x000000059e600000, 0x000000059e600000, 0x000000059e700000|  0%| F|  |TAMS 0x000000059e600000| PB 0x000000059e600000| Untracked 
| 831|0x000000059e700000, 0x000000059e700000, 0x000000059e800000|  0%| F|  |TAMS 0x000000059e700000| PB 0x000000059e700000| Untracked 
| 832|0x000000059e800000, 0x000000059e800000, 0x000000059e900000|  0%| F|  |TAMS 0x000000059e800000| PB 0x000000059e800000| Untracked 
| 833|0x000000059e900000, 0x000000059e900000, 0x000000059ea00000|  0%| F|  |TAMS 0x000000059e900000| PB 0x000000059e900000| Untracked 
| 834|0x000000059ea00000, 0x000000059ea00000, 0x000000059eb00000|  0%| F|  |TAMS 0x000000059ea00000| PB 0x000000059ea00000| Untracked 
| 835|0x000000059eb00000, 0x000000059eb00000, 0x000000059ec00000|  0%| F|  |TAMS 0x000000059eb00000| PB 0x000000059eb00000| Untracked 
| 836|0x000000059ec00000, 0x000000059ec00000, 0x000000059ed00000|  0%| F|  |TAMS 0x000000059ec00000| PB 0x000000059ec00000| Untracked 
| 837|0x000000059ed00000, 0x000000059ed00000, 0x000000059ee00000|  0%| F|  |TAMS 0x000000059ed00000| PB 0x000000059ed00000| Untracked 
| 838|0x000000059ee00000, 0x000000059ee00000, 0x000000059ef00000|  0%| F|  |TAMS 0x000000059ee00000| PB 0x000000059ee00000| Untracked 
| 839|0x000000059ef00000, 0x000000059ef00000, 0x000000059f000000|  0%| F|  |TAMS 0x000000059ef00000| PB 0x000000059ef00000| Untracked 
| 840|0x000000059f000000, 0x000000059f000000, 0x000000059f100000|  0%| F|  |TAMS 0x000000059f000000| PB 0x000000059f000000| Untracked 
| 841|0x000000059f100000, 0x000000059f100000, 0x000000059f200000|  0%| F|  |TAMS 0x000000059f100000| PB 0x000000059f100000| Untracked 
| 842|0x000000059f200000, 0x000000059f200000, 0x000000059f300000|  0%| F|  |TAMS 0x000000059f200000| PB 0x000000059f200000| Untracked 
| 843|0x000000059f300000, 0x000000059f300000, 0x000000059f400000|  0%| F|  |TAMS 0x000000059f300000| PB 0x000000059f300000| Untracked 
| 844|0x000000059f400000, 0x000000059f400000, 0x000000059f500000|  0%| F|  |TAMS 0x000000059f400000| PB 0x000000059f400000| Untracked 
| 845|0x000000059f500000, 0x000000059f500000, 0x000000059f600000|  0%| F|  |TAMS 0x000000059f500000| PB 0x000000059f500000| Untracked 
| 846|0x000000059f600000, 0x000000059f600000, 0x000000059f700000|  0%| F|  |TAMS 0x000000059f600000| PB 0x000000059f600000| Untracked 
| 847|0x000000059f700000, 0x000000059f700000, 0x000000059f800000|  0%| F|  |TAMS 0x000000059f700000| PB 0x000000059f700000| Untracked 
| 848|0x000000059f800000, 0x000000059f800000, 0x000000059f900000|  0%| F|  |TAMS 0x000000059f800000| PB 0x000000059f800000| Untracked 
| 849|0x000000059f900000, 0x000000059f900000, 0x000000059fa00000|  0%| F|  |TAMS 0x000000059f900000| PB 0x000000059f900000| Untracked 
| 850|0x000000059fa00000, 0x000000059fa00000, 0x000000059fb00000|  0%| F|  |TAMS 0x000000059fa00000| PB 0x000000059fa00000| Untracked 
| 851|0x000000059fb00000, 0x000000059fc00000, 0x000000059fc00000|100%| O|  |TAMS 0x000000059fb00000| PB 0x000000059fb00000| Untracked 
| 852|0x000000059fc00000, 0x000000059fd00000, 0x000000059fd00000|100%| O|  |TAMS 0x000000059fc00000| PB 0x000000059fc00000| Untracked 
| 853|0x000000059fd00000, 0x000000059fe00000, 0x000000059fe00000|100%| O|  |TAMS 0x000000059fd00000| PB 0x000000059fd00000| Untracked 
| 854|0x000000059fe00000, 0x000000059ff00000, 0x000000059ff00000|100%| O|  |TAMS 0x000000059fe00000| PB 0x000000059fe00000| Untracked 
| 855|0x000000059ff00000, 0x00000005a0000000, 0x00000005a0000000|100%| O|  |TAMS 0x000000059ff00000| PB 0x000000059ff00000| Untracked 
| 856|0x00000005a0000000, 0x00000005a0100000, 0x00000005a0100000|100%| O|  |TAMS 0x00000005a0000000| PB 0x00000005a0000000| Untracked 
| 857|0x00000005a0100000, 0x00000005a0200000, 0x00000005a0200000|100%| O|  |TAMS 0x00000005a0100000| PB 0x00000005a0100000| Untracked 
| 858|0x00000005a0200000, 0x00000005a0300000, 0x00000005a0300000|100%| O|  |TAMS 0x00000005a0200000| PB 0x00000005a0200000| Untracked 
| 859|0x00000005a0300000, 0x00000005a0400000, 0x00000005a0400000|100%| O|  |TAMS 0x00000005a0300000| PB 0x00000005a0300000| Untracked 
| 860|0x00000005a0400000, 0x00000005a0400000, 0x00000005a0500000|  0%| F|  |TAMS 0x00000005a0400000| PB 0x00000005a0400000| Untracked 
| 861|0x00000005a0500000, 0x00000005a0500000, 0x00000005a0600000|  0%| F|  |TAMS 0x00000005a0500000| PB 0x00000005a0500000| Untracked 
| 862|0x00000005a0600000, 0x00000005a0600000, 0x00000005a0700000|  0%| F|  |TAMS 0x00000005a0600000| PB 0x00000005a0600000| Untracked 
| 863|0x00000005a0700000, 0x00000005a0700000, 0x00000005a0800000|  0%| F|  |TAMS 0x00000005a0700000| PB 0x00000005a0700000| Untracked 
| 864|0x00000005a0800000, 0x00000005a0800000, 0x00000005a0900000|  0%| F|  |TAMS 0x00000005a0800000| PB 0x00000005a0800000| Untracked 
| 865|0x00000005a0900000, 0x00000005a0900000, 0x00000005a0a00000|  0%| F|  |TAMS 0x00000005a0900000| PB 0x00000005a0900000| Untracked 
| 866|0x00000005a0a00000, 0x00000005a0a00000, 0x00000005a0b00000|  0%| F|  |TAMS 0x00000005a0a00000| PB 0x00000005a0a00000| Untracked 
| 867|0x00000005a0b00000, 0x00000005a0b00000, 0x00000005a0c00000|  0%| F|  |TAMS 0x00000005a0b00000| PB 0x00000005a0b00000| Untracked 
| 868|0x00000005a0c00000, 0x00000005a0c00000, 0x00000005a0d00000|  0%| F|  |TAMS 0x00000005a0c00000| PB 0x00000005a0c00000| Untracked 
| 869|0x00000005a0d00000, 0x00000005a0d00000, 0x00000005a0e00000|  0%| F|  |TAMS 0x00000005a0d00000| PB 0x00000005a0d00000| Untracked 
| 870|0x00000005a0e00000, 0x00000005a0e00000, 0x00000005a0f00000|  0%| F|  |TAMS 0x00000005a0e00000| PB 0x00000005a0e00000| Untracked 
| 871|0x00000005a0f00000, 0x00000005a0f00000, 0x00000005a1000000|  0%| F|  |TAMS 0x00000005a0f00000| PB 0x00000005a0f00000| Untracked 
| 872|0x00000005a1000000, 0x00000005a1000000, 0x00000005a1100000|  0%| F|  |TAMS 0x00000005a1000000| PB 0x00000005a1000000| Untracked 
| 873|0x00000005a1100000, 0x00000005a1100000, 0x00000005a1200000|  0%| F|  |TAMS 0x00000005a1100000| PB 0x00000005a1100000| Untracked 
| 874|0x00000005a1200000, 0x00000005a1200000, 0x00000005a1300000|  0%| F|  |TAMS 0x00000005a1200000| PB 0x00000005a1200000| Untracked 
| 875|0x00000005a1300000, 0x00000005a1300000, 0x00000005a1400000|  0%| F|  |TAMS 0x00000005a1300000| PB 0x00000005a1300000| Untracked 
| 876|0x00000005a1400000, 0x00000005a1400000, 0x00000005a1500000|  0%| F|  |TAMS 0x00000005a1400000| PB 0x00000005a1400000| Untracked 
| 877|0x00000005a1500000, 0x00000005a1500000, 0x00000005a1600000|  0%| F|  |TAMS 0x00000005a1500000| PB 0x00000005a1500000| Untracked 
| 878|0x00000005a1600000, 0x00000005a1600000, 0x00000005a1700000|  0%| F|  |TAMS 0x00000005a1600000| PB 0x00000005a1600000| Untracked 
| 879|0x00000005a1700000, 0x00000005a1700000, 0x00000005a1800000|  0%| F|  |TAMS 0x00000005a1700000| PB 0x00000005a1700000| Untracked 
| 880|0x00000005a1800000, 0x00000005a1800000, 0x00000005a1900000|  0%| F|  |TAMS 0x00000005a1800000| PB 0x00000005a1800000| Untracked 
| 881|0x00000005a1900000, 0x00000005a1900000, 0x00000005a1a00000|  0%| F|  |TAMS 0x00000005a1900000| PB 0x00000005a1900000| Untracked 
| 882|0x00000005a1a00000, 0x00000005a1a00000, 0x00000005a1b00000|  0%| F|  |TAMS 0x00000005a1a00000| PB 0x00000005a1a00000| Untracked 
| 883|0x00000005a1b00000, 0x00000005a1b00000, 0x00000005a1c00000|  0%| F|  |TAMS 0x00000005a1b00000| PB 0x00000005a1b00000| Untracked 
| 884|0x00000005a1c00000, 0x00000005a1c00000, 0x00000005a1d00000|  0%| F|  |TAMS 0x00000005a1c00000| PB 0x00000005a1c00000| Untracked 
| 885|0x00000005a1d00000, 0x00000005a1d00000, 0x00000005a1e00000|  0%| F|  |TAMS 0x00000005a1d00000| PB 0x00000005a1d00000| Untracked 
| 886|0x00000005a1e00000, 0x00000005a1e00000, 0x00000005a1f00000|  0%| F|  |TAMS 0x00000005a1e00000| PB 0x00000005a1e00000| Untracked 
| 887|0x00000005a1f00000, 0x00000005a1f00000, 0x00000005a2000000|  0%| F|  |TAMS 0x00000005a1f00000| PB 0x00000005a1f00000| Untracked 
| 888|0x00000005a2000000, 0x00000005a2000000, 0x00000005a2100000|  0%| F|  |TAMS 0x00000005a2000000| PB 0x00000005a2000000| Untracked 
| 889|0x00000005a2100000, 0x00000005a2100000, 0x00000005a2200000|  0%| F|  |TAMS 0x00000005a2100000| PB 0x00000005a2100000| Untracked 
| 890|0x00000005a2200000, 0x00000005a2200000, 0x00000005a2300000|  0%| F|  |TAMS 0x00000005a2200000| PB 0x00000005a2200000| Untracked 
| 891|0x00000005a2300000, 0x00000005a2300000, 0x00000005a2400000|  0%| F|  |TAMS 0x00000005a2300000| PB 0x00000005a2300000| Untracked 
| 892|0x00000005a2400000, 0x00000005a2400000, 0x00000005a2500000|  0%| F|  |TAMS 0x00000005a2400000| PB 0x00000005a2400000| Untracked 
| 893|0x00000005a2500000, 0x00000005a2500000, 0x00000005a2600000|  0%| F|  |TAMS 0x00000005a2500000| PB 0x00000005a2500000| Untracked 
| 894|0x00000005a2600000, 0x00000005a2600000, 0x00000005a2700000|  0%| F|  |TAMS 0x00000005a2600000| PB 0x00000005a2600000| Untracked 
| 895|0x00000005a2700000, 0x00000005a2700000, 0x00000005a2800000|  0%| F|  |TAMS 0x00000005a2700000| PB 0x00000005a2700000| Untracked 
| 896|0x00000005a2800000, 0x00000005a2800000, 0x00000005a2900000|  0%| F|  |TAMS 0x00000005a2800000| PB 0x00000005a2800000| Untracked 
| 897|0x00000005a2900000, 0x00000005a2900000, 0x00000005a2a00000|  0%| F|  |TAMS 0x00000005a2900000| PB 0x00000005a2900000| Untracked 
| 898|0x00000005a2a00000, 0x00000005a2a00000, 0x00000005a2b00000|  0%| F|  |TAMS 0x00000005a2a00000| PB 0x00000005a2a00000| Untracked 
| 899|0x00000005a2b00000, 0x00000005a2b00000, 0x00000005a2c00000|  0%| F|  |TAMS 0x00000005a2b00000| PB 0x00000005a2b00000| Untracked 
| 900|0x00000005a2c00000, 0x00000005a2c00000, 0x00000005a2d00000|  0%| F|  |TAMS 0x00000005a2c00000| PB 0x00000005a2c00000| Untracked 
| 901|0x00000005a2d00000, 0x00000005a2d00000, 0x00000005a2e00000|  0%| F|  |TAMS 0x00000005a2d00000| PB 0x00000005a2d00000| Untracked 
| 902|0x00000005a2e00000, 0x00000005a2e00000, 0x00000005a2f00000|  0%| F|  |TAMS 0x00000005a2e00000| PB 0x00000005a2e00000| Untracked 
| 903|0x00000005a2f00000, 0x00000005a2f00000, 0x00000005a3000000|  0%| F|  |TAMS 0x00000005a2f00000| PB 0x00000005a2f00000| Untracked 
| 904|0x00000005a3000000, 0x00000005a3000000, 0x00000005a3100000|  0%| F|  |TAMS 0x00000005a3000000| PB 0x00000005a3000000| Untracked 
| 905|0x00000005a3100000, 0x00000005a3100000, 0x00000005a3200000|  0%| F|  |TAMS 0x00000005a3100000| PB 0x00000005a3100000| Untracked 
| 906|0x00000005a3200000, 0x00000005a3200000, 0x00000005a3300000|  0%| F|  |TAMS 0x00000005a3200000| PB 0x00000005a3200000| Untracked 
| 907|0x00000005a3300000, 0x00000005a3300000, 0x00000005a3400000|  0%| F|  |TAMS 0x00000005a3300000| PB 0x00000005a3300000| Untracked 
| 908|0x00000005a3400000, 0x00000005a3400000, 0x00000005a3500000|  0%| F|  |TAMS 0x00000005a3400000| PB 0x00000005a3400000| Untracked 
| 909|0x00000005a3500000, 0x00000005a3500000, 0x00000005a3600000|  0%| F|  |TAMS 0x00000005a3500000| PB 0x00000005a3500000| Untracked 
| 910|0x00000005a3600000, 0x00000005a3600000, 0x00000005a3700000|  0%| F|  |TAMS 0x00000005a3600000| PB 0x00000005a3600000| Untracked 
| 911|0x00000005a3700000, 0x00000005a3700000, 0x00000005a3800000|  0%| F|  |TAMS 0x00000005a3700000| PB 0x00000005a3700000| Untracked 
| 912|0x00000005a3800000, 0x00000005a3800000, 0x00000005a3900000|  0%| F|  |TAMS 0x00000005a3800000| PB 0x00000005a3800000| Untracked 
| 913|0x00000005a3900000, 0x00000005a3900000, 0x00000005a3a00000|  0%| F|  |TAMS 0x00000005a3900000| PB 0x00000005a3900000| Untracked 
| 914|0x00000005a3a00000, 0x00000005a3a00000, 0x00000005a3b00000|  0%| F|  |TAMS 0x00000005a3a00000| PB 0x00000005a3a00000| Untracked 
| 915|0x00000005a3b00000, 0x00000005a3b00000, 0x00000005a3c00000|  0%| F|  |TAMS 0x00000005a3b00000| PB 0x00000005a3b00000| Untracked 
| 916|0x00000005a3c00000, 0x00000005a3c00000, 0x00000005a3d00000|  0%| F|  |TAMS 0x00000005a3c00000| PB 0x00000005a3c00000| Untracked 
| 917|0x00000005a3d00000, 0x00000005a3d00000, 0x00000005a3e00000|  0%| F|  |TAMS 0x00000005a3d00000| PB 0x00000005a3d00000| Untracked 
| 918|0x00000005a3e00000, 0x00000005a3e00000, 0x00000005a3f00000|  0%| F|  |TAMS 0x00000005a3e00000| PB 0x00000005a3e00000| Untracked 
| 919|0x00000005a3f00000, 0x00000005a3f00000, 0x00000005a4000000|  0%| F|  |TAMS 0x00000005a3f00000| PB 0x00000005a3f00000| Untracked 
| 920|0x00000005a4000000, 0x00000005a4000000, 0x00000005a4100000|  0%| F|  |TAMS 0x00000005a4000000| PB 0x00000005a4000000| Untracked 
| 921|0x00000005a4100000, 0x00000005a4100000, 0x00000005a4200000|  0%| F|  |TAMS 0x00000005a4100000| PB 0x00000005a4100000| Untracked 
| 922|0x00000005a4200000, 0x00000005a4200000, 0x00000005a4300000|  0%| F|  |TAMS 0x00000005a4200000| PB 0x00000005a4200000| Untracked 
| 923|0x00000005a4300000, 0x00000005a4300000, 0x00000005a4400000|  0%| F|  |TAMS 0x00000005a4300000| PB 0x00000005a4300000| Untracked 
| 924|0x00000005a4400000, 0x00000005a4400000, 0x00000005a4500000|  0%| F|  |TAMS 0x00000005a4400000| PB 0x00000005a4400000| Untracked 
| 925|0x00000005a4500000, 0x00000005a4500000, 0x00000005a4600000|  0%| F|  |TAMS 0x00000005a4500000| PB 0x00000005a4500000| Untracked 
| 926|0x00000005a4600000, 0x00000005a4600000, 0x00000005a4700000|  0%| F|  |TAMS 0x00000005a4600000| PB 0x00000005a4600000| Untracked 
| 927|0x00000005a4700000, 0x00000005a4700000, 0x00000005a4800000|  0%| F|  |TAMS 0x00000005a4700000| PB 0x00000005a4700000| Untracked 
| 928|0x00000005a4800000, 0x00000005a4800000, 0x00000005a4900000|  0%| F|  |TAMS 0x00000005a4800000| PB 0x00000005a4800000| Untracked 
| 929|0x00000005a4900000, 0x00000005a4900000, 0x00000005a4a00000|  0%| F|  |TAMS 0x00000005a4900000| PB 0x00000005a4900000| Untracked 
| 930|0x00000005a4a00000, 0x00000005a4a00000, 0x00000005a4b00000|  0%| F|  |TAMS 0x00000005a4a00000| PB 0x00000005a4a00000| Untracked 
| 931|0x00000005a4b00000, 0x00000005a4b00000, 0x00000005a4c00000|  0%| F|  |TAMS 0x00000005a4b00000| PB 0x00000005a4b00000| Untracked 
| 932|0x00000005a4c00000, 0x00000005a4c00000, 0x00000005a4d00000|  0%| F|  |TAMS 0x00000005a4c00000| PB 0x00000005a4c00000| Untracked 
| 933|0x00000005a4d00000, 0x00000005a4d00000, 0x00000005a4e00000|  0%| F|  |TAMS 0x00000005a4d00000| PB 0x00000005a4d00000| Untracked 
| 934|0x00000005a4e00000, 0x00000005a4e00000, 0x00000005a4f00000|  0%| F|  |TAMS 0x00000005a4e00000| PB 0x00000005a4e00000| Untracked 
| 935|0x00000005a4f00000, 0x00000005a4f00000, 0x00000005a5000000|  0%| F|  |TAMS 0x00000005a4f00000| PB 0x00000005a4f00000| Untracked 
| 936|0x00000005a5000000, 0x00000005a5000000, 0x00000005a5100000|  0%| F|  |TAMS 0x00000005a5000000| PB 0x00000005a5000000| Untracked 
| 937|0x00000005a5100000, 0x00000005a5100000, 0x00000005a5200000|  0%| F|  |TAMS 0x00000005a5100000| PB 0x00000005a5100000| Untracked 
| 938|0x00000005a5200000, 0x00000005a5200000, 0x00000005a5300000|  0%| F|  |TAMS 0x00000005a5200000| PB 0x00000005a5200000| Untracked 
| 939|0x00000005a5300000, 0x00000005a5300000, 0x00000005a5400000|  0%| F|  |TAMS 0x00000005a5300000| PB 0x00000005a5300000| Untracked 
| 940|0x00000005a5400000, 0x00000005a5400000, 0x00000005a5500000|  0%| F|  |TAMS 0x00000005a5400000| PB 0x00000005a5400000| Untracked 
| 941|0x00000005a5500000, 0x00000005a5500000, 0x00000005a5600000|  0%| F|  |TAMS 0x00000005a5500000| PB 0x00000005a5500000| Untracked 
| 942|0x00000005a5600000, 0x00000005a5600000, 0x00000005a5700000|  0%| F|  |TAMS 0x00000005a5600000| PB 0x00000005a5600000| Untracked 
| 943|0x00000005a5700000, 0x00000005a5700000, 0x00000005a5800000|  0%| F|  |TAMS 0x00000005a5700000| PB 0x00000005a5700000| Untracked 
| 944|0x00000005a5800000, 0x00000005a5800000, 0x00000005a5900000|  0%| F|  |TAMS 0x00000005a5800000| PB 0x00000005a5800000| Untracked 
| 945|0x00000005a5900000, 0x00000005a5900000, 0x00000005a5a00000|  0%| F|  |TAMS 0x00000005a5900000| PB 0x00000005a5900000| Untracked 
| 946|0x00000005a5a00000, 0x00000005a5a00000, 0x00000005a5b00000|  0%| F|  |TAMS 0x00000005a5a00000| PB 0x00000005a5a00000| Untracked 
| 947|0x00000005a5b00000, 0x00000005a5b00000, 0x00000005a5c00000|  0%| F|  |TAMS 0x00000005a5b00000| PB 0x00000005a5b00000| Untracked 
| 948|0x00000005a5c00000, 0x00000005a5c00000, 0x00000005a5d00000|  0%| F|  |TAMS 0x00000005a5c00000| PB 0x00000005a5c00000| Untracked 
| 949|0x00000005a5d00000, 0x00000005a5d00000, 0x00000005a5e00000|  0%| F|  |TAMS 0x00000005a5d00000| PB 0x00000005a5d00000| Untracked 
| 950|0x00000005a5e00000, 0x00000005a5e00000, 0x00000005a5f00000|  0%| F|  |TAMS 0x00000005a5e00000| PB 0x00000005a5e00000| Untracked 
| 951|0x00000005a5f00000, 0x00000005a5f00000, 0x00000005a6000000|  0%| F|  |TAMS 0x00000005a5f00000| PB 0x00000005a5f00000| Untracked 
| 952|0x00000005a6000000, 0x00000005a6100000, 0x00000005a6100000|100%| O|  |TAMS 0x00000005a6000000| PB 0x00000005a6000000| Untracked 
| 953|0x00000005a6100000, 0x00000005a6200000, 0x00000005a6200000|100%| O|  |TAMS 0x00000005a6100000| PB 0x00000005a6100000| Untracked 
| 954|0x00000005a6200000, 0x00000005a6300000, 0x00000005a6300000|100%| O|  |TAMS 0x00000005a6200000| PB 0x00000005a6200000| Untracked 
| 955|0x00000005a6300000, 0x00000005a6400000, 0x00000005a6400000|100%| O|  |TAMS 0x00000005a6300000| PB 0x00000005a6300000| Untracked 
| 956|0x00000005a6400000, 0x00000005a6500000, 0x00000005a6500000|100%| O|  |TAMS 0x00000005a6400000| PB 0x00000005a6400000| Untracked 
| 957|0x00000005a6500000, 0x00000005a6600000, 0x00000005a6600000|100%| O|  |TAMS 0x00000005a6500000| PB 0x00000005a6500000| Untracked 
| 958|0x00000005a6600000, 0x00000005a6700000, 0x00000005a6700000|100%| O|  |TAMS 0x00000005a6600000| PB 0x00000005a6600000| Untracked 
| 959|0x00000005a6700000, 0x00000005a6800000, 0x00000005a6800000|100%| O|  |TAMS 0x00000005a6700000| PB 0x00000005a6700000| Untracked 
| 960|0x00000005a6800000, 0x00000005a6900000, 0x00000005a6900000|100%| O|  |TAMS 0x00000005a6800000| PB 0x00000005a6800000| Untracked 
| 961|0x00000005a6900000, 0x00000005a6a00000, 0x00000005a6a00000|100%| O|  |TAMS 0x00000005a6900000| PB 0x00000005a6900000| Untracked 
| 962|0x00000005a6a00000, 0x00000005a6b00000, 0x00000005a6b00000|100%| O|  |TAMS 0x00000005a6a00000| PB 0x00000005a6a00000| Untracked 
| 963|0x00000005a6b00000, 0x00000005a6c00000, 0x00000005a6c00000|100%| O|  |TAMS 0x00000005a6b00000| PB 0x00000005a6b00000| Untracked 
| 964|0x00000005a6c00000, 0x00000005a6d00000, 0x00000005a6d00000|100%| O|  |TAMS 0x00000005a6c00000| PB 0x00000005a6c00000| Untracked 
| 965|0x00000005a6d00000, 0x00000005a6d00000, 0x00000005a6e00000|  0%| F|  |TAMS 0x00000005a6d00000| PB 0x00000005a6d00000| Untracked 
| 966|0x00000005a6e00000, 0x00000005a6e00000, 0x00000005a6f00000|  0%| F|  |TAMS 0x00000005a6e00000| PB 0x00000005a6e00000| Untracked 
| 967|0x00000005a6f00000, 0x00000005a6f00000, 0x00000005a7000000|  0%| F|  |TAMS 0x00000005a6f00000| PB 0x00000005a6f00000| Untracked 
| 968|0x00000005a7000000, 0x00000005a7000000, 0x00000005a7100000|  0%| F|  |TAMS 0x00000005a7000000| PB 0x00000005a7000000| Untracked 
| 969|0x00000005a7100000, 0x00000005a7100000, 0x00000005a7200000|  0%| F|  |TAMS 0x00000005a7100000| PB 0x00000005a7100000| Untracked 
| 970|0x00000005a7200000, 0x00000005a7200000, 0x00000005a7300000|  0%| F|  |TAMS 0x00000005a7200000| PB 0x00000005a7200000| Untracked 
| 971|0x00000005a7300000, 0x00000005a7300000, 0x00000005a7400000|  0%| F|  |TAMS 0x00000005a7300000| PB 0x00000005a7300000| Untracked 
| 972|0x00000005a7400000, 0x00000005a7400000, 0x00000005a7500000|  0%| F|  |TAMS 0x00000005a7400000| PB 0x00000005a7400000| Untracked 
| 973|0x00000005a7500000, 0x00000005a7500000, 0x00000005a7600000|  0%| F|  |TAMS 0x00000005a7500000| PB 0x00000005a7500000| Untracked 
| 974|0x00000005a7600000, 0x00000005a7600000, 0x00000005a7700000|  0%| F|  |TAMS 0x00000005a7600000| PB 0x00000005a7600000| Untracked 
| 975|0x00000005a7700000, 0x00000005a7700000, 0x00000005a7800000|  0%| F|  |TAMS 0x00000005a7700000| PB 0x00000005a7700000| Untracked 
| 976|0x00000005a7800000, 0x00000005a7800000, 0x00000005a7900000|  0%| F|  |TAMS 0x00000005a7800000| PB 0x00000005a7800000| Untracked 
| 977|0x00000005a7900000, 0x00000005a7900000, 0x00000005a7a00000|  0%| F|  |TAMS 0x00000005a7900000| PB 0x00000005a7900000| Untracked 
| 978|0x00000005a7a00000, 0x00000005a7a00000, 0x00000005a7b00000|  0%| F|  |TAMS 0x00000005a7a00000| PB 0x00000005a7a00000| Untracked 
| 979|0x00000005a7b00000, 0x00000005a7b00000, 0x00000005a7c00000|  0%| F|  |TAMS 0x00000005a7b00000| PB 0x00000005a7b00000| Untracked 
| 980|0x00000005a7c00000, 0x00000005a7c00000, 0x00000005a7d00000|  0%| F|  |TAMS 0x00000005a7c00000| PB 0x00000005a7c00000| Untracked 
| 981|0x00000005a7d00000, 0x00000005a7d00000, 0x00000005a7e00000|  0%| F|  |TAMS 0x00000005a7d00000| PB 0x00000005a7d00000| Untracked 
| 982|0x00000005a7e00000, 0x00000005a7e00000, 0x00000005a7f00000|  0%| F|  |TAMS 0x00000005a7e00000| PB 0x00000005a7e00000| Untracked 
| 983|0x00000005a7f00000, 0x00000005a7f00000, 0x00000005a8000000|  0%| F|  |TAMS 0x00000005a7f00000| PB 0x00000005a7f00000| Untracked 
| 984|0x00000005a8000000, 0x00000005a8000000, 0x00000005a8100000|  0%| F|  |TAMS 0x00000005a8000000| PB 0x00000005a8000000| Untracked 
| 985|0x00000005a8100000, 0x00000005a8100000, 0x00000005a8200000|  0%| F|  |TAMS 0x00000005a8100000| PB 0x00000005a8100000| Untracked 
| 986|0x00000005a8200000, 0x00000005a8200000, 0x00000005a8300000|  0%| F|  |TAMS 0x00000005a8200000| PB 0x00000005a8200000| Untracked 
| 987|0x00000005a8300000, 0x00000005a8300000, 0x00000005a8400000|  0%| F|  |TAMS 0x00000005a8300000| PB 0x00000005a8300000| Untracked 
| 988|0x00000005a8400000, 0x00000005a8400000, 0x00000005a8500000|  0%| F|  |TAMS 0x00000005a8400000| PB 0x00000005a8400000| Untracked 
| 989|0x00000005a8500000, 0x00000005a8500000, 0x00000005a8600000|  0%| F|  |TAMS 0x00000005a8500000| PB 0x00000005a8500000| Untracked 
| 990|0x00000005a8600000, 0x00000005a8600000, 0x00000005a8700000|  0%| F|  |TAMS 0x00000005a8600000| PB 0x00000005a8600000| Untracked 
| 991|0x00000005a8700000, 0x00000005a8700000, 0x00000005a8800000|  0%| F|  |TAMS 0x00000005a8700000| PB 0x00000005a8700000| Untracked 
| 992|0x00000005a8800000, 0x00000005a8900000, 0x00000005a8900000|100%| E|  |TAMS 0x00000005a8800000| PB 0x00000005a8800000| Complete 
| 993|0x00000005a8900000, 0x00000005a8a00000, 0x00000005a8a00000|100%| E|CS|TAMS 0x00000005a8900000| PB 0x00000005a8900000| Complete 
| 994|0x00000005a8a00000, 0x00000005a8b00000, 0x00000005a8b00000|100%| E|CS|TAMS 0x00000005a8a00000| PB 0x00000005a8a00000| Complete 
| 995|0x00000005a8b00000, 0x00000005a8c00000, 0x00000005a8c00000|100%| E|CS|TAMS 0x00000005a8b00000| PB 0x00000005a8b00000| Complete 
| 996|0x00000005a8c00000, 0x00000005a8d00000, 0x00000005a8d00000|100%| O|  |TAMS 0x00000005a8c00000| PB 0x00000005a8c00000| Untracked 
| 997|0x00000005a8d00000, 0x00000005a8e00000, 0x00000005a8e00000|100%| O|  |TAMS 0x00000005a8d00000| PB 0x00000005a8d00000| Untracked 
| 998|0x00000005a8e00000, 0x00000005a8f00000, 0x00000005a8f00000|100%| O|  |TAMS 0x00000005a8e00000| PB 0x00000005a8e00000| Untracked 
| 999|0x00000005a8f00000, 0x00000005a9000000, 0x00000005a9000000|100%| O|  |TAMS 0x00000005a8f00000| PB 0x00000005a8f00000| Untracked 
|1000|0x00000005a9000000, 0x00000005a9100000, 0x00000005a9100000|100%| O|  |TAMS 0x00000005a9000000| PB 0x00000005a9000000| Untracked 
|1001|0x00000005a9100000, 0x00000005a9200000, 0x00000005a9200000|100%| O|  |TAMS 0x00000005a9100000| PB 0x00000005a9100000| Untracked 
|1002|0x00000005a9200000, 0x00000005a9300000, 0x00000005a9300000|100%| O|  |TAMS 0x00000005a9200000| PB 0x00000005a9200000| Untracked 
|1003|0x00000005a9300000, 0x00000005a9400000, 0x00000005a9400000|100%| O|  |TAMS 0x00000005a9300000| PB 0x00000005a9300000| Untracked 
|1004|0x00000005a9400000, 0x00000005a9500000, 0x00000005a9500000|100%| O|  |TAMS 0x00000005a9400000| PB 0x00000005a9400000| Untracked 
|1005|0x00000005a9500000, 0x00000005a9600000, 0x00000005a9600000|100%| O|  |TAMS 0x00000005a9500000| PB 0x00000005a9500000| Untracked 
|1006|0x00000005a9600000, 0x00000005a9700000, 0x00000005a9700000|100%| O|  |TAMS 0x00000005a9600000| PB 0x00000005a9600000| Untracked 
|1007|0x00000005a9700000, 0x00000005a9800000, 0x00000005a9800000|100%| O|  |TAMS 0x00000005a9700000| PB 0x00000005a9700000| Untracked 
|1008|0x00000005a9800000, 0x00000005a9900000, 0x00000005a9900000|100%| O|  |TAMS 0x00000005a9800000| PB 0x00000005a9800000| Untracked 
|1009|0x00000005a9900000, 0x00000005a9a00000, 0x00000005a9a00000|100%| O|  |TAMS 0x00000005a9900000| PB 0x00000005a9900000| Untracked 
|1010|0x00000005a9a00000, 0x00000005a9b00000, 0x00000005a9b00000|100%| O|  |TAMS 0x00000005a9a00000| PB 0x00000005a9a00000| Untracked 
|1011|0x00000005a9b00000, 0x00000005a9c00000, 0x00000005a9c00000|100%| O|  |TAMS 0x00000005a9b00000| PB 0x00000005a9b00000| Untracked 
|1012|0x00000005a9c00000, 0x00000005a9d00000, 0x00000005a9d00000|100%| O|  |TAMS 0x00000005a9c00000| PB 0x00000005a9c00000| Untracked 
|1013|0x00000005a9d00000, 0x00000005a9e00000, 0x00000005a9e00000|100%| O|  |TAMS 0x00000005a9d00000| PB 0x00000005a9d00000| Untracked 
|1014|0x00000005a9e00000, 0x00000005a9f00000, 0x00000005a9f00000|100%| O|  |TAMS 0x00000005a9e00000| PB 0x00000005a9e00000| Untracked 
|1015|0x00000005a9f00000, 0x00000005aa000000, 0x00000005aa000000|100%| O|  |TAMS 0x00000005a9f00000| PB 0x00000005a9f00000| Untracked 
|1016|0x00000005aa000000, 0x00000005aa100000, 0x00000005aa100000|100%| O|  |TAMS 0x00000005aa000000| PB 0x00000005aa000000| Untracked 
|1017|0x00000005aa100000, 0x00000005aa200000, 0x00000005aa200000|100%| O|  |TAMS 0x00000005aa100000| PB 0x00000005aa100000| Untracked 
|1018|0x00000005aa200000, 0x00000005aa300000, 0x00000005aa300000|100%| O|  |TAMS 0x00000005aa200000| PB 0x00000005aa200000| Untracked 
|1019|0x00000005aa300000, 0x00000005aa400000, 0x00000005aa400000|100%| O|  |TAMS 0x00000005aa300000| PB 0x00000005aa300000| Untracked 
|1020|0x00000005aa400000, 0x00000005aa500000, 0x00000005aa500000|100%| O|  |TAMS 0x00000005aa400000| PB 0x00000005aa400000| Untracked 
|1021|0x00000005aa500000, 0x00000005aa600000, 0x00000005aa600000|100%| O|  |TAMS 0x00000005aa500000| PB 0x00000005aa500000| Untracked 
|1022|0x00000005aa600000, 0x00000005aa700000, 0x00000005aa700000|100%| O|  |TAMS 0x00000005aa600000| PB 0x00000005aa600000| Untracked 
|1023|0x00000005aa700000, 0x00000005aa800000, 0x00000005aa800000|100%| O|  |TAMS 0x00000005aa700000| PB 0x00000005aa700000| Untracked 

Card table byte_map: [0x0000000124278000,0x0000000124478000] _byte_map_base: 0x0000000121724000

Marking Bits: (CMBitMap*) 0x0000000939f7a810
 Bits: [0x000000012e3bc000, 0x000000012f3bc000)

Polling page: 0x0000000101468000

Metaspace:

Usage:
  Non-class:     10.82 MB used.
      Class:      1.65 MB used.
       Both:     12.47 MB used.

Virtual space:
  Non-class space:       64.00 MB reserved,      10.94 MB ( 17%) committed,  1 nodes.
      Class space:        1.00 GB reserved,       1.75 MB ( <1%) committed,  1 nodes.
             Both:        1.06 GB reserved,      12.69 MB (  1%) committed. 

Chunk freelists:
   Non-Class:  4.78 MB
       Class:  14.10 MB
        Both:  18.88 MB

MaxMetaspaceSize: unlimited
CompressedClassSpaceSize: 1.00 GB
Initial GC threshold: 21.00 MB
Current GC threshold: 21.00 MB
CDS: on
 - commit_granule_bytes: 65536.
 - commit_granule_words: 8192.
 - virtual_space_node_default_size: 8388608.
 - enlarge_chunks_in_place: 1.
 - use_allocation_guard: 0.


Internal statistics:

num_allocs_failed_limit: 0.
num_arena_births: 192.
num_arena_deaths: 76.
num_vsnodes_births: 2.
num_vsnodes_deaths: 0.
num_space_committed: 203.
num_space_uncommitted: 0.
num_chunks_returned_to_freelist: 111.
num_chunks_taken_from_freelist: 576.
num_chunk_merges: 26.
num_chunk_splits: 397.
num_chunks_enlarged: 309.
num_inconsistent_stats: 0.

CodeHeap 'non-profiled nmethods': size=120032Kb used=1006Kb max_used=4411Kb free=119026Kb
 bounds [0x00000001568cc000, 0x0000000156d1c000, 0x000000015de04000]
CodeHeap 'profiled nmethods': size=120016Kb used=172Kb max_used=5293Kb free=119843Kb
 bounds [0x000000014ee04000, 0x000000014f334000, 0x0000000156338000]
CodeHeap 'non-nmethods': size=5712Kb used=1339Kb max_used=1447Kb free=4373Kb
 bounds [0x0000000156338000, 0x00000001565a8000, 0x00000001568cc000]
 total_blobs=952 nmethods=455 adapters=405
 compilation: enabled
              stopped_count=0, restarted_count=0
 full_count=0

Compilation events (20 events):
Event: 15628.393 Thread 0x000000092e570800 14064   !   3       org.jpype.ref.JPypeReferenceQueue$Worker::run (120 bytes)
Event: 15628.401 Thread 0x000000092e570800 nmethod 14064 0x000000014ee2c310 code [0x000000014ee2c5c0, 0x000000014ee2ce80]
Event: 16409.367 Thread 0x000000092e570800 14065       3       java.util.Arrays::fill (21 bytes)
Event: 16409.368 Thread 0x000000092e570800 nmethod 14065 0x000000014ee91110 code [0x000000014ee912c0, 0x000000014ee91448]
Event: 16409.381 Thread 0x000000092e570000 14066       4       org.openkoreantext.processor.tokenizer.KoreanTokenizer$$$Lambda/0x0000007001175630::apply (8 bytes)
Event: 16409.412 Thread 0x000000092e570800 14068       3       org.openkoreantext.processor.stemmer.KoreanStemmer$$$Lambda/0x0000007001176930::apply (8 bytes)
Event: 16409.413 Thread 0x000000092e570800 nmethod 14068 0x000000014ee27690 code [0x000000014ee27880, 0x000000014ee27c80]
Event: 16409.421 Thread 0x000000092e570000 nmethod 14066 0x00000001568eca90 code [0x00000001568ecd00, 0x00000001568ed430]
Event: 16409.421 Thread 0x000000092e570000 14067       4       org.openkoreantext.processor.util.KoreanSubstantive$::collapseNouns (109 bytes)
Event: 16409.424 Thread 0x000000092e570000 nmethod 14067 0x0000000156968d90 code [0x0000000156968fc0, 0x00000001569696c8]
Event: 16409.424 Thread 0x000000092e570000 14069       4       scala.collection.mutable.GrowingBuilder::$plus$eq (13 bytes)
Event: 16409.426 Thread 0x000000092e570000 nmethod 14069 0x0000000156cd5110 code [0x0000000156cd52c0, 0x0000000156cd5918]
Event: 16409.433 Thread 0x000000092e570800 14070       3       org.openkoreantext.processor.stemmer.KoreanStemmer$::$anonfun$stem$1 (66 bytes)
Event: 16409.433 Thread 0x000000092e570800 nmethod 14070 0x000000014ee87910 code [0x000000014ee87b00, 0x000000014ee88000]
Event: 16409.442 Thread 0x000000092e570800 14071       3       java.util.TimSort::gallopRight (335 bytes)
Event: 16409.442 Thread 0x000000092e570800 nmethod 14071 0x000000014ef6ca10 code [0x000000014ef6cc80, 0x000000014ef6d820]
Event: 16409.453 Thread 0x000000092e570000 14072       4       scala.collection.mutable.GrowingBuilder::$plus$eq (6 bytes)
Event: 16409.455 Thread 0x000000092e570000 nmethod 14072 0x0000000156ae4090 code [0x0000000156ae4240, 0x0000000156ae4898]
Event: 25764.019 Thread 0x000000092e570000 14073 % !   4       org.jpype.ref.JPypeReferenceQueue$Worker::run @ 0 (120 bytes)
Event: 25764.074 Thread 0x000000092e570000 nmethod 14073% 0x00000001568e0210 code [0x00000001568e0400, 0x00000001568e0a98]

GC Heap History (20 events):
Event: 15070.176 GC heap before
{Heap before GC invocations=162 (full 25):
 garbage-first heap   total 1048576K, used 737045K [0x000000056a800000, 0x00000005aa800000)
  region size 1024K, 37 young (37888K), 0 survivors (0K)
 Metaspace       used 12763K, committed 12992K, reserved 1114112K
  class space    used 1688K, committed 1792K, reserved 1048576K
}
Event: 15070.377 GC heap after
{Heap after GC invocations=163 (full 26):
 garbage-first heap   total 1048576K, used 700183K [0x000000056a800000, 0x00000005aa800000)
  region size 1024K, 0 young (0K), 0 survivors (0K)
 Metaspace       used 12763K, committed 12992K, reserved 1114112K
  class space    used 1688K, committed 1792K, reserved 1048576K
}
Event: 15070.700 GC heap before
{Heap before GC invocations=163 (full 26):
 garbage-first heap   total 1048576K, used 700183K [0x000000056a800000, 0x00000005aa800000)
  region size 1024K, 1 young (1024K), 0 survivors (0K)
 Metaspace       used 12763K, committed 12992K, reserved 1114112K
  class space    used 1688K, committed 1792K, reserved 1048576K
}
Event: 15070.796 GC heap after
{Heap after GC invocations=164 (full 27):
 garbage-first heap   total 1048576K, used 700182K [0x000000056a800000, 0x00000005aa800000)
  region size 1024K, 0 young (0K), 0 survivors (0K)
 Metaspace       used 12763K, committed 12992K, reserved 1114112K
  class space    used 1688K, committed 1792K, reserved 1048576K
}
Event: 15362.521 GC heap before
{Heap before GC invocations=164 (full 27):
 garbage-first heap   total 1048576K, used 940822K [0x000000056a800000, 0x00000005aa800000)
  region size 1024K, 235 young (240640K), 0 survivors (0K)
 Metaspace       used 12768K, committed 12992K, reserved 1114112K
  class space    used 1689K, committed 1792K, reserved 1048576K
}
Event: 15362.523 GC heap after
{Heap after GC invocations=165 (full 27):
 garbage-first heap   total 1048576K, used 704790K [0x000000056a800000, 0x00000005aa800000)
  region size 1024K, 5 young (5120K), 5 survivors (5120K)
 Metaspace       used 12768K, committed 12992K, reserved 1114112K
  class space    used 1689K, committed 1792K, reserved 1048576K
}
Event: 15362.906 GC heap before
{Heap before GC invocations=165 (full 27):
 garbage-first heap   total 1048576K, used 704790K [0x000000056a800000, 0x00000005aa800000)
  region size 1024K, 6 young (6144K), 5 survivors (5120K)
 Metaspace       used 12768K, committed 12992K, reserved 1114112K
  class space    used 1689K, committed 1792K, reserved 1048576K
}
Event: 15363.006 GC heap after
{Heap after GC invocations=166 (full 28):
 garbage-first heap   total 1048576K, used 700691K [0x000000056a800000, 0x00000005aa800000)
  region size 1024K, 0 young (0K), 0 survivors (0K)
 Metaspace       used 12768K, committed 12992K, reserved 1114112K
  class space    used 1689K, committed 1792K, reserved 1048576K
}
Event: 17210.383 GC heap before
{Heap before GC invocations=166 (full 28):
 garbage-first heap   total 1048576K, used 826643K [0x000000056a800000, 0x00000005aa800000)
  region size 1024K, 124 young (126976K), 0 survivors (0K)
 Metaspace       used 12770K, committed 12992K, reserved 1114112K
  class space    used 1689K, committed 1792K, reserved 1048576K
}
Event: 17210.594 GC heap after
{Heap after GC invocations=167 (full 29):
 garbage-first heap   total 1048576K, used 700691K [0x000000056a800000, 0x00000005aa800000)
  region size 1024K, 0 young (0K), 0 survivors (0K)
 Metaspace       used 12770K, committed 12992K, reserved 1114112K
  class space    used 1689K, committed 1792K, reserved 1048576K
}
Event: 17210.594 GC heap before
{Heap before GC invocations=167 (full 29):
 garbage-first heap   total 1048576K, used 700691K [0x000000056a800000, 0x00000005aa800000)
  region size 1024K, 1 young (1024K), 0 survivors (0K)
 Metaspace       used 12770K, committed 12992K, reserved 1114112K
  class space    used 1689K, committed 1792K, reserved 1048576K
}
Event: 17210.690 GC heap after
{Heap after GC invocations=168 (full 30):
 garbage-first heap   total 1048576K, used 700183K [0x000000056a800000, 0x00000005aa800000)
  region size 1024K, 0 young (0K), 0 survivors (0K)
 Metaspace       used 12770K, committed 12992K, reserved 1114112K
  class space    used 1689K, committed 1792K, reserved 1048576K
}
Event: 18297.733 GC heap before
{Heap before GC invocations=168 (full 30):
 garbage-first heap   total 1048576K, used 700183K [0x000000056a800000, 0x00000005aa800000)
  region size 1024K, 1 young (1024K), 0 survivors (0K)
 Metaspace       used 12770K, committed 12992K, reserved 1114112K
  class space    used 1689K, committed 1792K, reserved 1048576K
}
Event: 18297.948 GC heap after
{Heap after GC invocations=169 (full 31):
 garbage-first heap   total 1048576K, used 700183K [0x000000056a800000, 0x00000005aa800000)
  region size 1024K, 0 young (0K), 0 survivors (0K)
 Metaspace       used 12770K, committed 12992K, reserved 1114112K
  class space    used 1689K, committed 1792K, reserved 1048576K
}
Event: 18297.949 GC heap before
{Heap before GC invocations=169 (full 31):
 garbage-first heap   total 1048576K, used 700183K [0x000000056a800000, 0x00000005aa800000)
  region size 1024K, 1 young (1024K), 0 survivors (0K)
 Metaspace       used 12770K, committed 12992K, reserved 1114112K
  class space    used 1689K, committed 1792K, reserved 1048576K
}
Event: 18298.050 GC heap after
{Heap after GC invocations=170 (full 32):
 garbage-first heap   total 1048576K, used 700183K [0x000000056a800000, 0x00000005aa800000)
  region size 1024K, 0 young (0K), 0 survivors (0K)
 Metaspace       used 12770K, committed 12992K, reserved 1114112K
  class space    used 1689K, committed 1792K, reserved 1048576K
}
Event: 18386.726 GC heap before
{Heap before GC invocations=170 (full 32):
 garbage-first heap   total 1048576K, used 700183K [0x000000056a800000, 0x00000005aa800000)
  region size 1024K, 1 young (1024K), 0 survivors (0K)
 Metaspace       used 12770K, committed 12992K, reserved 1114112K
  class space    used 1689K, committed 1792K, reserved 1048576K
}
Event: 18386.929 GC heap after
{Heap after GC invocations=171 (full 33):
 garbage-first heap   total 1048576K, used 700183K [0x000000056a800000, 0x00000005aa800000)
  region size 1024K, 0 young (0K), 0 survivors (0K)
 Metaspace       used 12770K, committed 12992K, reserved 1114112K
  class space    used 1689K, committed 1792K, reserved 1048576K
}
Event: 18386.935 GC heap before
{Heap before GC invocations=171 (full 33):
 garbage-first heap   total 1048576K, used 700183K [0x000000056a800000, 0x00000005aa800000)
  region size 1024K, 1 young (1024K), 0 survivors (0K)
 Metaspace       used 12770K, committed 12992K, reserved 1114112K
  class space    used 1689K, committed 1792K, reserved 1048576K
}
Event: 18387.063 GC heap after
{Heap after GC invocations=172 (full 34):
 garbage-first heap   total 1048576K, used 700183K [0x000000056a800000, 0x00000005aa800000)
  region size 1024K, 0 young (0K), 0 survivors (0K)
 Metaspace       used 12770K, committed 12992K, reserved 1114112K
  class space    used 1689K, committed 1792K, reserved 1048576K
}

Dll operation events (7 events):
Event: 0.011 Loaded shared library /Library/Java/JavaVirtualMachines/jdk-21.jdk/Contents/Home/lib/libjava.dylib
Event: 0.074 Loaded shared library /Library/Java/JavaVirtualMachines/jdk-21.jdk/Contents/Home/lib/libnio.dylib
Event: 0.089 Loaded shared library /Library/Java/JavaVirtualMachines/jdk-21.jdk/Contents/Home/lib/libzip.dylib
Event: 0.115 Loaded shared library /Users/chaeyeong/Developer/sk-encoa/dl-workspace/.venv/lib/python3.12/site-packages/_jpype.so
Event: 0.129 Loaded shared library /Library/Java/JavaVirtualMachines/jdk-21.jdk/Contents/Home/lib/libjimage.dylib
Event: 0.706 Loaded shared library /Library/Java/JavaVirtualMachines/jdk-21.jdk/Contents/Home/lib/libverify.dylib
Event: 441.840 Loaded shared library /Library/Java/JavaVirtualMachines/jdk-21.jdk/Contents/Home/lib/libnet.dylib

Deoptimization events (20 events):
Event: 15071.009 Thread 0x0000000939c77100 Uncommon trap: trap_request=0xffffff45 fr.pc=0x0000000156c6fb34 relative=0x00000000000001f4
Event: 15071.009 Thread 0x0000000939c77100 Uncommon trap: reason=unstable_if action=reinterpret pc=0x0000000156c6fb34 method=java.util.regex.Pattern$CharProperty.match(Ljava/util/regex/Matcher;ILjava/lang/CharSequence;)Z @ 5 c2
Event: 15071.009 Thread 0x0000000939c77100 DEOPT PACKING pc=0x0000000156c6fb34 sp=0x000000016fc23cc0
Event: 15071.009 Thread 0x0000000939c77100 DEOPT UNPACKING pc=0x000000015637b01c sp=0x000000016fc23c50 mode 2
Event: 15071.011 Thread 0x0000000939c77100 Uncommon trap: trap_request=0xffffffc6 fr.pc=0x0000000156ade5e4 relative=0x00000000000004a4
Event: 15071.011 Thread 0x0000000939c77100 Uncommon trap: reason=bimorphic_or_optimized_type_check action=maybe_recompile pc=0x0000000156ade5e4 method=scala.collection.immutable.HashMap$HashTrieMap.get0(Ljava/lang/Object;II)Lscala/Option; @ 75 c2
Event: 15071.011 Thread 0x0000000939c77100 DEOPT PACKING pc=0x0000000156ade5e4 sp=0x000000016fc246d0
Event: 15071.011 Thread 0x0000000939c77100 DEOPT UNPACKING pc=0x000000015637b01c sp=0x000000016fc24630 mode 2
Event: 15128.679 Thread 0x0000000939c77100 Uncommon trap: trap_request=0xffffff45 fr.pc=0x0000000156cda690 relative=0x0000000000000110
Event: 15128.679 Thread 0x0000000939c77100 Uncommon trap: reason=unstable_if action=reinterpret pc=0x0000000156cda690 method=org.openkoreantext.processor.util.KoreanSubstantive$.$anonfun$collapseNouns$1(Lscala/Tuple2;Lorg/openkoreantext/processor/tokenizer/KoreanTokenizer$KoreanToken;)Lscala/Tuple
Event: 15128.679 Thread 0x0000000939c77100 DEOPT PACKING pc=0x0000000156cda690 sp=0x000000016fc244f0
Event: 15128.679 Thread 0x0000000939c77100 DEOPT UNPACKING pc=0x000000015637b01c sp=0x000000016fc24350 mode 2
Event: 15128.701 Thread 0x0000000939c77100 Uncommon trap: trap_request=0xffffff76 fr.pc=0x00000001568fb8d8 relative=0x0000000000000298
Event: 15128.701 Thread 0x0000000939c77100 Uncommon trap: reason=predicate action=maybe_recompile pc=0x00000001568fb8d8 method=java.util.regex.Pattern$SliceI.match(Ljava/util/regex/Matcher;ILjava/lang/CharSequence;)Z @ 18 c2
Event: 15128.701 Thread 0x0000000939c77100 DEOPT PACKING pc=0x00000001568fb8d8 sp=0x000000016fc24170
Event: 15128.701 Thread 0x0000000939c77100 DEOPT UNPACKING pc=0x000000015637b01c sp=0x000000016fc240e0 mode 2
Event: 15128.738 Thread 0x0000000939c77100 DEOPT PACKING pc=0x000000014ee1af80 sp=0x000000016fc22810
Event: 15128.738 Thread 0x0000000939c77100 DEOPT UNPACKING pc=0x000000015637ae7c sp=0x000000016fc22630 mode 0
Event: 27842.429 Thread 0x000000093bee3100 DEOPT PACKING pc=0x000000014ee2a7a4 sp=0x000000017b682920
Event: 27842.432 Thread 0x000000093bee3100 DEOPT UNPACKING pc=0x000000015637ae7c sp=0x000000017b6825f0 mode 0

Classes loaded (20 events):
Event: 445.545 Loading class sun/util/resources/Bundles$2
Event: 445.545 Loading class sun/util/resources/Bundles$2 done
Event: 445.547 Loading class jdk/internal/math/FormattedFPDecimal
Event: 445.547 Loading class jdk/internal/math/FormattedFPDecimal done
Event: 446.777 Loading class java/util/concurrent/LinkedBlockingQueue
Event: 446.777 Loading class java/util/concurrent/BlockingQueue
Event: 446.777 Loading class java/util/concurrent/BlockingQueue done
Event: 446.777 Loading class java/util/AbstractQueue
Event: 446.777 Loading class java/util/AbstractQueue done
Event: 446.777 Loading class java/util/concurrent/LinkedBlockingQueue done
Event: 446.777 Loading class java/util/concurrent/LinkedBlockingQueue$Node
Event: 446.777 Loading class java/util/concurrent/LinkedBlockingQueue$Node done
Event: 446.778 Loading class java/io/StringReader
Event: 446.778 Loading class java/io/StringReader done
Event: 447.028 Loading class java/util/regex/Pattern$BnM
Event: 447.028 Loading class java/util/regex/Pattern$BnM done
Event: 447.028 Loading class java/util/regex/Pattern$SliceS
Event: 447.028 Loading class java/util/regex/Pattern$SliceS done
Event: 27968.204 Loading class jdk/internal/misc/Signal$1
Event: 27968.215 Loading class jdk/internal/misc/Signal$1 done

Classes unloaded (20 events):
Event: 3539.090 Thread 0x000000092dd52000 Unloading class 0x0000007001006c00 'java/lang/invoke/LambdaForm$MH+0x0000007001006c00'
Event: 3539.090 Thread 0x000000092dd52000 Unloading class 0x0000007001000400 'java/lang/invoke/LambdaForm$MH+0x0000007001000400'
Event: 3539.301 Thread 0x000000092dd52000 Unloading class 0x0000007001196400 'jdk/internal/reflect/GeneratedSerializationConstructorAccessor3'
Event: 3539.301 Thread 0x000000092dd52000 Unloading class 0x0000007001196000 'jdk/internal/reflect/GeneratedSerializationConstructorAccessor2'
Event: 3742.522 Thread 0x000000092dd52000 Unloading class 0x0000007001153000 'jdk/internal/reflect/GeneratedSerializationConstructorAccessor13'
Event: 3742.522 Thread 0x000000092dd52000 Unloading class 0x0000007001188000 'jdk/internal/reflect/GeneratedSerializationConstructorAccessor12'
Event: 3767.572 Thread 0x000000092dd52000 Unloading class 0x0000007001195400 'jdk/internal/reflect/GeneratedSerializationConstructorAccessor11'
Event: 3767.572 Thread 0x000000092dd52000 Unloading class 0x0000007001195800 'jdk/internal/reflect/GeneratedSerializationConstructorAccessor10'
Event: 3767.572 Thread 0x000000092dd52000 Unloading class 0x0000007001196c00 'jdk/internal/reflect/GeneratedSerializationConstructorAccessor9'
Event: 3767.572 Thread 0x000000092dd52000 Unloading class 0x0000007001197800 'jdk/internal/reflect/GeneratedSerializationConstructorAccessor8'
Event: 13506.898 Thread 0x000000092dd52000 Unloading class 0x0000007001197800 'jdk/internal/reflect/GeneratedSerializationConstructorAccessor19'
Event: 13506.898 Thread 0x000000092dd52000 Unloading class 0x0000007001196c00 'jdk/internal/reflect/GeneratedSerializationConstructorAccessor18'
Event: 13506.898 Thread 0x000000092dd52000 Unloading class 0x0000007001195800 'jdk/internal/reflect/GeneratedSerializationConstructorAccessor17'
Event: 13506.898 Thread 0x000000092dd52000 Unloading class 0x0000007001195400 'jdk/internal/reflect/GeneratedSerializationConstructorAccessor16'
Event: 13506.898 Thread 0x000000092dd52000 Unloading class 0x0000007001188000 'jdk/internal/reflect/GeneratedSerializationConstructorAccessor15'
Event: 13506.898 Thread 0x000000092dd52000 Unloading class 0x0000007001153000 'jdk/internal/reflect/GeneratedSerializationConstructorAccessor14'
Event: 13506.898 Thread 0x000000092dd52000 Unloading class 0x0000007001196800 'java/lang/invoke/LambdaForm$MH+0x0000007001196800'
Event: 13506.898 Thread 0x000000092dd52000 Unloading class 0x0000007001195c00 'java/lang/invoke/LambdaForm$MH+0x0000007001195c00'
Event: 13506.898 Thread 0x000000092dd52000 Unloading class 0x0000007001195000 'java/lang/invoke/LambdaForm$DMH+0x0000007001195000'
Event: 13506.898 Thread 0x000000092dd52000 Unloading class 0x0000007001194c00 'jdk/internal/reflect/GeneratedSerializationConstructorAccessor1'

Classes redefined (0 events):
No events

Internal exceptions (20 events):
Event: 0.730 Thread 0x0000000939c77100 Exception <a 'java/lang/NoSuchMethodError'{0x000000056c0000c0}: 'java.lang.Object java.lang.invoke.DirectMethodHandle$Holder.invokeSpecial(java.lang.Object, java.lang.Object, java.lang.Object, int, java.lang.Object)'> (0x000000056c0000c0) 
thrown [open/src/hotspot/share/interpreter/linkResolver.cpp, line 773]
Event: 0.740 Thread 0x0000000939c77100 Exception <a 'java/lang/NoSuchMethodError'{0x000000056c0a30a0}: 'java.lang.Object java.lang.invoke.DirectMethodHandle$Holder.invokeStaticInit(java.lang.Object, java.lang.Object, java.lang.Object, java.lang.Object)'> (0x000000056c0a30a0) 
thrown [open/src/hotspot/share/interpreter/linkResolver.cpp, line 773]
Event: 0.743 Thread 0x0000000939c77100 Exception <a 'java/lang/NoSuchMethodError'{0x000000056bf1fbc8}: 'void java.lang.invoke.DirectMethodHandle$Holder.invokeStatic(java.lang.Object, java.lang.Object)'> (0x000000056bf1fbc8) 
thrown [open/src/hotspot/share/interpreter/linkResolver.cpp, line 773]
Event: 0.888 Thread 0x0000000939c77100 Exception <a 'java/lang/NoSuchMethodError'{0x000000056c3d1450}: 'java.lang.Object java.lang.invoke.DirectMethodHandle$Holder.invokeStatic(java.lang.Object, java.lang.Object, int, java.lang.Object)'> (0x000000056c3d1450) 
thrown [open/src/hotspot/share/interpreter/linkResolver.cpp, line 773]
Event: 0.889 Thread 0x0000000939c77100 Exception <a 'java/lang/NoSuchMethodError'{0x000000056c3d9390}: 'java.lang.Object java.lang.invoke.DirectMethodHandle$Holder.newInvokeSpecial(java.lang.Object, java.lang.Object, int)'> (0x000000056c3d9390) 
thrown [open/src/hotspot/share/interpreter/linkResolver.cpp, line 773]
Event: 0.891 Thread 0x0000000939c77100 Exception <a 'java/lang/NoSuchMethodError'{0x000000056c3faf88}: 'java.lang.Object java.lang.invoke.DirectMethodHandle$Holder.invokeStatic(java.lang.Object, int, java.lang.Object)'> (0x000000056c3faf88) 
thrown [open/src/hotspot/share/interpreter/linkResolver.cpp, line 773]
Event: 1.231 Thread 0x0000000939c77100 Exception <a 'java/lang/NoSuchMethodError'{0x00000005748729e0}: 'java.lang.Object java.lang.invoke.DirectMethodHandle$Holder.newInvokeSpecial(java.lang.Object, java.lang.Object, java.lang.Object, java.lang.Object, java.lang.Object, int)'> (0x00000005748729e0) 
thrown [open/src/hotspot/share/interpreter/linkResolver.cpp, line 773]
Event: 1.231 Thread 0x0000000939c77100 Exception <a 'java/lang/NoSuchMethodError'{0x0000000574876d88}: 'java.lang.Object java.lang.invoke.DirectMethodHandle$Holder.invokeSpecial(java.lang.Object, java.lang.Object, java.lang.Object, java.lang.Object, java.lang.Object, java.lang.Object, int)'> (0x0000000574876d88) 
thrown [open/src/hotspot/share/interpreter/linkResolver.cpp, line 773]
Event: 1.242 Thread 0x0000000939c77100 Exception <a 'java/lang/NoSuchMethodError'{0x0000000574724728}: 'java.lang.Object java.lang.invoke.DirectMethodHandle$Holder.newInvokeSpecial(java.lang.Object, java.lang.Object, java.lang.Object, java.lang.Object, int, java.lang.Object)'> (0x0000000574724728) 
thrown [open/src/hotspot/share/interpreter/linkResolver.cpp, line 773]
Event: 1.242 Thread 0x0000000939c77100 Exception <a 'java/lang/NoSuchMethodError'{0x0000000574728740}: 'java.lang.Object java.lang.invoke.DirectMethodHandle$Holder.invokeSpecial(java.lang.Object, java.lang.Object, java.lang.Object, java.lang.Object, java.lang.Object, int, java.lang.Object)'> (0x0000000574728740) 
thrown [open/src/hotspot/share/interpreter/linkResolver.cpp, line 773]
Event: 1.317 Thread 0x0000000939c77100 Exception <a 'java/lang/NoSuchMethodError'{0x00000005707cf678}: 'java.lang.Object java.lang.invoke.DirectMethodHandle$Holder.invokeStaticInit(java.lang.Object, java.lang.Object, java.lang.Object, java.lang.Object, java.lang.Object)'> (0x00000005707cf678) 
thrown [open/src/hotspot/share/interpreter/linkResolver.cpp, line 773]
Event: 1.317 Thread 0x0000000939c77100 Exception <a 'java/lang/NoSuchMethodError'{0x00000005707d5bf0}: 'java.lang.Object java.lang.invoke.Invokers$Holder.invoke_MT(java.lang.Object, java.lang.Object, java.lang.Object, java.lang.Object, java.lang.Object, java.lang.Object)'> (0x00000005707d5bf0) 
thrown [open/src/hotspot/share/interpreter/linkResolver.cpp, line 773]
Event: 1.719 Thread 0x0000000939c77100 Exception <a 'java/lang/NoSuchMethodError'{0x000000057aa18128}: 'int java.lang.invoke.DirectMethodHandle$Holder.invokeVirtual(java.lang.Object, java.lang.Object)'> (0x000000057aa18128) 
thrown [open/src/hotspot/share/interpreter/linkResolver.cpp, line 773]
Event: 441.860 Thread 0x0000000939c77100 Exception <a 'java/lang/NoSuchMethodError'{0x000000057b1aa7a0}: 'long java.lang.invoke.DirectMethodHandle$Holder.invokeSpecial(java.lang.Object, java.lang.Object)'> (0x000000057b1aa7a0) 
thrown [open/src/hotspot/share/interpreter/linkResolver.cpp, line 773]
Event: 441.860 Thread 0x0000000939c77100 Exception <a 'java/lang/NoSuchMethodError'{0x000000057b1adbc8}: 'long java.lang.invoke.Invokers$Holder.invokeExact_MT(java.lang.Object, java.lang.Object)'> (0x000000057b1adbc8) 
thrown [open/src/hotspot/share/interpreter/linkResolver.cpp, line 773]
Event: 441.862 Thread 0x0000000939c77100 Exception <a 'java/lang/NoSuchMethodError'{0x000000057b1b8230}: 'void java.lang.invoke.DirectMethodHandle$Holder.invokeSpecial(java.lang.Object, java.lang.Object, java.lang.Object)'> (0x000000057b1b8230) 
thrown [open/src/hotspot/share/interpreter/linkResolver.cpp, line 773]
Event: 443.682 Thread 0x0000000939c77100 Implicit null exception at 0x000000015696de7c to 0x000000015696e7a4
Event: 444.296 Thread 0x0000000939c77100 Implicit null exception at 0x000000015691bbe4 to 0x000000015691be10
Event: 446.776 Thread 0x0000000939c77100 Implicit null exception at 0x00000001569d1f7c to 0x00000001569d28b0
Event: 3539.205 Thread 0x0000000939c77100 Implicit null exception at 0x00000001568e85ac to 0x00000001568e86b8

ZGC Phase Switch (0 events):
No events

VM Operations (20 events):
Event: 15129.043 Executing VM operation: Cleanup
Event: 15129.043 Executing VM operation: Cleanup done
Event: 15362.520 Executing VM operation: G1CollectForAllocation (G1 Evacuation Pause)
Event: 15362.523 Executing VM operation: G1CollectForAllocation (G1 Evacuation Pause) done
Event: 15362.895 Executing VM operation: G1PauseRemark
Event: 15362.896 Executing VM operation: G1PauseRemark done
Event: 15362.906 Executing VM operation: G1CollectFull (System.gc())
Event: 15363.006 Executing VM operation: G1CollectFull (System.gc()) done
Event: 17210.383 Executing VM operation: G1CollectFull (System.gc())
Event: 17210.594 Executing VM operation: G1CollectFull (System.gc()) done
Event: 17210.594 Executing VM operation: G1CollectFull (System.gc())
Event: 17210.690 Executing VM operation: G1CollectFull (System.gc()) done
Event: 18297.731 Executing VM operation: G1CollectFull (System.gc())
Event: 18297.948 Executing VM operation: G1CollectFull (System.gc()) done
Event: 18297.949 Executing VM operation: G1CollectFull (System.gc())
Event: 18298.050 Executing VM operation: G1CollectFull (System.gc()) done
Event: 18386.726 Executing VM operation: G1CollectFull (System.gc())
Event: 18386.929 Executing VM operation: G1CollectFull (System.gc()) done
Event: 18386.929 Executing VM operation: G1CollectFull (System.gc())
Event: 18387.063 Executing VM operation: G1CollectFull (System.gc()) done

Events (20 events):
Event: 17210.660 Thread 0x000000092dd52000 flushing nmethod 0x0000000156946810
Event: 17210.660 Thread 0x000000092dd52000 flushing nmethod 0x0000000156946d90
Event: 17210.660 Thread 0x000000092dd52000 flushing nmethod 0x0000000156a38890
Event: 17210.660 Thread 0x000000092dd52000 flushing nmethod 0x0000000156a42b90
Event: 17210.660 Thread 0x000000092dd52000 flushing nmethod 0x0000000156a73a90
Event: 17210.660 Thread 0x000000092dd52000 flushing nmethod 0x0000000156b62090
Event: 17210.660 Thread 0x000000092dd52000 flushing nmethod 0x0000000156b62610
Event: 17210.660 Thread 0x000000092dd52000 flushing nmethod 0x0000000156b63510
Event: 17210.660 Thread 0x000000092dd52000 flushing nmethod 0x0000000156b76310
Event: 17210.660 Thread 0x000000092dd52000 flushing nmethod 0x0000000156b76610
Event: 17210.660 Thread 0x000000092dd52000 flushing nmethod 0x000000014ef69590
Event: 17210.660 Thread 0x000000092dd52000 flushing nmethod 0x000000014ef6ad90
Event: 17210.660 Thread 0x000000092dd52000 flushing nmethod 0x000000014ef6b790
Event: 17210.660 Thread 0x000000092dd52000 flushing nmethod 0x000000014ef6bf10
Event: 17210.660 Thread 0x000000092dd52000 flushing nmethod 0x000000014ef6db90
Event: 17210.660 Thread 0x000000092dd52000 flushing nmethod 0x000000014f00ac90
Event: 17210.660 Thread 0x000000092dd52000 flushing nmethod 0x000000014f010910
Event: 17210.660 Thread 0x000000092dd52000 flushing nmethod 0x000000014f011290
Event: 27968.232 Thread 0x0000000942607800 Thread added: 0x0000000942607800
Event: 27968.232 Protecting memory [0x000000031b514000,0x000000031b520000] with protection modes 0


Dynamic libraries:
0x000000018d413000 	/System/Library/Frameworks/CoreFoundation.framework/Versions/A/CoreFoundation
0x000000018cf60000 	/usr/lib/libobjc.A.dylib
0x00000001916b2000 	/System/Library/PrivateFrameworks/CoreServicesInternal.framework/Versions/A/CoreServicesInternal
0x000000018ec82000 	/System/Library/Frameworks/Foundation.framework/Versions/C/Foundation
0x000000019d1fb000 	/usr/lib/liboah.dylib
0x000000019d230000 	/usr/lib/libfakelink.dylib
0x00000001910da000 	/usr/lib/libicucore.A.dylib
0x000000019d22e000 	/usr/lib/libSystem.B.dylib
0x000000019d232000 	/System/Library/PrivateFrameworks/SoftLinking.framework/Versions/A/SoftLinking
0x00000001a0b23000 	/usr/lib/swift/libswiftCore.dylib
0x000000018d374000 	/usr/lib/libc++abi.dylib
0x00000002911f1000 	/usr/lib/libRosetta.dylib
0x000000018d2e3000 	/usr/lib/libc++.1.dylib
0x00000001aa703000 	/usr/lib/swift/libswiftObjectiveC.dylib
0x000000029266d000 	/usr/lib/libswiftPrespecialized.dylib
0x000000018e8f1000 	/System/Library/Frameworks/SystemConfiguration.framework/Versions/A/SystemConfiguration
0x000000019d178000 	/usr/lib/libz.1.dylib
0x0000000197c63000 	/System/Library/PrivateFrameworks/CoreAutoLayout.framework/Versions/A/CoreAutoLayout
0x000000019d4d9000 	/usr/lib/libcompression.dylib
0x0000000193736000 	/System/Library/Frameworks/CFNetwork.framework/Versions/A/CFNetwork
0x0000000197094000 	/System/Library/Frameworks/DiskArbitration.framework/Versions/A/DiskArbitration
0x000000019d283000 	/usr/lib/libarchive.2.dylib
0x0000000196f99000 	/usr/lib/libDiagnosticMessagesClient.dylib
0x0000000197cac000 	/usr/lib/libxml2.2.dylib
0x00000001a59b2000 	/System/Library/Frameworks/CoreServices.framework/Versions/A/CoreServices
0x000000019ae0c000 	/usr/lib/liblangid.dylib
0x0000000191732000 	/System/Library/Frameworks/IOKit.framework/Versions/A/IOKit
0x00000001a3624000 	/System/Library/Frameworks/Combine.framework/Versions/A/Combine
0x0000000246553000 	/System/Library/PrivateFrameworks/CollectionsInternal.framework/Versions/A/CollectionsInternal
0x0000000272599000 	/System/Library/PrivateFrameworks/ReflectionInternal.framework/Versions/A/ReflectionInternal
0x00000002734ed000 	/System/Library/PrivateFrameworks/RuntimeInternal.framework/Versions/A/RuntimeInternal
0x00000001badec000 	/usr/lib/swift/libswiftCoreFoundation.dylib
0x00000001b7baf000 	/usr/lib/swift/libswiftDarwin.dylib
0x00000001a7729000 	/usr/lib/swift/libswiftDispatch.dylib
0x00000001bae4d000 	/usr/lib/swift/libswiftIOKit.dylib
0x0000000292ab0000 	/usr/lib/swift/libswiftSystem.dylib
0x00000001badff000 	/usr/lib/swift/libswiftXPC.dylib
0x0000000292ae2000 	/usr/lib/swift/libswift_Builtin_float.dylib
0x0000000292ae3000 	/usr/lib/swift/libswift_Concurrency.dylib
0x0000000292b6f000 	/usr/lib/swift/libswift_DarwinFoundation1.dylib
0x0000000292c13000 	/usr/lib/swift/libswift_StringProcessing.dylib
0x00000001aa707000 	/usr/lib/swift/libswiftos.dylib
0x000000019574b000 	/System/Library/Frameworks/Network.framework/Versions/A/Network
0x000000019ae07000 	/System/Library/PrivateFrameworks/AppleSystemInfo.framework/Versions/A/AppleSystemInfo
0x0000000190cba000 	/System/Library/Frameworks/Security.framework/Versions/A/Security
0x000000019c481000 	/usr/lib/libbsm.0.dylib
0x00000001952bc000 	/System/Library/PrivateFrameworks/ProtocolBuffer.framework/Versions/A/ProtocolBuffer
0x0000000196f69000 	/System/Library/PrivateFrameworks/CoreAnalytics.framework/Versions/A/CoreAnalytics
0x00000001bacac000 	/System/Library/PrivateFrameworks/LoggingSupport.framework/Versions/A/LoggingSupport
0x00000001a18c1000 	/System/Library/PrivateFrameworks/MobileAsset.framework/Versions/A/MobileAsset
0x00000001a6b48000 	/System/Library/PrivateFrameworks/PowerLog.framework/Versions/A/PowerLog
0x0000000195650000 	/System/Library/PrivateFrameworks/RunningBoardServices.framework/Versions/A/RunningBoardServices
0x000000023a6ce000 	/System/Library/Frameworks/SwiftData.framework/Versions/A/SwiftData
0x000000019316a000 	/System/Library/Frameworks/UniformTypeIdentifiers.framework/Versions/A/UniformTypeIdentifiers
0x0000000197e55000 	/System/Library/PrivateFrameworks/UserManagement.framework/Versions/A/UserManagement
0x000000019365d000 	/usr/lib/libboringssl.dylib
0x0000000195730000 	/usr/lib/libdns_services.dylib
0x00000001b9cd2000 	/usr/lib/libquic.dylib
0x00000001a0ab4000 	/usr/lib/libusrtcp.dylib
0x0000000193b09000 	/usr/lib/libMobileGestalt.dylib
0x000000019d40e000 	/usr/lib/libapple_nghttp2.dylib
0x000000019e7fa000 	/usr/lib/libcoretls_cfhelpers.dylib
0x00000001952d8000 	/usr/lib/libsqlite3.dylib
0x00000002429df000 	/System/Library/PrivateFrameworks/AtomicsInternal.framework/Versions/A/AtomicsInternal
0x00000001e1092000 	/System/Library/PrivateFrameworks/InternalSwiftProtobuf.framework/Versions/A/InternalSwiftProtobuf
0x0000000292937000 	/usr/lib/swift/libswiftDistributed.dylib
0x0000000292960000 	/usr/lib/swift/libswiftObservation.dylib
0x0000000292a9c000 	/usr/lib/swift/libswiftSynchronization.dylib
0x000000019d228000 	/usr/lib/system/libcache.dylib
0x000000019d1e3000 	/usr/lib/system/libcommonCrypto.dylib
0x000000019d20e000 	/usr/lib/system/libcompiler_rt.dylib
0x000000019d203000 	/usr/lib/system/libcopyfile.dylib
0x000000018d116000 	/usr/lib/system/libcorecrypto.dylib
0x000000018d216000 	/usr/lib/system/libdispatch.dylib
0x000000018cfb3000 	/usr/lib/system/libdyld.dylib
0x000000019d21e000 	/usr/lib/system/libkeymgr.dylib
0x000000019d1c6000 	/usr/lib/system/libmacho.dylib
0x000000019c459000 	/usr/lib/system/libquarantine.dylib
0x000000019d21b000 	/usr/lib/system/libremovefile.dylib
0x0000000193b89000 	/usr/lib/system/libsystem_asl.dylib
0x000000018d09c000 	/usr/lib/system/libsystem_blocks.dylib
0x000000018d261000 	/usr/lib/system/libsystem_c.dylib
0x000000019d212000 	/usr/lib/system/libsystem_collections.dylib
0x000000019adf9000 	/usr/lib/system/libsystem_configuration.dylib
0x00000001999e7000 	/usr/lib/system/libsystem_containermanager.dylib
0x000000019cbf8000 	/usr/lib/system/libsystem_coreservices.dylib
0x00000001913b0000 	/usr/lib/system/libsystem_darwin.dylib
0x0000000292e04000 	/usr/lib/system/libsystem_darwindirectory.dylib
0x000000019d21f000 	/usr/lib/system/libsystem_dnssd.dylib
0x0000000292e08000 	/usr/lib/system/libsystem_eligibility.dylib
0x000000018d25e000 	/usr/lib/system/libsystem_featureflags.dylib
0x000000018d3e3000 	/usr/lib/system/libsystem_info.dylib
0x000000019d187000 	/usr/lib/system/libsystem_m.dylib
0x000000018d1c5000 	/usr/lib/system/libsystem_malloc.dylib
0x0000000193aec000 	/usr/lib/system/libsystem_networkextension.dylib
0x000000019181b000 	/usr/lib/system/libsystem_notify.dylib
0x000000019adfe000 	/usr/lib/system/libsystem_sandbox.dylib
0x0000000292e13000 	/usr/lib/system/libsystem_sanitizers.dylib
0x000000019d217000 	/usr/lib/system/libsystem_secinit.dylib
0x000000018d38f000 	/usr/lib/system/libsystem_kernel.dylib
0x000000018d3da000 	/usr/lib/system/libsystem_platform.dylib
0x000000018d3cd000 	/usr/lib/system/libsystem_pthread.dylib
0x0000000195742000 	/usr/lib/system/libsystem_symptoms.dylib
0x000000018d0f5000 	/usr/lib/system/libsystem_trace.dylib
0x0000000292e1b000 	/usr/lib/system/libsystem_trial.dylib
0x000000019d1f1000 	/usr/lib/system/libunwind.dylib
0x000000018d0a0000 	/usr/lib/system/libxpc.dylib
0x000000019c41c000 	/System/Library/PrivateFrameworks/BackgroundTaskManagement.framework/Versions/A/BackgroundTaskManagement
0x0000000241b25000 	/System/Library/PrivateFrameworks/AppleKeyStore.framework/Versions/A/AppleKeyStore
0x0000000290ef3000 	/usr/lib/libCoreEntitlements.dylib
0x0000000266c65000 	/System/Library/PrivateFrameworks/MessageSecurity.framework/Versions/A/MessageSecurity
0x00000001a6b38000 	/System/Library/PrivateFrameworks/SymptomDiagnosticReporter.framework/Versions/A/SymptomDiagnosticReporter
0x000000019e9c9000 	/System/Library/PrivateFrameworks/CrashReporterSupport.framework/Versions/A/CrashReporterSupport
0x000000019cbdf000 	/System/Library/PrivateFrameworks/AppleFSCompression.framework/Versions/A/AppleFSCompression
0x000000019c469000 	/usr/lib/libcoretls.dylib
0x000000019d4d3000 	/usr/lib/libpam.2.dylib
0x000000019e870000 	/usr/lib/libxar.1.dylib
0x000000019e7fc000 	/System/Library/PrivateFrameworks/APFS.framework/Versions/A/APFS
0x000000027ec73000 	/System/Library/PrivateFrameworks/SwiftASN1Internal.framework/Versions/A/SwiftASN1Internal
0x000000019e87f000 	/usr/lib/libutil.dylib
0x0000000193b07000 	/usr/lib/libenergytrace.dylib
0x000000019d1ca000 	/usr/lib/system/libkxld.dylib
0x000000019c130000 	/System/Library/PrivateFrameworks/IOMobileFramebuffer.framework/Versions/A/IOMobileFramebuffer
0x0000000199a20000 	/System/Library/Frameworks/IOSurface.framework/Versions/A/IOSurface
0x000000019ec3b000 	/usr/lib/libheimdal-asn1.dylib
0x000000019d3ea000 	/System/Library/PrivateFrameworks/AppleSauce.framework/Versions/A/AppleSauce
0x000000019c389000 	/System/Library/Frameworks/SecurityFoundation.framework/Versions/A/SecurityFoundation
0x000000019c362000 	/System/Library/PrivateFrameworks/MobileKeyBag.framework/Versions/A/MobileKeyBag
0x00000001a1a38000 	/System/Library/PrivateFrameworks/CorePhoneNumbers.framework/Versions/A/CorePhoneNumbers
0x00000001a9c31000 	/System/Library/PrivateFrameworks/RemoteServiceDiscovery.framework/Versions/A/RemoteServiceDiscovery
0x000000019ae05000 	/System/Library/PrivateFrameworks/AggregateDictionary.framework/Versions/A/AggregateDictionary
0x00000001a9c48000 	/System/Library/PrivateFrameworks/RemoteXPC.framework/Versions/A/RemoteXPC
0x00000001c9d09000 	/usr/lib/libFDR.dylib
0x00000001cfce4000 	/usr/lib/libamsupport.dylib
0x00000002911e9000 	/usr/lib/libReverseProxyDevice.dylib
0x00000001c1f2e000 	/System/Library/PrivateFrameworks/MSUDataAccessor.framework/Versions/A/MSUDataAccessor
0x0000000241393000 	/System/Library/PrivateFrameworks/AppleDeviceQuerySupport.framework/Versions/A/AppleDeviceQuerySupport
0x00000001a9d79000 	/System/Library/PrivateFrameworks/AppSupport.framework/Versions/A/AppSupport
0x000000019417c000 	/System/Library/Frameworks/CoreGraphics.framework/Versions/A/CoreGraphics
0x00000001a185e000 	/System/Library/Frameworks/GSS.framework/Versions/A/GSS
0x00000001aa68b000 	/System/Library/PrivateFrameworks/StreamingZip.framework/Versions/A/StreamingZip
0x000000019e7db000 	/usr/lib/liblzma.5.dylib
0x0000000197c28000 	/System/Library/Frameworks/CoreServices.framework/Versions/A/Frameworks/FSEvents.framework/Versions/A/FSEvents
0x00000001913ba000 	/System/Library/Frameworks/CoreServices.framework/Versions/A/Frameworks/CarbonCore.framework/Versions/A/CarbonCore
0x0000000197008000 	/System/Library/Frameworks/CoreServices.framework/Versions/A/Frameworks/Metadata.framework/Versions/A/Metadata
0x000000019cbff000 	/System/Library/Frameworks/CoreServices.framework/Versions/A/Frameworks/OSServices.framework/Versions/A/OSServices
0x000000019d37b000 	/System/Library/Frameworks/CoreServices.framework/Versions/A/Frameworks/SearchKit.framework/Versions/A/SearchKit
0x00000001956bc000 	/System/Library/Frameworks/CoreServices.framework/Versions/A/Frameworks/AE.framework/Versions/A/AE
0x000000018d972000 	/System/Library/Frameworks/CoreServices.framework/Versions/A/Frameworks/LaunchServices.framework/Versions/A/LaunchServices
0x000000019e784000 	/System/Library/Frameworks/CoreServices.framework/Versions/A/Frameworks/DictionaryServices.framework/Versions/A/DictionaryServices
0x0000000197c35000 	/System/Library/Frameworks/CoreServices.framework/Versions/A/Frameworks/SharedFileList.framework/Versions/A/SharedFileList
0x000000019c45d000 	/usr/lib/libCheckFix.dylib
0x0000000193ba1000 	/System/Library/PrivateFrameworks/TCC.framework/Versions/A/TCC
0x000000019ae0e000 	/System/Library/PrivateFrameworks/CoreNLP.framework/Versions/A/CoreNLP
0x0000000196f9b000 	/System/Library/PrivateFrameworks/MetadataUtilities.framework/Versions/A/MetadataUtilities
0x00000001a5c31000 	/System/Library/Frameworks/Accelerate.framework/Versions/A/Accelerate
0x000000019c493000 	/usr/lib/libmecab.dylib
0x000000018e985000 	/usr/lib/libCRFSuite.dylib
0x000000019c4f2000 	/usr/lib/libgermantok.dylib
0x000000019d3e1000 	/usr/lib/libThaiTokenizer.dylib
0x000000019709e000 	/System/Library/Frameworks/Accelerate.framework/Versions/A/Frameworks/vImage.framework/Versions/A/vImage
0x00000001a598d000 	/System/Library/Frameworks/Accelerate.framework/Versions/A/Frameworks/vecLib.framework/Versions/A/vecLib
0x000000019e8b6000 	/System/Library/Frameworks/Accelerate.framework/Versions/A/Frameworks/vecLib.framework/Versions/A/libvMisc.dylib
0x000000018de76000 	/System/Library/Frameworks/Accelerate.framework/Versions/A/Frameworks/vecLib.framework/Versions/A/libBLAS.dylib
0x0000000197d93000 	/System/Library/Frameworks/CoreVideo.framework/Versions/A/CoreVideo
0x00000001948d2000 	/System/Library/Frameworks/ColorSync.framework/Versions/A/ColorSync
0x00000001902fa000 	/System/Library/Frameworks/CoreText.framework/Versions/A/CoreText
0x000000019a513000 	/System/Library/Frameworks/ImageIO.framework/Versions/A/ImageIO
0x0000000193bc5000 	/System/Library/PrivateFrameworks/SkyLight.framework/Versions/A/SkyLight
0x0000000199eee000 	/System/Library/PrivateFrameworks/FontServices.framework/libFontParser.dylib
0x000000024320f000 	/System/Library/PrivateFrameworks/BiomeLibrary.framework/Versions/A/BiomeLibrary
0x000000019555e000 	/System/Library/PrivateFrameworks/BaseBoard.framework/Versions/A/BaseBoard
0x00000001a7a8a000 	/System/Library/PrivateFrameworks/BoardServices.framework/Versions/A/BoardServices
0x00000001a9959000 	/System/Library/PrivateFrameworks/BackBoardServices.framework/Versions/A/BackBoardServices
0x0000000243114000 	/System/Library/PrivateFrameworks/BackBoardHIDEventFoundation.framework/Versions/A/BackBoardHIDEventFoundation
0x000000018fe16000 	/System/Library/Frameworks/CoreDisplay.framework/Versions/A/CoreDisplay
0x000000019f495000 	/System/Library/Frameworks/VideoToolbox.framework/Versions/A/VideoToolbox
0x000000019d4d1000 	/System/Library/Frameworks/MetalPerformanceShaders.framework/Versions/A/MetalPerformanceShaders
0x00000002714a3000 	/System/Library/PrivateFrameworks/ProDisplayLibrary.framework/Versions/A/ProDisplayLibrary
0x00000001ad78e000 	/System/Library/PrivateFrameworks/IOSurfaceAccelerator.framework/Versions/A/IOSurfaceAccelerator
0x0000000199a48000 	/System/Library/Frameworks/Metal.framework/Versions/A/Metal
0x0000000199a3d000 	/System/Library/PrivateFrameworks/IOAccelerator.framework/Versions/A/IOAccelerator
0x0000000199d4c000 	/System/Library/Frameworks/CoreMedia.framework/Versions/A/CoreMedia
0x000000019f44d000 	/System/Library/PrivateFrameworks/WatchdogClient.framework/Versions/A/WatchdogClient
0x00000001974c3000 	/System/Library/Frameworks/QuartzCore.framework/Versions/A/QuartzCore
0x000000019f44f000 	/System/Library/PrivateFrameworks/MultitouchSupport.framework/Versions/A/MultitouchSupport
0x00000001d2c90000 	/usr/lib/swift/libswiftAccelerate.dylib
0x00000001badcc000 	/usr/lib/swift/libswiftCoreAudio.dylib
0x00000001d6e21000 	/usr/lib/swift/libswiftCoreMedia.dylib
0x00000001c8dc2000 	/usr/lib/swift/libswiftMetal.dylib
0x00000001d85d4000 	/usr/lib/swift/libswiftOSLog.dylib
0x00000001ce1e8000 	/usr/lib/swift/libswiftQuartzCore.dylib
0x00000001d2c80000 	/usr/lib/swift/libswiftUniformTypeIdentifiers.dylib
0x0000000292aca000 	/usr/lib/swift/libswiftVideoToolbox.dylib
0x00000001be946000 	/usr/lib/swift/libswiftsimd.dylib
0x00000001c9e35000 	/System/Library/PrivateFrameworks/BiomeStreams.framework/Versions/A/BiomeStreams
0x00000001d0143000 	/System/Library/PrivateFrameworks/BiomeStorage.framework/Versions/A/BiomeStorage
0x00000001c5e84000 	/System/Library/PrivateFrameworks/BiomeFoundation.framework/Versions/A/BiomeFoundation
0x000000025f954000 	/System/Library/PrivateFrameworks/IntelligencePlatformLibrary.framework/Versions/A/IntelligencePlatformLibrary
0x0000000270267000 	/System/Library/PrivateFrameworks/PoirotSchematizer.framework/Versions/A/PoirotSchematizer
0x0000000243aca000 	/System/Library/PrivateFrameworks/BiomeSync.framework/Versions/A/BiomeSync
0x00000002431f5000 	/System/Library/PrivateFrameworks/BiomeDSL.framework/Versions/A/BiomeDSL
0x00000001d00e2000 	/System/Library/PrivateFrameworks/BiomePubSub.framework/Versions/A/BiomePubSub
0x00000001ab66e000 	/System/Library/PrivateFrameworks/ProactiveSupport.framework/Versions/A/ProactiveSupport
0x00000001e929d000 	/System/Library/PrivateFrameworks/FeatureFlags.framework/Versions/A/FeatureFlags
0x00000002702d5000 	/System/Library/PrivateFrameworks/PoirotUDFs.framework/Versions/A/PoirotUDFs
0x0000000292b72000 	/usr/lib/swift/libswift_DarwinFoundation2.dylib
0x0000000292b73000 	/usr/lib/swift/libswift_DarwinFoundation3.dylib
0x00000001a7fff000 	/System/Library/PrivateFrameworks/CoreTime.framework/Versions/A/CoreTime
0x00000001aa08d000 	/System/Library/PrivateFrameworks/InternationalTextSearch.framework/Versions/A/InternationalTextSearch
0x00000001c2357000 	/System/Library/PrivateFrameworks/SoftwareUpdateCoreSupport.framework/Versions/A/SoftwareUpdateCoreSupport
0x00000001ca8d4000 	/System/Library/PrivateFrameworks/SoftwareUpdateCoreConnect.framework/Versions/A/SoftwareUpdateCoreConnect
0x00000001bce7f000 	/usr/lib/libbootpolicy.dylib
0x00000001d2eae000 	/usr/lib/libpartition2_dynamic.dylib
0x0000000290d9e000 	/usr/lib/libAppleArchive.dylib
0x000000019cbeb000 	/usr/lib/libbz2.1.0.dylib
0x00000001ccd2c000 	/System/Library/PrivateFrameworks/OSAnalytics.framework/Versions/A/OSAnalytics
0x000000024dc69000 	/System/Library/PrivateFrameworks/DeviceRecovery.framework/Versions/A/DeviceRecovery
0x00000001a7ea3000 	/System/Library/PrivateFrameworks/CoreSymbolication.framework/Versions/A/CoreSymbolication
0x00000001dc6ea000 	/System/Library/PrivateFrameworks/Symbolication.framework/Versions/A/Symbolication
0x00000001a7e81000 	/System/Library/PrivateFrameworks/DebugSymbols.framework/Versions/A/DebugSymbols
0x00000001bad3b000 	/System/Library/PrivateFrameworks/MallocStackLogging.framework/Versions/A/MallocStackLogging
0x0000000292b74000 	/usr/lib/swift/libswift_RegexParser.dylib
0x000000019d268000 	/usr/lib/libiconv.2.dylib
0x000000019d1c5000 	/usr/lib/libcharset.1.dylib
0x000000027022a000 	/System/Library/PrivateFrameworks/PoirotSQLite.framework/Versions/A/PoirotSQLite
0x0000000245100000 	/System/Library/PrivateFrameworks/CascadeSets.framework/Versions/A/CascadeSets
0x000000019f247000 	/System/Library/PrivateFrameworks/AppleJPEG.framework/Versions/A/AppleJPEG
0x000000019ec20000 	/usr/lib/libexpat.1.dylib
0x000000019fa12000 	/System/Library/Frameworks/ImageIO.framework/Versions/A/Resources/libPng.dylib
0x000000019fa3d000 	/System/Library/Frameworks/ImageIO.framework/Versions/A/Resources/libTIFF.dylib
0x000000019fb25000 	/System/Library/Frameworks/ImageIO.framework/Versions/A/Resources/libGIF.dylib
0x000000019f28c000 	/System/Library/Frameworks/ImageIO.framework/Versions/A/Resources/libJP2.dylib
0x000000019e930000 	/usr/lib/libate.dylib
0x000000019facc000 	/System/Library/Frameworks/ImageIO.framework/Versions/A/Resources/libJPEG.dylib
0x000000019fac3000 	/System/Library/Frameworks/ImageIO.framework/Versions/A/Resources/libRadiance.dylib
0x00000002555a4000 	/System/Library/PrivateFrameworks/GPUCompiler.framework/Versions/32023/Libraries/libllvm-flatbuffers.dylib
0x0000000250003000 	/System/Library/PrivateFrameworks/FramePacing.framework/Versions/A/FramePacing
0x0000000233113000 	/System/Library/Frameworks/OpenGL.framework/Versions/A/Libraries/libCoreFSCache.dylib
0x0000000251131000 	/System/Library/PrivateFrameworks/GPUCompiler.framework/Versions/32023/Libraries/libGPUCompilerUtils.dylib
0x0000000194ece000 	/System/Library/Frameworks/CoreData.framework/Versions/A/CoreData
0x000000023519e000 	/System/Library/Frameworks/ExtensionFoundation.framework/Versions/A/ExtensionFoundation
0x000000019eea4000 	/System/Library/PrivateFrameworks/AppServerSupport.framework/Versions/A/AppServerSupport
0x000000026bcd7000 	/System/Library/PrivateFrameworks/OSEligibility.framework/Versions/A/OSEligibility
0x0000000236585000 	/System/Library/Frameworks/LightweightCodeRequirements.framework/Versions/A/LightweightCodeRequirements
0x000000019eb20000 	/System/Library/PrivateFrameworks/PlugInKit.framework/Versions/A/PlugInKit
0x000000019c37a000 	/System/Library/PrivateFrameworks/AssertionServices.framework/Versions/A/AssertionServices
0x000000019a854000 	/System/Library/Frameworks/CoreImage.framework/Versions/A/CoreImage
0x000000019ee54000 	/System/Library/PrivateFrameworks/GraphVisualizer.framework/Versions/A/GraphVisualizer
0x0000000233121000 	/System/Library/Frameworks/OpenGL.framework/Versions/A/OpenGL
0x0000000233172000 	/System/Library/Frameworks/OpenGL.framework/Versions/A/Libraries/libGLU.dylib
0x0000000233135000 	/System/Library/Frameworks/OpenGL.framework/Versions/A/Libraries/libGFXShared.dylib
0x0000000233302000 	/System/Library/Frameworks/OpenGL.framework/Versions/A/Libraries/libGL.dylib
0x000000023313e000 	/System/Library/Frameworks/OpenGL.framework/Versions/A/Libraries/libGLImage.dylib
0x0000000233132000 	/System/Library/Frameworks/OpenGL.framework/Versions/A/Libraries/libCVMSPluginSupport.dylib
0x000000023311b000 	/System/Library/Frameworks/OpenGL.framework/Versions/A/Libraries/libCoreVMClient.dylib
0x000000024ff0e000 	/System/Library/PrivateFrameworks/FontServices.framework/Versions/A/FontServices
0x000000019ee64000 	/System/Library/PrivateFrameworks/OTSVG.framework/Versions/A/OTSVG
0x00000001978d9000 	/System/Library/Frameworks/ApplicationServices.framework/Versions/A/Frameworks/ATS.framework/Versions/A/Resources/libFontRegistry.dylib
0x0000000291cc3000 	/usr/lib/libhvf.dylib
0x000000026c964000 	/System/Library/PrivateFrameworks/ParsingInternal.framework/Versions/A/ParsingInternal
0x000000024ff12000 	/System/Library/PrivateFrameworks/FontServices.framework/libXTFontStaticRegistryData.dylib
0x000000019ad3f000 	/System/Library/Frameworks/MetalPerformanceShaders.framework/Versions/A/Frameworks/MPSCore.framework/Versions/A/MPSCore
0x000000019cb4a000 	/System/Library/Frameworks/MetalPerformanceShaders.framework/Versions/A/Frameworks/MPSImage.framework/Versions/A/MPSImage
0x000000019c509000 	/System/Library/Frameworks/MetalPerformanceShaders.framework/Versions/A/Frameworks/MPSNeuralNetwork.framework/Versions/A/MPSNeuralNetwork
0x000000019c948000 	/System/Library/Frameworks/MetalPerformanceShaders.framework/Versions/A/Frameworks/MPSMatrix.framework/Versions/A/MPSMatrix
0x000000019c760000 	/System/Library/Frameworks/MetalPerformanceShaders.framework/Versions/A/Frameworks/MPSRayIntersector.framework/Versions/A/MPSRayIntersector
0x000000019c97a000 	/System/Library/Frameworks/MetalPerformanceShaders.framework/Versions/A/Frameworks/MPSNDArray.framework/Versions/A/MPSNDArray
0x000000023740a000 	/System/Library/Frameworks/MetalPerformanceShaders.framework/Versions/A/Frameworks/MPSFunctions.framework/Versions/A/MPSFunctions
0x00000002373eb000 	/System/Library/Frameworks/MetalPerformanceShaders.framework/Versions/A/Frameworks/MPSBenchmarkLoop.framework/Versions/A/MPSBenchmarkLoop
0x000000023741e000 	/System/Library/Frameworks/MetalPerformanceShaders.framework/Versions/A/Frameworks/MPSHost.framework/Versions/A/MPSHost
0x000000018dc8d000 	/System/Library/PrivateFrameworks/MetalTools.framework/Versions/A/MetalTools
0x00000001c006d000 	/System/Library/PrivateFrameworks/IOAccelMemoryInfo.framework/Versions/A/IOAccelMemoryInfo
0x00000001ce5db000 	/System/Library/PrivateFrameworks/kperf.framework/Versions/A/kperf
0x00000001badc8000 	/System/Library/PrivateFrameworks/GPURawCounter.framework/Versions/A/GPURawCounter
0x00000001ab7f9000 	/System/Library/PrivateFrameworks/ASEProcessing.framework/Versions/A/ASEProcessing
0x000000026fe15000 	/System/Library/PrivateFrameworks/PhotosensitivityProcessing.framework/Versions/A/PhotosensitivityProcessing
0x0000000273758000 	/System/Library/PrivateFrameworks/SILManager.framework/Versions/A/SILManager
0x00000002823b1000 	/System/Library/PrivateFrameworks/Tightbeam.framework/Versions/A/Tightbeam
0x00000001c8dd0000 	/usr/lib/swift/libswiftCompression.dylib
0x00000001d341d000 	/System/Library/PrivateFrameworks/AFKUser.framework/Versions/A/AFKUser
0x00000001a11cf000 	/System/Library/Frameworks/AudioToolbox.framework/Versions/A/AudioToolbox
0x000000018ff37000 	/System/Library/PrivateFrameworks/AudioToolboxCore.framework/Versions/A/AudioToolboxCore
0x00000001a13a5000 	/System/Library/PrivateFrameworks/AudioSession.framework/Versions/A/AudioSession
0x00000001aca7d000 	/System/Library/Frameworks/CoreMIDI.framework/Versions/A/CoreMIDI
0x00000001a1426000 	/usr/lib/libAudioStatistics.dylib
0x0000000199d22000 	/System/Library/PrivateFrameworks/caulk.framework/Versions/A/caulk
0x0000000190524000 	/System/Library/Frameworks/CoreAudio.framework/Versions/A/CoreAudio
0x000000019f9ec000 	/usr/lib/libAudioToolboxUtility.dylib
0x00000001c173d000 	/usr/lib/swift/libswiftCoreMIDI.dylib
0x00000001a1830000 	/System/Library/PrivateFrameworks/perfdata.framework/Versions/A/perfdata
0x00000001b9dc7000 	/System/Library/PrivateFrameworks/SystemPolicy.framework/Versions/A/SystemPolicy
0x00000001a16d4000 	/usr/lib/libSMC.dylib
0x00000001a183e000 	/usr/lib/libperfcheck.dylib
0x0000000242aae000 	/System/Library/PrivateFrameworks/AudioAnalytics.framework/Versions/A/AudioAnalytics
0x00000001e0d7e000 	/System/Library/Frameworks/OSLog.framework/Versions/A/OSLog
0x00000001bad6d000 	/usr/lib/libmis.dylib
0x000000019ed65000 	/System/Library/PrivateFrameworks/MediaExperience.framework/Versions/A/MediaExperience
0x00000001a1179000 	/System/Library/PrivateFrameworks/AudioSession.framework/libSessionUtility.dylib
0x000000019fb2b000 	/System/Library/PrivateFrameworks/CMCaptureCore.framework/Versions/A/CMCaptureCore
0x000000019eeb1000 	/usr/lib/libspindump.dylib
0x00000001b2a5e000 	/System/Library/PrivateFrameworks/HID.framework/Versions/A/HID
0x000000018e671000 	/System/Library/PrivateFrameworks/Lexicon.framework/Versions/A/Lexicon
0x000000019af2e000 	/System/Library/PrivateFrameworks/LinguisticData.framework/Versions/A/LinguisticData
0x00000001a7b57000 	/System/Library/PrivateFrameworks/GraphicsServices.framework/Versions/A/GraphicsServices
0x0000000197bf0000 	/System/Library/Frameworks/OpenDirectory.framework/Versions/A/OpenDirectory
0x0000000197bfe000 	/System/Library/Frameworks/OpenDirectory.framework/Versions/A/Frameworks/CFOpenDirectory.framework/Versions/A/CFOpenDirectory
0x0000000286b29000 	/System/Library/PrivateFrameworks/VideoToolboxParavirtualizationSupport.framework/Versions/A/VideoToolboxParavirtualizationSupport
0x000000019ebd7000 	/System/Library/PrivateFrameworks/AppleVA.framework/Versions/A/AppleVA
0x000000019fabe000 	/System/Library/PrivateFrameworks/GPUWrangler.framework/Versions/A/GPUWrangler
0x000000019fa9e000 	/System/Library/PrivateFrameworks/IOPresentment.framework/Versions/A/IOPresentment
0x000000019fac6000 	/System/Library/PrivateFrameworks/DSExternalDisplay.framework/Versions/A/DSExternalDisplay
0x00000001a6c36000 	/System/Library/PrivateFrameworks/MediaKit.framework/Versions/A/MediaKit
0x00000001a6b84000 	/System/Library/Frameworks/DiscRecording.framework/Versions/A/DiscRecording
0x00000002424cd000 	/System/Library/PrivateFrameworks/AppleMobileFileIntegrity.framework/Versions/A/AppleMobileFileIntegrity
0x0000000291261000 	/usr/lib/libTLE.dylib
0x00000001f29f1000 	/System/Library/PrivateFrameworks/ConfigProfileHelper.framework/Versions/A/ConfigProfileHelper
0x00000001e7155000 	/usr/lib/libedit.3.dylib
0x0000000261a04000 	/System/Library/PrivateFrameworks/MIL.framework/Versions/A/MIL
0x00000001c0030000 	/usr/lib/libncurses.5.4.dylib
0x00000001a1814000 	/System/Library/PrivateFrameworks/NetAuth.framework/Versions/A/NetAuth
0x0000000197e14000 	/System/Library/PrivateFrameworks/login.framework/Versions/A/Frameworks/loginsupport.framework/Versions/A/loginsupport
0x00000001e1269000 	/System/Library/PrivateFrameworks/HIDDisplay.framework/Versions/A/HIDDisplay
0x00000001a184c000 	/System/Library/Frameworks/Kerberos.framework/Versions/A/Kerberos
0x00000001a14bc000 	/usr/lib/libresolv.9.dylib
0x000000019eeb8000 	/System/Library/PrivateFrameworks/Heimdal.framework/Versions/A/Heimdal
0x00000001aa660000 	/System/Library/Frameworks/Kerberos.framework/Versions/A/Libraries/libHeimdalProxy.dylib
0x00000001a18b0000 	/System/Library/PrivateFrameworks/CommonAuth.framework/Versions/A/CommonAuth
0x000000019bfbe000 	/System/Library/Frameworks/Accelerate.framework/Versions/A/Frameworks/vecLib.framework/Versions/A/libvDSP.dylib
0x000000019d5b3000 	/System/Library/Frameworks/Accelerate.framework/Versions/A/Frameworks/vecLib.framework/Versions/A/libLAPACK.dylib
0x000000019c4f5000 	/System/Library/Frameworks/Accelerate.framework/Versions/A/Frameworks/vecLib.framework/Versions/A/libLinearAlgebra.dylib
0x000000019d427000 	/System/Library/Frameworks/Accelerate.framework/Versions/A/Frameworks/vecLib.framework/Versions/A/libSparseBLAS.dylib
0x000000019d5ae000 	/System/Library/Frameworks/Accelerate.framework/Versions/A/Frameworks/vecLib.framework/Versions/A/libQuadrature.dylib
0x000000019af35000 	/System/Library/Frameworks/Accelerate.framework/Versions/A/Frameworks/vecLib.framework/Versions/A/libBNNS.dylib
0x000000018e781000 	/System/Library/Frameworks/Accelerate.framework/Versions/A/Frameworks/vecLib.framework/Versions/A/libSparse.dylib
0x000000025cf27000 	/System/Library/PrivateFrameworks/InstalledContentLibrary.framework/Versions/A/InstalledContentLibrary
0x00000001916f2000 	/System/Library/PrivateFrameworks/CoreServicesStore.framework/Versions/A/CoreServicesStore
0x0000000197c5f000 	/usr/lib/libapp_launch_measurement.dylib
0x00000001ce6f2000 	/System/Library/PrivateFrameworks/MobileSystemServices.framework/Versions/A/MobileSystemServices
0x000000019e883000 	/usr/lib/libxslt.1.dylib
0x00000001a9b37000 	/System/Library/PrivateFrameworks/DiskImages.framework/Versions/A/DiskImages
0x00000001b7653000 	/System/Library/Frameworks/NetFS.framework/Versions/A/NetFS
0x00000001a9cf2000 	/usr/lib/libcurl.4.dylib
0x0000000291a77000 	/usr/lib/libcrypto.46.dylib
0x00000002925fa000 	/usr/lib/libssl.48.dylib
0x00000001a99cc000 	/System/Library/Frameworks/LDAP.framework/Versions/A/LDAP
0x00000001a9a08000 	/System/Library/PrivateFrameworks/TrustEvaluationAgent.framework/Versions/A/TrustEvaluationAgent
0x00000001a14d9000 	/usr/lib/libsasl2.2.dylib
0x00000001a5953000 	/usr/lib/libpanel.5.4.dylib
0x0000000101870000 	/Users/chaeyeong/Developer/sk-encoa/dl-workspace/.venv/lib/python3.12/site-packages/zmq/backend/cython/_zmq.abi3.so
0x000000010638c000 	/Users/chaeyeong/Developer/sk-encoa/dl-workspace/.venv/lib/python3.12/site-packages/zmq/.dylibs/libzmq.5.dylib
0x0000000106194000 	/Users/chaeyeong/Developer/sk-encoa/dl-workspace/.venv/lib/python3.12/site-packages/zmq/.dylibs/libsodium.26.dylib
0x0000000101444000 	/Users/chaeyeong/Developer/sk-encoa/dl-workspace/.venv/lib/python3.12/site-packages/tornado/speedups.abi3.so
0x0000000101470000 	/Users/chaeyeong/Developer/sk-encoa/dl-workspace/.venv/lib/python3.12/site-packages/psutil/_psutil_osx.abi3.so
0x0000000107230000 	/Users/chaeyeong/Developer/sk-encoa/dl-workspace/.venv/lib/python3.12/site-packages/debugpy/_vendored/pydevd/_pydevd_bundle/pydevd_cython.cpython-312-darwin.so
0x0000000107378000 	/Users/chaeyeong/Developer/sk-encoa/dl-workspace/.venv/lib/python3.12/site-packages/debugpy/_vendored/pydevd/_pydevd_sys_monitoring/_pydevd_sys_monitoring_cython.cpython-312-darwin.so
0x000000010cdd0000 	/Users/chaeyeong/Developer/sk-encoa/dl-workspace/.venv/lib/python3.12/site-packages/numpy/_core/_multiarray_umath.cpython-312-darwin.so
0x000000010615c000 	/Users/chaeyeong/Developer/sk-encoa/dl-workspace/.venv/lib/python3.12/site-packages/numpy/linalg/_umath_linalg.cpython-312-darwin.so
0x00000001014ac000 	/Users/chaeyeong/Developer/sk-encoa/dl-workspace/.venv/lib/python3.12/site-packages/scipy/_lib/_ccallback_c.cpython-312-darwin.so
0x00000001072b0000 	/Users/chaeyeong/Developer/sk-encoa/dl-workspace/.venv/lib/python3.12/site-packages/scipy/_cyutility.cpython-312-darwin.so
0x000000010d938000 	/Users/chaeyeong/Developer/sk-encoa/dl-workspace/.venv/lib/python3.12/site-packages/scipy/sparse/_sparsetools.cpython-312-darwin.so
0x000000010cd00000 	/Users/chaeyeong/Developer/sk-encoa/dl-workspace/.venv/lib/python3.12/site-packages/numpy/fft/_pocketfft_umath.cpython-312-darwin.so
0x000000010d5b8000 	/Users/chaeyeong/Developer/sk-encoa/dl-workspace/.venv/lib/python3.12/site-packages/charset_normalizer/cd.cpython-312-darwin.so
0x0000000106340000 	/Users/chaeyeong/Developer/sk-encoa/dl-workspace/.venv/lib/python3.12/site-packages/charset_normalizer/md.cpython-312-darwin.so
0x0000000107324000 	/Users/chaeyeong/Developer/sk-encoa/dl-workspace/.venv/lib/python3.12/site-packages/numpy/random/_bounded_integers.cpython-312-darwin.so
0x000000010cd54000 	/Users/chaeyeong/Developer/sk-encoa/dl-workspace/.venv/lib/python3.12/site-packages/numpy/random/bit_generator.cpython-312-darwin.so
0x000000010cd88000 	/Users/chaeyeong/Developer/sk-encoa/dl-workspace/.venv/lib/python3.12/site-packages/numpy/random/_common.cpython-312-darwin.so
0x000000010dcb8000 	/Users/chaeyeong/Developer/sk-encoa/dl-workspace/.venv/lib/python3.12/site-packages/numpy/random/_generator.cpython-312-darwin.so
0x000000010d874000 	/Users/chaeyeong/Developer/sk-encoa/dl-workspace/.venv/lib/python3.12/site-packages/numpy/random/_pcg64.cpython-312-darwin.so
0x0000000107300000 	/Users/chaeyeong/Developer/sk-encoa/dl-workspace/.venv/lib/python3.12/site-packages/numpy/random/_mt19937.cpython-312-darwin.so
0x00000001077dc000 	/Users/chaeyeong/Developer/sk-encoa/dl-workspace/.venv/lib/python3.12/site-packages/numpy/random/_philox.cpython-312-darwin.so
0x00000001072dc000 	/Users/chaeyeong/Developer/sk-encoa/dl-workspace/.venv/lib/python3.12/site-packages/numpy/random/_sfc64.cpython-312-darwin.so
0x000000010dd5c000 	/Users/chaeyeong/Developer/sk-encoa/dl-workspace/.venv/lib/python3.12/site-packages/numpy/random/mtrand.cpython-312-darwin.so
0x000000010dde4000 	/Users/chaeyeong/Developer/sk-encoa/dl-workspace/.venv/lib/python3.12/site-packages/scipy/sparse/_csparsetools.cpython-312-darwin.so
0x000000010df44000 	/Users/chaeyeong/Developer/sk-encoa/dl-workspace/.venv/lib/python3.12/site-packages/scipy/spatial/_ckdtree.cpython-312-darwin.so
0x000000010dfc8000 	/Users/chaeyeong/Developer/sk-encoa/dl-workspace/.venv/lib/python3.12/site-packages/scipy/linalg/_fblas.cpython-312-darwin.so
0x000000010e220000 	/Users/chaeyeong/Developer/sk-encoa/dl-workspace/.venv/lib/python3.12/site-packages/scipy/linalg/_flapack.cpython-312-darwin.so
0x000000010d8e0000 	/Users/chaeyeong/Developer/sk-encoa/dl-workspace/.venv/lib/python3.12/site-packages/scipy/linalg/_batched_linalg.cpython-312-darwin.so
0x000000010e050000 	/Users/chaeyeong/Developer/sk-encoa/dl-workspace/.venv/lib/python3.12/site-packages/scipy/linalg/_cythonized_array_utils.cpython-312-darwin.so
0x000000010e084000 	/Users/chaeyeong/Developer/sk-encoa/dl-workspace/.venv/lib/python3.12/site-packages/scipy/linalg/_solve_toeplitz.cpython-312-darwin.so
0x000000010d89c000 	/Users/chaeyeong/Developer/sk-encoa/dl-workspace/.venv/lib/python3.12/site-packages/scipy/linalg/_internal_matfuncs.cpython-312-darwin.so
0x000000010e0a8000 	/Users/chaeyeong/Developer/sk-encoa/dl-workspace/.venv/lib/python3.12/site-packages/scipy/linalg/_linalg_pythran.cpython-312-darwin.so
0x000000010e10c000 	/Users/chaeyeong/Developer/sk-encoa/dl-workspace/.venv/lib/python3.12/site-packages/scipy/linalg/_decomp_update.cpython-312-darwin.so
0x000000010e14c000 	/Users/chaeyeong/Developer/sk-encoa/dl-workspace/.venv/lib/python3.12/site-packages/scipy/linalg/cython_blas.cpython-312-darwin.so
0x000000010e3f0000 	/Users/chaeyeong/Developer/sk-encoa/dl-workspace/.venv/lib/python3.12/site-packages/scipy/linalg/cython_lapack.cpython-312-darwin.so
0x000000010e44c000 	/Users/chaeyeong/Developer/sk-encoa/dl-workspace/.venv/lib/python3.12/site-packages/scipy/special/_ufuncs.cpython-312-darwin.so
0x000000010e668000 	/Users/chaeyeong/Developer/sk-encoa/dl-workspace/.venv/lib/python3.12/site-packages/scipy/special/_ufuncs_cxx.cpython-312-darwin.so
0x000000010d8bc000 	/Users/chaeyeong/Developer/sk-encoa/dl-workspace/.venv/lib/python3.12/site-packages/scipy/special/_ellip_harm_2.cpython-312-darwin.so
0x000000010e7d8000 	/Users/chaeyeong/Developer/sk-encoa/dl-workspace/.venv/lib/python3.12/site-packages/scipy/special/_special_ufuncs.cpython-312-darwin.so
0x000000010e8f0000 	/Users/chaeyeong/Developer/sk-encoa/dl-workspace/.venv/lib/python3.12/site-packages/scipy/special/_gufuncs.cpython-312-darwin.so
0x000000010e174000 	/Users/chaeyeong/Developer/sk-encoa/dl-workspace/.venv/lib/python3.12/site-packages/scipy/special/_specfun.cpython-312-darwin.so
0x000000010148c000 	/Users/chaeyeong/Developer/sk-encoa/dl-workspace/.venv/lib/python3.12/site-packages/scipy/special/_comb.cpython-312-darwin.so
0x000000010e0e4000 	/Users/chaeyeong/Developer/sk-encoa/dl-workspace/.venv/lib/python3.12/site-packages/scipy/spatial/_hausdorff.cpython-312-darwin.so
0x000000010eb18000 	/Users/chaeyeong/Developer/sk-encoa/dl-workspace/.venv/lib/python3.12/site-packages/scipy/spatial/_distance_pybind.cpython-312-darwin.so
0x000000010e1c0000 	/Users/chaeyeong/Developer/sk-encoa/dl-workspace/.venv/lib/python3.12/site-packages/scipy/spatial/_distance_wrap.cpython-312-darwin.so
0x000000010ec58000 	/Users/chaeyeong/Developer/sk-encoa/dl-workspace/.venv/lib/python3.12/site-packages/scipy/spatial/_qhull.cpython-312-darwin.so
0x000000010e1a4000 	/Users/chaeyeong/Developer/sk-encoa/dl-workspace/.venv/lib/python3.12/site-packages/scipy/_lib/messagestream.cpython-312-darwin.so
0x000000010e1dc000 	/Users/chaeyeong/Developer/sk-encoa/dl-workspace/.venv/lib/python3.12/site-packages/scipy/spatial/_voronoi.cpython-312-darwin.so
0x000000010ea8c000 	/Users/chaeyeong/Developer/sk-encoa/dl-workspace/.venv/lib/python3.12/site-packages/scipy/spatial/transform/_rotation_cy.cpython-312-darwin.so
0x000000010e630000 	/Users/chaeyeong/Developer/sk-encoa/dl-workspace/.venv/lib/python3.12/site-packages/scipy/spatial/transform/_rigid_transform_cy.cpython-312-darwin.so
0x000000010ebec000 	/Users/chaeyeong/Developer/sk-encoa/dl-workspace/.venv/lib/python3.12/site-packages/scipy/sparse/linalg/_dsolve/_superlu.cpython-312-darwin.so
0x000000010e5f8000 	/Users/chaeyeong/Developer/sk-encoa/dl-workspace/.venv/lib/python3.12/site-packages/scipy/sparse/linalg/_eigen/arpack/_arpacklib.cpython-312-darwin.so
0x000000010eaf0000 	/Users/chaeyeong/Developer/sk-encoa/dl-workspace/.venv/lib/python3.12/site-packages/scipy/sparse/linalg/_propack.cpython-312-darwin.so
0x000000010e1f4000 	/Users/chaeyeong/Developer/sk-encoa/dl-workspace/.venv/lib/python3.12/site-packages/scipy/optimize/_group_columns.cpython-312-darwin.so
0x000000010ef0c000 	/Users/chaeyeong/Developer/sk-encoa/dl-workspace/.venv/lib/python3.12/site-packages/scipy/optimize/_trlib/_trlib.cpython-312-darwin.so
0x000000010d924000 	/Users/chaeyeong/Developer/sk-encoa/dl-workspace/.venv/lib/python3.12/site-packages/scipy/optimize/_lbfgsb.cpython-312-darwin.so
0x000000010ebc8000 	/Users/chaeyeong/Developer/sk-encoa/dl-workspace/.venv/lib/python3.12/site-packages/scipy/optimize/_moduleTNC.cpython-312-darwin.so
0x000000010e0cc000 	/Users/chaeyeong/Developer/sk-encoa/dl-workspace/.venv/lib/python3.12/site-packages/scipy/optimize/_slsqplib.cpython-312-darwin.so
0x000000010ec34000 	/Users/chaeyeong/Developer/sk-encoa/dl-workspace/.venv/lib/python3.12/site-packages/scipy/optimize/_minpack.cpython-312-darwin.so
0x000000010e20c000 	/Users/chaeyeong/Developer/sk-encoa/dl-workspace/.venv/lib/python3.12/site-packages/scipy/optimize/_lsq/givens_elimination.cpython-312-darwin.so
0x0000000106184000 	/Users/chaeyeong/Developer/sk-encoa/dl-workspace/.venv/lib/python3.12/site-packages/scipy/optimize/_zeros.cpython-312-darwin.so
0x000000010f450000 	/Users/chaeyeong/Developer/sk-encoa/dl-workspace/.venv/lib/python3.12/site-packages/scipy/optimize/_highspy/_core.cpython-312-darwin.so
0x000000010f01c000 	/Users/chaeyeong/Developer/sk-encoa/dl-workspace/.venv/lib/python3.12/site-packages/scipy/optimize/_highspy/_highs_options.cpython-312-darwin.so
0x000000010f180000 	/Users/chaeyeong/Developer/sk-encoa/dl-workspace/.venv/lib/python3.12/site-packages/scipy/linalg/_decomp_interpolative.cpython-312-darwin.so
0x000000010ef3c000 	/Users/chaeyeong/Developer/sk-encoa/dl-workspace/.venv/lib/python3.12/site-packages/scipy/_lib/_uarray/_uarray.cpython-312-darwin.so
0x000000010f97c000 	/Users/chaeyeong/Developer/sk-encoa/dl-workspace/.venv/lib/python3.12/site-packages/scipy/fft/_duccfft/pyduccfft.cpython-312-darwin.so
0x000000010ef88000 	/Users/chaeyeong/Developer/sk-encoa/dl-workspace/.venv/lib/python3.12/site-packages/scipy/optimize/_bglu_dense.cpython-312-darwin.so
0x000000010e0fc000 	/Users/chaeyeong/Developer/sk-encoa/dl-workspace/.venv/lib/python3.12/site-packages/scipy/optimize/_lsap.cpython-312-darwin.so
0x000000010f208000 	/Users/chaeyeong/Developer/sk-encoa/dl-workspace/.venv/lib/python3.12/site-packages/scipy/optimize/_pava_pybind.cpython-312-darwin.so
0x000000010eba4000 	/Users/chaeyeong/Developer/sk-encoa/dl-workspace/.venv/lib/python3.12/site-packages/scipy/optimize/_direct.cpython-312-darwin.so
0x000000010efb4000 	/Users/chaeyeong/Developer/sk-encoa/dl-workspace/.venv/lib/python3.12/site-packages/scipy/integrate/_odepack.cpython-312-darwin.so
0x000000010efcc000 	/Users/chaeyeong/Developer/sk-encoa/dl-workspace/.venv/lib/python3.12/site-packages/scipy/integrate/_quadpack.cpython-312-darwin.so
0x000000010facc000 	/Users/chaeyeong/Developer/sk-encoa/dl-workspace/.venv/lib/python3.12/site-packages/scipy/integrate/_vode.cpython-312-darwin.so
0x000000010faec000 	/Users/chaeyeong/Developer/sk-encoa/dl-workspace/.venv/lib/python3.12/site-packages/scipy/integrate/_dop.cpython-312-darwin.so
0x0000000110040000 	/Users/chaeyeong/Developer/sk-encoa/dl-workspace/.venv/lib/python3.12/site-packages/scipy/interpolate/_fitpack.cpython-312-darwin.so
0x0000000110004000 	/Users/chaeyeong/Developer/sk-encoa/dl-workspace/.venv/lib/python3.12/site-packages/scipy/interpolate/_dierckx.cpython-312-darwin.so
0x00000001100b0000 	/Users/chaeyeong/Developer/sk-encoa/dl-workspace/.venv/lib/python3.12/site-packages/scipy/interpolate/_ppoly.cpython-312-darwin.so
0x000000011011c000 	/Users/chaeyeong/Developer/sk-encoa/dl-workspace/.venv/lib/python3.12/site-packages/scipy/interpolate/_interpnd.cpython-312-darwin.so
0x00000001101a0000 	/Users/chaeyeong/Developer/sk-encoa/dl-workspace/.venv/lib/python3.12/site-packages/scipy/interpolate/_rbfinterp_pythran.cpython-312-darwin.so
0x0000000110020000 	/Users/chaeyeong/Developer/sk-encoa/dl-workspace/.venv/lib/python3.12/site-packages/scipy/interpolate/_rgi_cython.cpython-312-darwin.so
0x0000000110364000 	/Users/chaeyeong/Developer/sk-encoa/dl-workspace/.venv/lib/python3.12/site-packages/scipy/stats/_stats.cpython-312-darwin.so
0x0000000110564000 	/Users/chaeyeong/Developer/sk-encoa/dl-workspace/.venv/lib/python3.12/site-packages/scipy/special/cython_special.cpython-312-darwin.so
0x000000011007c000 	/Users/chaeyeong/Developer/sk-encoa/dl-workspace/.venv/lib/python3.12/site-packages/scipy/stats/_biasedurn.cpython-312-darwin.so
0x000000010ef5c000 	/Users/chaeyeong/Developer/sk-encoa/dl-workspace/.venv/lib/python3.12/site-packages/scipy/stats/_levy_stable/levyst.cpython-312-darwin.so
0x0000000110154000 	/Users/chaeyeong/Developer/sk-encoa/dl-workspace/.venv/lib/python3.12/site-packages/scipy/stats/_stats_pythran.cpython-312-darwin.so
0x0000000110100000 	/Users/chaeyeong/Developer/sk-encoa/dl-workspace/.venv/lib/python3.12/site-packages/scipy/stats/_ansari_swilk_statistics.cpython-312-darwin.so
0x00000001103c4000 	/Users/chaeyeong/Developer/sk-encoa/dl-workspace/.venv/lib/python3.12/site-packages/scipy/sparse/csgraph/_shortest_path.cpython-312-darwin.so
0x0000000110330000 	/Users/chaeyeong/Developer/sk-encoa/dl-workspace/.venv/lib/python3.12/site-packages/scipy/sparse/csgraph/_tools.cpython-312-darwin.so
0x0000000110464000 	/Users/chaeyeong/Developer/sk-encoa/dl-workspace/.venv/lib/python3.12/site-packages/scipy/sparse/csgraph/_traversal.cpython-312-darwin.so
0x0000000110304000 	/Users/chaeyeong/Developer/sk-encoa/dl-workspace/.venv/lib/python3.12/site-packages/scipy/sparse/csgraph/_min_spanning_tree.cpython-312-darwin.so
0x00000001104ac000 	/Users/chaeyeong/Developer/sk-encoa/dl-workspace/.venv/lib/python3.12/site-packages/scipy/sparse/csgraph/_flow.cpython-312-darwin.so
0x00000001104d8000 	/Users/chaeyeong/Developer/sk-encoa/dl-workspace/.venv/lib/python3.12/site-packages/scipy/sparse/csgraph/_matching.cpython-312-darwin.so
0x0000000110504000 	/Users/chaeyeong/Developer/sk-encoa/dl-workspace/.venv/lib/python3.12/site-packages/scipy/sparse/csgraph/_reordering.cpython-312-darwin.so
0x000000011052c000 	/Users/chaeyeong/Developer/sk-encoa/dl-workspace/.venv/lib/python3.12/site-packages/scipy/stats/_sobol.cpython-312-darwin.so
0x000000011041c000 	/Users/chaeyeong/Developer/sk-encoa/dl-workspace/.venv/lib/python3.12/site-packages/scipy/stats/_qmc_cy.cpython-312-darwin.so
0x000000011017c000 	/Users/chaeyeong/Developer/sk-encoa/dl-workspace/.venv/lib/python3.12/site-packages/scipy/stats/_rcont/rcont.cpython-312-darwin.so
0x0000000110804000 	/Users/chaeyeong/Developer/sk-encoa/dl-workspace/.venv/lib/python3.12/site-packages/scipy/stats/_qmvnt_cy.cpython-312-darwin.so
0x0000000110828000 	/Users/chaeyeong/Developer/sk-encoa/dl-workspace/.venv/lib/python3.12/site-packages/scipy/ndimage/_nd_image.cpython-312-darwin.so
0x000000010ebb8000 	/Users/chaeyeong/Developer/sk-encoa/dl-workspace/.venv/lib/python3.12/site-packages/scipy/ndimage/_rank_filter_1d.cpython-312-darwin.so
0x0000000110880000 	/Users/chaeyeong/Developer/sk-encoa/dl-workspace/.venv/lib/python3.12/site-packages/scipy/ndimage/_ni_label.cpython-312-darwin.so
0x0000000110c74000 	/Users/chaeyeong/Developer/sk-encoa/dl-workspace/.venv/lib/python3.12/site-packages/regex/_regex.cpython-312-darwin.so
0x000000010ef70000 	/Users/chaeyeong/Developer/sk-encoa/dl-workspace/.venv/lib/python3.12/site-packages/sklearn/__check_build/_check_build.cpython-312-darwin.so
0x0000000111494000 	/Users/chaeyeong/Developer/sk-encoa/dl-workspace/.venv/lib/python3.12/site-packages/pyarrow/lib.cpython-312-darwin.so
0x00000001117fc000 	/Users/chaeyeong/Developer/sk-encoa/dl-workspace/.venv/lib/python3.12/site-packages/pyarrow/libarrow_python.2500.dylib
0x0000000111e90000 	/Users/chaeyeong/Developer/sk-encoa/dl-workspace/.venv/lib/python3.12/site-packages/pyarrow/libarrow_substrait.2500.dylib
0x00000001119e0000 	/Users/chaeyeong/Developer/sk-encoa/dl-workspace/.venv/lib/python3.12/site-packages/pyarrow/libarrow_dataset.2500.dylib
0x00000001127d4000 	/Users/chaeyeong/Developer/sk-encoa/dl-workspace/.venv/lib/python3.12/site-packages/pyarrow/libparquet.2500.dylib
0x0000000112340000 	/Users/chaeyeong/Developer/sk-encoa/dl-workspace/.venv/lib/python3.12/site-packages/pyarrow/libarrow_acero.2500.dylib
0x0000000113af4000 	/Users/chaeyeong/Developer/sk-encoa/dl-workspace/.venv/lib/python3.12/site-packages/pyarrow/libarrow_compute.2500.dylib
0x00000001174dc000 	/Users/chaeyeong/Developer/sk-encoa/dl-workspace/.venv/lib/python3.12/site-packages/pyarrow/libarrow.2500.dylib
0x00000001101ec000 	/Users/chaeyeong/Developer/sk-encoa/dl-workspace/.venv/lib/python3.12/site-packages/pandas/_libs/pandas_parser.cpython-312-darwin.so
0x000000011043c000 	/Users/chaeyeong/Developer/sk-encoa/dl-workspace/.venv/lib/python3.12/site-packages/pandas/_libs/pandas_datetime.cpython-312-darwin.so
0x0000000111c80000 	/Users/chaeyeong/Developer/sk-encoa/dl-workspace/.venv/lib/python3.12/site-packages/pandas/_libs/interval.cpython-312-darwin.so
0x00000001130a8000 	/Users/chaeyeong/Developer/sk-encoa/dl-workspace/.venv/lib/python3.12/site-packages/pandas/_libs/hashtable.cpython-312-darwin.so
0x0000000110c24000 	/Users/chaeyeong/Developer/sk-encoa/dl-workspace/.venv/lib/python3.12/site-packages/pandas/_libs/missing.cpython-312-darwin.so
0x0000000110bf0000 	/Users/chaeyeong/Developer/sk-encoa/dl-workspace/.venv/lib/python3.12/site-packages/pandas/_libs/tslibs/dtypes.cpython-312-darwin.so
0x0000000111138000 	/Users/chaeyeong/Developer/sk-encoa/dl-workspace/.venv/lib/python3.12/site-packages/pandas/_libs/tslibs/ccalendar.cpython-312-darwin.so
0x0000000111158000 	/Users/chaeyeong/Developer/sk-encoa/dl-workspace/.venv/lib/python3.12/site-packages/pandas/_libs/_cyutility.cpython-312-darwin.so
0x0000000111184000 	/Users/chaeyeong/Developer/sk-encoa/dl-workspace/.venv/lib/python3.12/site-packages/pandas/_libs/tslibs/np_datetime.cpython-312-darwin.so
0x00000001111ac000 	/Users/chaeyeong/Developer/sk-encoa/dl-workspace/.venv/lib/python3.12/site-packages/pandas/_libs/tslibs/conversion.cpython-312-darwin.so
0x0000000110850000 	/Users/chaeyeong/Developer/sk-encoa/dl-workspace/.venv/lib/python3.12/site-packages/pandas/_libs/tslibs/base.cpython-312-darwin.so
0x0000000112560000 	/Users/chaeyeong/Developer/sk-encoa/dl-workspace/.venv/lib/python3.12/site-packages/pandas/_libs/tslibs/offsets.cpython-312-darwin.so
0x0000000111d78000 	/Users/chaeyeong/Developer/sk-encoa/dl-workspace/.venv/lib/python3.12/site-packages/pandas/_libs/tslibs/timestamps.cpython-312-darwin.so
0x0000000111430000 	/Users/chaeyeong/Developer/sk-encoa/dl-workspace/.venv/lib/python3.12/site-packages/pandas/_libs/tslibs/nattype.cpython-312-darwin.so
0x0000000112654000 	/Users/chaeyeong/Developer/sk-encoa/dl-workspace/.venv/lib/python3.12/site-packages/pandas/_libs/tslibs/timedeltas.cpython-312-darwin.so
0x0000000111468000 	/Users/chaeyeong/Developer/sk-encoa/dl-workspace/.venv/lib/python3.12/site-packages/pandas/_libs/tslibs/timezones.cpython-312-darwin.so
0x0000000110c58000 	/Users/chaeyeong/Developer/sk-encoa/dl-workspace/.venv/lib/python3.12/site-packages/pandas/_libs/properties.cpython-312-darwin.so
0x0000000111dec000 	/Users/chaeyeong/Developer/sk-encoa/dl-workspace/.venv/lib/python3.12/site-packages/pandas/_libs/tslibs/fields.cpython-312-darwin.so
0x0000000111e24000 	/Users/chaeyeong/Developer/sk-encoa/dl-workspace/.venv/lib/python3.12/site-packages/pandas/_libs/tslibs/tzconversion.cpython-312-darwin.so
0x0000000113278000 	/Users/chaeyeong/Developer/sk-encoa/dl-workspace/.venv/lib/python3.12/site-packages/pandas/_libs/tslibs/parsing.cpython-312-darwin.so
0x0000000111e50000 	/Users/chaeyeong/Developer/sk-encoa/dl-workspace/.venv/lib/python3.12/site-packages/pandas/_libs/tslibs/strptime.cpython-312-darwin.so
0x0000000113314000 	/Users/chaeyeong/Developer/sk-encoa/dl-workspace/.venv/lib/python3.12/site-packages/pandas/_libs/tslibs/period.cpython-312-darwin.so
0x00000001132b8000 	/Users/chaeyeong/Developer/sk-encoa/dl-workspace/.venv/lib/python3.12/site-packages/pandas/_libs/tslibs/vectorized.cpython-312-darwin.so
0x0000000110450000 	/Users/chaeyeong/Developer/sk-encoa/dl-workspace/.venv/lib/python3.12/site-packages/pandas/_libs/ops_dispatch.cpython-312-darwin.so
0x00000001134fc000 	/Users/chaeyeong/Developer/sk-encoa/dl-workspace/.venv/lib/python3.12/site-packages/pandas/_libs/algos.cpython-312-darwin.so
0x0000000113400000 	/Users/chaeyeong/Developer/sk-encoa/dl-workspace/.venv/lib/python3.12/site-packages/pandas/_libs/lib.cpython-312-darwin.so
0x00000001138a4000 	/Users/chaeyeong/Developer/sk-encoa/dl-workspace/.venv/lib/python3.12/site-packages/pyarrow/_compute.cpython-312-darwin.so
0x00000001132dc000 	/Users/chaeyeong/Developer/sk-encoa/dl-workspace/.venv/lib/python3.12/site-packages/pandas/_libs/ops.cpython-312-darwin.so
0x00000001113f8000 	/Users/chaeyeong/Developer/sk-encoa/dl-workspace/.venv/lib/python3.12/site-packages/pandas/_libs/hashing.cpython-312-darwin.so
0x0000000113394000 	/Users/chaeyeong/Developer/sk-encoa/dl-workspace/.venv/lib/python3.12/site-packages/pandas/_libs/arrays.cpython-312-darwin.so
0x0000000113494000 	/Users/chaeyeong/Developer/sk-encoa/dl-workspace/.venv/lib/python3.12/site-packages/pandas/_libs/tslib.cpython-312-darwin.so
0x0000000114b3c000 	/Users/chaeyeong/Developer/sk-encoa/dl-workspace/.venv/lib/python3.12/site-packages/pandas/_libs/sparse.cpython-312-darwin.so
0x0000000114a88000 	/Users/chaeyeong/Developer/sk-encoa/dl-workspace/.venv/lib/python3.12/site-packages/pandas/_libs/internals.cpython-312-darwin.so
0x0000000111414000 	/Users/chaeyeong/Developer/sk-encoa/dl-workspace/.venv/lib/python3.12/site-packages/pandas/_libs/indexing.cpython-312-darwin.so
0x0000000114d9c000 	/Users/chaeyeong/Developer/sk-encoa/dl-workspace/.venv/lib/python3.12/site-packages/pandas/_libs/index.cpython-312-darwin.so
0x00000001133b8000 	/Users/chaeyeong/Developer/sk-encoa/dl-workspace/.venv/lib/python3.12/site-packages/pandas/_libs/writers.cpython-312-darwin.so
0x0000000115034000 	/Users/chaeyeong/Developer/sk-encoa/dl-workspace/.venv/lib/python3.12/site-packages/pandas/_libs/join.cpython-312-darwin.so
0x0000000114cf0000 	/Users/chaeyeong/Developer/sk-encoa/dl-workspace/.venv/lib/python3.12/site-packages/pandas/_libs/window/aggregations.cpython-312-darwin.so
0x0000000113ac0000 	/Users/chaeyeong/Developer/sk-encoa/dl-workspace/.venv/lib/python3.12/site-packages/pandas/_libs/window/indexers.cpython-312-darwin.so
0x0000000114ad0000 	/Users/chaeyeong/Developer/sk-encoa/dl-workspace/.venv/lib/python3.12/site-packages/pandas/_libs/reshape.cpython-312-darwin.so
0x0000000115514000 	/Users/chaeyeong/Developer/sk-encoa/dl-workspace/.venv/lib/python3.12/site-packages/pandas/_libs/groupby.cpython-312-darwin.so
0x0000000113370000 	/Users/chaeyeong/Developer/sk-encoa/dl-workspace/.venv/lib/python3.12/site-packages/pandas/_libs/json.cpython-312-darwin.so
0x0000000114fa8000 	/Users/chaeyeong/Developer/sk-encoa/dl-workspace/.venv/lib/python3.12/site-packages/pandas/_libs/parsers.cpython-312-darwin.so
0x00000001134bc000 	/Users/chaeyeong/Developer/sk-encoa/dl-workspace/.venv/lib/python3.12/site-packages/pandas/_libs/testing.cpython-312-darwin.so
0x00000001133d8000 	/Users/chaeyeong/Developer/sk-encoa/dl-workspace/.venv/lib/python3.12/site-packages/sklearn/utils/_isfinite.cpython-312-darwin.so
0x0000000114d50000 	/Users/chaeyeong/Developer/sk-encoa/dl-workspace/.venv/lib/python3.12/site-packages/sklearn/_cyutility.cpython-312-darwin.so
0x0000000115a60000 	/Users/chaeyeong/Developer/sk-encoa/dl-workspace/.venv/lib/python3.12/site-packages/sklearn/utils/sparsefuncs_fast.cpython-312-darwin.so
0x0000000114afc000 	/Users/chaeyeong/Developer/sk-encoa/dl-workspace/.venv/lib/python3.12/site-packages/sklearn/utils/murmurhash.cpython-312-darwin.so
0x00000001134dc000 	/Users/chaeyeong/Developer/sk-encoa/dl-workspace/.venv/lib/python3.12/site-packages/sklearn/utils/_openmp_helpers.cpython-312-darwin.so
0x0000000115c90000 	/Users/chaeyeong/Developer/sk-encoa/dl-workspace/.venv/lib/python3.12/site-packages/sklearn/.dylibs/libomp.dylib
0x0000000114b1c000 	/Users/chaeyeong/Developer/sk-encoa/dl-workspace/.venv/lib/python3.12/site-packages/sklearn/feature_extraction/_hashing_fast.cpython-312-darwin.so
0x0000000114f6c000 	/Users/chaeyeong/Developer/sk-encoa/dl-workspace/.venv/lib/python3.12/site-packages/sklearn/utils/_vector_sentinel.cpython-312-darwin.so
0x0000000115488000 	/Users/chaeyeong/Developer/sk-encoa/dl-workspace/.venv/lib/python3.12/site-packages/sklearn/preprocessing/_csr_polynomial_expansion.cpython-312-darwin.so
0x0000000115fe8000 	/Users/chaeyeong/Developer/sk-encoa/dl-workspace/.venv/lib/python3.12/site-packages/sklearn/preprocessing/_target_encoder_fast.cpython-312-darwin.so
0x0000000115420000 	/Users/chaeyeong/Developer/sk-encoa/dl-workspace/.venv/lib/python3.12/site-packages/sklearn/utils/_seq_dataset.cpython-312-darwin.so
0x00000001154c4000 	/Users/chaeyeong/Developer/sk-encoa/dl-workspace/.venv/lib/python3.12/site-packages/sklearn/utils/_random.cpython-312-darwin.so
0x0000000116300000 	/Users/chaeyeong/Developer/sk-encoa/dl-workspace/.venv/lib/python3.12/site-packages/sklearn/linear_model/_cd_fast.cpython-312-darwin.so
0x0000000115f70000 	/Users/chaeyeong/Developer/sk-encoa/dl-workspace/.venv/lib/python3.12/site-packages/sklearn/utils/_cython_blas.cpython-312-darwin.so
0x000000011388c000 	/Users/chaeyeong/Developer/sk-encoa/dl-workspace/.venv/lib/python3.12/site-packages/sklearn/metrics/cluster/_expected_mutual_info_fast.cpython-312-darwin.so
0x0000000116474000 	/Users/chaeyeong/Developer/sk-encoa/dl-workspace/.venv/lib/python3.12/site-packages/sklearn/metrics/_dist_metrics.cpython-312-darwin.so
0x0000000116378000 	/Users/chaeyeong/Developer/sk-encoa/dl-workspace/.venv/lib/python3.12/site-packages/sklearn/metrics/_pairwise_distances_reduction/_argkmin.cpython-312-darwin.so
0x0000000116254000 	/Users/chaeyeong/Developer/sk-encoa/dl-workspace/.venv/lib/python3.12/site-packages/sklearn/metrics/_pairwise_distances_reduction/_base.cpython-312-darwin.so
0x0000000116508000 	/Users/chaeyeong/Developer/sk-encoa/dl-workspace/.venv/lib/python3.12/site-packages/sklearn/metrics/_pairwise_distances_reduction/_datasets_pair.cpython-312-darwin.so
0x00000001165d8000 	/Users/chaeyeong/Developer/sk-encoa/dl-workspace/.venv/lib/python3.12/site-packages/sklearn/metrics/_pairwise_distances_reduction/_middle_term_computer.cpython-312-darwin.so
0x00000001100e4000 	/Users/chaeyeong/Developer/sk-encoa/dl-workspace/.venv/lib/python3.12/site-packages/sklearn/utils/_heap.cpython-312-darwin.so
0x0000000114f48000 	/Users/chaeyeong/Developer/sk-encoa/dl-workspace/.venv/lib/python3.12/site-packages/sklearn/utils/_sorting.cpython-312-darwin.so
0x0000000115f3c000 	/Users/chaeyeong/Developer/sk-encoa/dl-workspace/.venv/lib/python3.12/site-packages/sklearn/metrics/_pairwise_distances_reduction/_argkmin_classmode.cpython-312-darwin.so
0x0000000116570000 	/Users/chaeyeong/Developer/sk-encoa/dl-workspace/.venv/lib/python3.12/site-packages/sklearn/metrics/_pairwise_distances_reduction/_radius_neighbors.cpython-312-darwin.so
0x0000000116420000 	/Users/chaeyeong/Developer/sk-encoa/dl-workspace/.venv/lib/python3.12/site-packages/sklearn/metrics/_pairwise_distances_reduction/_radius_neighbors_classmode.cpython-312-darwin.so
0x000000011644c000 	/Users/chaeyeong/Developer/sk-encoa/dl-workspace/.venv/lib/python3.12/site-packages/sklearn/metrics/_pairwise_fast.cpython-312-darwin.so
0x0000000116a74000 	/Users/chaeyeong/Developer/sk-encoa/dl-workspace/.venv/lib/python3.12/site-packages/sklearn/_loss/_loss.cpython-312-darwin.so
0x000000011580c000 	/Users/chaeyeong/Developer/sk-encoa/dl-workspace/.venv/lib/python3.12/site-packages/sklearn/utils/arrayfuncs.cpython-312-darwin.so
0x0000000115008000 	/Users/chaeyeong/Developer/sk-encoa/dl-workspace/.venv/lib/python3.12/site-packages/sklearn/linear_model/_sag_fast.cpython-312-darwin.so
0x0000000116710000 	/Users/chaeyeong/Developer/sk-encoa/dl-workspace/.venv/lib/python3.12/site-packages/sklearn/svm/_liblinear.cpython-312-darwin.so
0x0000000116cc4000 	/Users/chaeyeong/Developer/sk-encoa/dl-workspace/.venv/lib/python3.12/site-packages/sklearn/svm/_libsvm.cpython-312-darwin.so
0x0000000116d64000 	/Users/chaeyeong/Developer/sk-encoa/dl-workspace/.venv/lib/python3.12/site-packages/sklearn/svm/_libsvm_sparse.cpython-312-darwin.so
0x0000000116d18000 	/Users/chaeyeong/Developer/sk-encoa/dl-workspace/.venv/lib/python3.12/site-packages/sklearn/linear_model/_sgd_fast.cpython-312-darwin.so
0x0000000114f90000 	/Users/chaeyeong/Developer/sk-encoa/dl-workspace/.venv/lib/python3.12/site-packages/sklearn/utils/_weight_vector.cpython-312-darwin.so
0x000000011544c000 	/Users/chaeyeong/Developer/sk-encoa/dl-workspace/.venv/lib/python3.12/site-packages/scipy/io/matlab/_mio_utils.cpython-312-darwin.so
0x0000000116f10000 	/Users/chaeyeong/Developer/sk-encoa/dl-workspace/.venv/lib/python3.12/site-packages/scipy/io/matlab/_mio5_utils.cpython-312-darwin.so
0x0000000115994000 	/Users/chaeyeong/Developer/sk-encoa/dl-workspace/.venv/lib/python3.12/site-packages/scipy/io/matlab/_streams.cpython-312-darwin.so
0x0000000117000000 	/Users/chaeyeong/Developer/sk-encoa/dl-workspace/.venv/lib/python3.12/site-packages/sklearn/datasets/_svmlight_format_fast.cpython-312-darwin.so
0x000000011a35c000 	/Users/chaeyeong/Developer/sk-encoa/dl-workspace/.venv/lib/python3.12/site-packages/yaml/_yaml.cpython-312-darwin.so
0x000000011086c000 	/Users/chaeyeong/Developer/sk-encoa/dl-workspace/.venv/lib/python3.12/site-packages/markupsafe/_speedups.cpython-312-darwin.so
0x000000011a954000 	/Users/chaeyeong/Developer/sk-encoa/dl-workspace/.venv/lib/python3.12/site-packages/PIL/_imaging.cpython-312-darwin.so
0x000000011aaa8000 	/Users/chaeyeong/Developer/sk-encoa/dl-workspace/.venv/lib/python3.12/site-packages/PIL/.dylibs/libtiff.6.dylib
0x000000011ab64000 	/Users/chaeyeong/Developer/sk-encoa/dl-workspace/.venv/lib/python3.12/site-packages/PIL/.dylibs/libjpeg.62.4.0.dylib
0x000000011ac08000 	/Users/chaeyeong/Developer/sk-encoa/dl-workspace/.venv/lib/python3.12/site-packages/PIL/.dylibs/libopenjp2.2.5.4.dylib
0x0000000116fc8000 	/Users/chaeyeong/Developer/sk-encoa/dl-workspace/.venv/lib/python3.12/site-packages/PIL/.dylibs/libz.1.3.1.zlib-ng.dylib
0x0000000117498000 	/Users/chaeyeong/Developer/sk-encoa/dl-workspace/.venv/lib/python3.12/site-packages/PIL/.dylibs/libxcb.1.1.0.dylib
0x000000011a9ec000 	/Users/chaeyeong/Developer/sk-encoa/dl-workspace/.venv/lib/python3.12/site-packages/PIL/.dylibs/liblzma.5.dylib
0x0000000114d7c000 	/Users/chaeyeong/Developer/sk-encoa/dl-workspace/.venv/lib/python3.12/site-packages/PIL/.dylibs/libXau.6.dylib
0x00000001014a0000 	/Users/chaeyeong/Developer/sk-encoa/dl-workspace/.venv/lib/python3.12/site-packages/torch/lib/libtorch_global_deps.dylib
0x000000023049c000 	/System/Library/PrivateFrameworks/ANECompiler.framework/Versions/A/ANECompiler
0x00000001ac8c1000 	/System/Library/PrivateFrameworks/AppleNeuralEngine.framework/Versions/A/AppleNeuralEngine
0x0000000237424000 	/System/Library/Frameworks/MetalPerformanceShadersGraph.framework/Versions/A/MetalPerformanceShadersGraph
0x00000001ab63d000 	/System/Library/PrivateFrameworks/ANEServices.framework/Versions/A/ANEServices
0x000000019182e000 	/usr/lib/libsandbox.1.dylib
0x000000019eb61000 	/usr/lib/libMatch.1.dylib
0x000000026ba59000 	/System/Library/PrivateFrameworks/ODIE.framework/Versions/A/ODIE
0x0000000264e00000 	/System/Library/PrivateFrameworks/MLModelAsset.framework/Versions/A/MLModelAsset
0x00000001127c4000 	/Users/chaeyeong/Developer/sk-encoa/dl-workspace/.venv/lib/python3.12/site-packages/torch/_C.cpython-312-darwin.so
0x000000011d434000 	/Users/chaeyeong/Developer/sk-encoa/dl-workspace/.venv/lib/python3.12/site-packages/torch/lib/libtorch_python.dylib
0x00000001018a8000 	/Users/chaeyeong/Developer/sk-encoa/dl-workspace/.venv/lib/python3.12/site-packages/torch/lib/libtorch.dylib
0x0000000113300000 	/Users/chaeyeong/Developer/sk-encoa/dl-workspace/.venv/lib/python3.12/site-packages/torch/lib/libshm.dylib
0x000000013336c000 	/Users/chaeyeong/Developer/sk-encoa/dl-workspace/.venv/lib/python3.12/site-packages/torch/lib/libtorch_cpu.dylib
0x000000011b8bc000 	/Users/chaeyeong/Developer/sk-encoa/dl-workspace/.venv/lib/python3.12/site-packages/torch/lib/libc10.dylib
0x000000011b9cc000 	/Users/chaeyeong/Developer/sk-encoa/dl-workspace/.venv/lib/python3.12/site-packages/torch/lib/libomp.dylib
0x0000000120548000 	/Users/chaeyeong/Developer/sk-encoa/dl-workspace/.venv/lib/python3.12/site-packages/tokenizers/tokenizers.abi3.so
0x0000000123374000 	/Users/chaeyeong/Developer/sk-encoa/dl-workspace/.venv/lib/python3.12/site-packages/safetensors/_safetensors_rust.abi3.so
0x00000001236c4000 	/Users/chaeyeong/Developer/sk-encoa/dl-workspace/.venv/lib/python3.12/site-packages/sentencepiece/_sentencepiece.cpython-312-darwin.so
0x0000000123e18000 	/Users/chaeyeong/Developer/sk-encoa/dl-workspace/.venv/lib/python3.12/site-packages/_jpype.so
0x00000001159d8000 	/Library/Java/JavaVirtualMachines/jdk-21.jdk/Contents/Home/lib/libjli.dylib
0x00000001acc70000 	/System/Library/Frameworks/Cocoa.framework/Versions/A/Cocoa
0x000000019188d000 	/System/Library/Frameworks/AppKit.framework/Versions/C/AppKit
0x000000024652e000 	/System/Library/PrivateFrameworks/CollectionViewCore.framework/Versions/A/CollectionViewCore
0x000000019a4cf000 	/System/Library/PrivateFrameworks/XCTTargetBootstrap.framework/Versions/A/XCTTargetBootstrap
0x000000019ffa2000 	/System/Library/PrivateFrameworks/UserActivity.framework/Versions/A/UserActivity
0x0000000250010000 	/System/Library/PrivateFrameworks/FrontBoard.framework/Versions/A/FrontBoard
0x00000002844ff000 	/System/Library/PrivateFrameworks/UIIntelligenceSupport.framework/Versions/A/UIIntelligenceSupport
0x000000023a83b000 	/System/Library/Frameworks/SwiftUICore.framework/Versions/A/SwiftUICore
0x000000028b0ab000 	/System/Library/PrivateFrameworks/WritingTools.framework/Versions/A/WritingTools
0x0000000289ea2000 	/System/Library/PrivateFrameworks/WindowManagement.framework/Versions/A/WindowManagement
0x000000024fd40000 	/System/Library/PrivateFrameworks/FocusEngine.framework/Versions/A/FocusEngine
0x000000024d749000 	/System/Library/PrivateFrameworks/DesignLibrary.framework/Versions/A/DesignLibrary
0x000000019a4ba000 	/System/Library/PrivateFrameworks/DFRFoundation.framework/Versions/A/DFRFoundation
0x000000028544c000 	/System/Library/PrivateFrameworks/UpdateCycle.framework/Versions/A/UpdateCycle
0x000000019a1be000 	/System/Library/Frameworks/Carbon.framework/Versions/A/Frameworks/HIToolbox.framework/Versions/A/HIToolbox
0x00000001a55a0000 	/System/Library/Frameworks/Carbon.framework/Versions/A/Frameworks/SpeechRecognition.framework/Versions/A/SpeechRecognition
0x0000000197be6000 	/System/Library/PrivateFrameworks/PerformanceAnalysis.framework/Versions/A/PerformanceAnalysis
0x00000001a5930000 	/System/Library/Frameworks/Accessibility.framework/Versions/A/Accessibility
0x000000023b798000 	/System/Library/Frameworks/Symbols.framework/Versions/A/Symbols
0x000000025930c000 	/System/Library/PrivateFrameworks/Gestures.framework/Versions/A/Gestures
0x0000000292a22000 	/usr/lib/swift/libswiftSpatial.dylib
0x00000001b7bae000 	/usr/lib/swift/libswiftCoreGraphics.dylib
0x00000001a6374000 	/usr/lib/swift/libswiftFoundation.dylib
0x00000001f2392000 	/usr/lib/swift/libswiftSwiftOnoneSupport.dylib
0x0000000292ca8000 	/usr/lib/swift/libswiftsys_time.dylib
0x00000001dceff000 	/System/Library/PrivateFrameworks/CoreMaterial.framework/Versions/A/CoreMaterial
0x000000029125e000 	/usr/lib/libSpatial.dylib
0x0000000290c7e000 	/System/Library/SubFrameworks/UIUtilities.framework/Versions/A/UIUtilities
0x00000001a9497000 	/System/Library/PrivateFrameworks/CoreWiFi.framework/Versions/A/CoreWiFi
0x00000001a800a000 	/System/Library/PrivateFrameworks/Rapport.framework/Versions/A/Rapport
0x00000001954c1000 	/System/Library/Frameworks/Accounts.framework/Versions/A/Accounts
0x00000001b9b9e000 	/System/Library/Frameworks/AVFoundation.framework/Versions/A/AVFoundation
0x000000019fc46000 	/System/Library/PrivateFrameworks/InternationalSupport.framework/Versions/A/InternationalSupport
0x00000001aa08c000 	/System/Library/Frameworks/ApplicationServices.framework/Versions/A/ApplicationServices
0x00000001a146e000 	/System/Library/Frameworks/ApplicationServices.framework/Versions/A/Frameworks/ATS.framework/Versions/A/ATS
0x0000000194a7a000 	/System/Library/Frameworks/ApplicationServices.framework/Versions/A/Frameworks/HIServices.framework/Versions/A/HIServices
0x000000019fb3c000 	/System/Library/Frameworks/ApplicationServices.framework/Versions/A/Frameworks/PrintCore.framework/Versions/A/PrintCore
0x00000001a1827000 	/System/Library/Frameworks/ApplicationServices.framework/Versions/A/Frameworks/QD.framework/Versions/A/QD
0x00000001a1822000 	/System/Library/Frameworks/ApplicationServices.framework/Versions/A/Frameworks/ColorSyncLegacy.framework/Versions/A/ColorSyncLegacy
0x00000001a1440000 	/System/Library/Frameworks/ApplicationServices.framework/Versions/A/Frameworks/SpeechSynthesis.framework/Versions/A/SpeechSynthesis
0x000000023c72c000 	/System/Library/Frameworks/_LocationEssentials.framework/Versions/A/_LocationEssentials
0x00000001a3718000 	/System/Library/PrivateFrameworks/GeoServices.framework/Versions/A/GeoServices
0x00000001a113f000 	/System/Library/PrivateFrameworks/LocationSupport.framework/Versions/A/LocationSupport
0x00000001a6a2d000 	/System/Library/Frameworks/CoreBluetooth.framework/Versions/A/CoreBluetooth
0x000000025915e000 	/System/Library/PrivateFrameworks/GeoServicesCore.framework/Versions/A/GeoServicesCore
0x00000001b3962000 	/System/Library/PrivateFrameworks/PhoneNumbers.framework/Versions/A/PhoneNumbers
0x000000019eca6000 	/System/Library/PrivateFrameworks/IconServices.framework/Versions/A/IconServices
0x000000019ec45000 	/System/Library/PrivateFrameworks/IconFoundation.framework/Versions/A/IconFoundation
0x000000025c4e0000 	/System/Library/PrivateFrameworks/IconRendering.framework/Versions/A/IconRendering
0x000000019792a000 	/System/Library/PrivateFrameworks/CoreUI.framework/Versions/A/CoreUI
0x00000002736d2000 	/System/Library/PrivateFrameworks/SFSymbols.framework/Versions/A/SFSymbols
0x0000000235054000 	/System/Library/Frameworks/DeveloperToolsSupport.framework/Versions/A/DeveloperToolsSupport
0x00000001b1d2a000 	/System/Library/PrivateFrameworks/RenderBox.framework/Versions/A/RenderBox
0x000000019a4d5000 	/System/Library/PrivateFrameworks/CoreSVG.framework/Versions/A/CoreSVG
0x000000019fbaf000 	/System/Library/PrivateFrameworks/TextureIO.framework/Versions/A/TextureIO
0x00000001bae4c000 	/usr/lib/swift/libswiftCoreImage.dylib
0x000000019faf7000 	/System/Library/Frameworks/ApplicationServices.framework/Versions/A/Frameworks/ATSUI.framework/Versions/A/ATSUI
0x000000019cfbc000 	/System/Library/Frameworks/UserNotifications.framework/Versions/A/UserNotifications
0x00000001c0804000 	/System/Library/PrivateFrameworks/SiriInstrumentation.framework/Versions/A/SiriInstrumentation
0x0000000275be8000 	/System/Library/PrivateFrameworks/SiriAnalytics.framework/Versions/A/SiriAnalytics
0x00000001bdf63000 	/System/Library/PrivateFrameworks/FeedbackLogger.framework/Versions/A/FeedbackLogger
0x00000001d886d000 	/usr/lib/swift/libswiftAVFoundation.dylib
0x0000000284bda000 	/System/Library/PrivateFrameworks/UnifiedAssetFramework.framework/Versions/A/UnifiedAssetFramework
0x000000019c1ed000 	/System/Library/PrivateFrameworks/CoreUtils.framework/Versions/A/CoreUtils
0x000000024cb5a000 	/System/Library/PrivateFrameworks/CoreUtilsExtras.framework/Versions/A/CoreUtilsExtras
0x000000025c435000 	/System/Library/PrivateFrameworks/IO80211.framework/Versions/A/IO80211
0x00000001a3370000 	/System/Library/Frameworks/IOBluetooth.framework/Versions/A/IOBluetooth
0x000000029297f000 	/usr/lib/swift/libswiftRegexBuilder.dylib
0x000000019e9c0000 	/usr/lib/libIOReport.dylib
0x00000001e9322000 	/System/Library/PrivateFrameworks/WiFiPeerToPeer.framework/Versions/A/WiFiPeerToPeer
0x00000002451b4000 	/System/Library/PrivateFrameworks/Centauri.framework/Versions/A/Centauri
0x0000000292113000 	/usr/lib/libmrc.dylib
0x000000025c4a0000 	/System/Library/PrivateFrameworks/IPConfiguration.framework/Versions/A/IPConfiguration
0x00000001dcec1000 	/System/Library/PrivateFrameworks/Netrb.framework/Versions/A/Netrb
0x00000001a79b0000 	/System/Library/PrivateFrameworks/FrontBoardServices.framework/Versions/A/FrontBoardServices
0x00000001aa661000 	/System/Library/Frameworks/AudioUnit.framework/Versions/A/AudioUnit
0x000000023368e000 	/System/Library/Frameworks/AVFAudio.framework/Versions/A/AVFAudio
0x00000002337d2000 	/System/Library/Frameworks/AVRouting.framework/Versions/A/AVRouting
0x00000001b3a7a000 	/usr/lib/libAccessibility.dylib
0x00000002602d0000 	/System/Library/PrivateFrameworks/IsolatedCoreAudioClient.framework/Versions/A/IsolatedCoreAudioClient
0x000000024894e000 	/System/Library/PrivateFrameworks/CoreAudioOrchestration.framework/Versions/A/CoreAudioOrchestration
0x00000001a0013000 	/System/Library/Frameworks/MediaToolbox.framework/Versions/A/MediaToolbox
0x00000001a6d5c000 	/System/Library/PrivateFrameworks/CoreAVCHD.framework/Versions/A/CoreAVCHD
0x00000001a5c80000 	/System/Library/Frameworks/MediaAccessibility.framework/Versions/A/MediaAccessibility
0x00000001a6d58000 	/System/Library/PrivateFrameworks/Mangrove.framework/Versions/A/Mangrove
0x00000002447f0000 	/System/Library/PrivateFrameworks/CMPhoto.framework/Versions/A/CMPhoto
0x00000001a7525000 	/System/Library/Frameworks/CoreTelephony.framework/Versions/A/CoreTelephony
0x00000001a6d4b000 	/System/Library/PrivateFrameworks/CoreAUC.framework/Versions/A/CoreAUC
0x0000000241956000 	/System/Library/PrivateFrameworks/AppleJPEGXL.framework/Versions/A/AppleJPEGXL
0x00000001a1a48000 	/usr/lib/libTelephonyUtilDynamic.dylib
0x00000001e3e9f000 	/System/Library/Frameworks/CryptoKit.framework/Versions/A/CryptoKit
0x00000001aa65c000 	/System/Library/PrivateFrameworks/CryptoKitCBridging.framework/Versions/A/CryptoKitCBridging
0x00000001a7b69000 	/System/Library/Frameworks/CryptoTokenKit.framework/Versions/A/CryptoTokenKit
0x000000024d6d9000 	/System/Library/PrivateFrameworks/Dendrite.framework/Versions/A/Dendrite
0x00000001ba96c000 	/System/Library/Frameworks/NaturalLanguage.framework/Versions/A/NaturalLanguage
0x0000000258e61000 	/System/Library/PrivateFrameworks/GenerativeModels.framework/Versions/A/GenerativeModels
0x00000001e92a9000 	/usr/lib/swift/libswiftNaturalLanguage.dylib
0x00000001aa7eb000 	/System/Library/PrivateFrameworks/Espresso.framework/Versions/A/Espresso
0x0000000198380000 	/System/Library/Frameworks/CoreML.framework/Versions/A/CoreML
0x0000000262173000 	/System/Library/PrivateFrameworks/MLCompilerServices.framework/Versions/A/MLCompilerServices
0x0000000262119000 	/System/Library/PrivateFrameworks/MLCompilerRuntime.framework/Versions/A/MLCompilerRuntime
0x000000019c7b5000 	/System/Library/Frameworks/MLCompute.framework/Versions/A/MLCompute
0x000000026209b000 	/System/Library/PrivateFrameworks/MLAssetIO.framework/Versions/A/MLAssetIO
0x0000000292951000 	/usr/lib/swift/libswiftMLCompute.dylib
0x00000001a7740000 	/System/Library/PrivateFrameworks/AVFCore.framework/Versions/A/AVFCore
0x00000001b137b000 	/System/Library/PrivateFrameworks/AVFCapture.framework/Versions/A/AVFCapture
0x00000002445e7000 	/System/Library/PrivateFrameworks/CMImaging.framework/Versions/A/CMImaging
0x00000001b15bd000 	/System/Library/PrivateFrameworks/Quagga.framework/Versions/A/Quagga
0x00000001b16ee000 	/System/Library/PrivateFrameworks/CMCapture.framework/Versions/A/CMCapture
0x00000001a15d1000 	/System/Library/Frameworks/CoreMediaIO.framework/Versions/A/CoreMediaIO
0x0000000244522000 	/System/Library/PrivateFrameworks/CMCaptureDevice.framework/Versions/A/CMCaptureDevice
0x000000019ef9d000 	/System/Library/PrivateFrameworks/CoreBrightness.framework/Versions/A/CoreBrightness
0x00000002456ab000 	/System/Library/PrivateFrameworks/CinematicFraming.framework/Versions/A/CinematicFraming
0x0000000267f3d000 	/System/Library/PrivateFrameworks/ModelManagerServices.framework/Versions/A/ModelManagerServices
0x00000001d58d5000 	/System/Library/PrivateFrameworks/CPMS.framework/Versions/A/CPMS
0x000000027fae1000 	/System/Library/PrivateFrameworks/SystemStatus.framework/Versions/A/SystemStatus
0x00000001b979c000 	/System/Library/Frameworks/CoreMotion.framework/Versions/A/CoreMotion
0x00000001c9db4000 	/System/Library/PrivateFrameworks/TimeSync.framework/Versions/A/TimeSync
0x000000024e0a1000 	/System/Library/PrivateFrameworks/DistributedSensing.framework/Versions/A/DistributedSensing
0x00000001c5193000 	/System/Library/PrivateFrameworks/MobileBluetooth.framework/Versions/A/MobileBluetooth
0x00000001cba78000 	/System/Library/PrivateFrameworks/IOKitten.framework/Versions/A/IOKitten
0x00000002618e6000 	/System/Library/PrivateFrameworks/LocationLogEncryption.framework/Versions/A/LocationLogEncryption
0x00000002417d0000 	/System/Library/PrivateFrameworks/AppleIntelligenceReporting.framework/Versions/A/AppleIntelligenceReporting
0x000000019c0fc000 	/System/Library/PrivateFrameworks/CoreEmoji.framework/Versions/A/CoreEmoji
0x000000018fc66000 	/System/Library/PrivateFrameworks/LanguageModeling.framework/Versions/A/LanguageModeling
0x0000000194be3000 	/System/Library/PrivateFrameworks/Montreal.framework/Versions/A/Montreal
0x000000019d270000 	/usr/lib/libcmph.dylib
0x0000000258f43000 	/System/Library/PrivateFrameworks/GenerativeModelsFoundation.framework/Versions/A/GenerativeModelsFoundation
0x00000002828b6000 	/System/Library/PrivateFrameworks/TokenGeneration.framework/Versions/A/TokenGeneration
0x0000000258d17000 	/System/Library/PrivateFrameworks/GenerativeFunctions.framework/Versions/A/GenerativeFunctions
0x0000000258d65000 	/System/Library/PrivateFrameworks/GenerativeFunctionsFoundation.framework/Versions/A/GenerativeFunctionsFoundation
0x0000000267bfe000 	/System/Library/PrivateFrameworks/ModelCatalog.framework/Versions/A/ModelCatalog
0x0000000274e02000 	/System/Library/PrivateFrameworks/SensitiveContentAnalysisML.framework/Versions/A/SensitiveContentAnalysisML
0x0000000258dfb000 	/System/Library/PrivateFrameworks/GenerativeFunctionsInstrumentation.framework/Versions/A/GenerativeFunctionsInstrumentation
0x0000000271c2b000 	/System/Library/PrivateFrameworks/PromptKit.framework/Versions/A/PromptKit
0x0000000271641000 	/System/Library/PrivateFrameworks/ProactiveDaemonSupport.framework/Versions/A/ProactiveDaemonSupport
0x0000000282aee000 	/System/Library/PrivateFrameworks/TokenGenerationCore.framework/Versions/A/TokenGenerationCore
0x00000001bb83b000 	/System/Library/PrivateFrameworks/Trial.framework/Versions/A/Trial
0x00000001bb7bc000 	/System/Library/PrivateFrameworks/TrialProto.framework/Versions/A/TrialProto
0x00000002413fa000 	/System/Library/PrivateFrameworks/AppleFlatBuffers.framework/Versions/A/AppleFlatBuffers
0x00000002750d2000 	/System/Library/PrivateFrameworks/SentencePieceInternal.framework/Versions/A/SentencePieceInternal
0x00000001a5cda000 	/System/Library/Frameworks/Vision.framework/Versions/A/Vision
0x000000024c7f8000 	/System/Library/PrivateFrameworks/CoreSceneUnderstanding.framework/Versions/A/CoreSceneUnderstanding
0x000000028773f000 	/System/Library/PrivateFrameworks/VisionCore.framework/Versions/A/VisionCore
0x000000019ff50000 	/System/Library/PrivateFrameworks/DataDetectorsCore.framework/Versions/A/DataDetectorsCore
0x00000001c4121000 	/System/Library/Frameworks/Vision.framework/libfaceCore.dylib
0x00000001c4c3b000 	/System/Library/PrivateFrameworks/Futhark.framework/Versions/A/Futhark
0x00000001c8b89000 	/System/Library/PrivateFrameworks/InertiaCam.framework/Versions/A/InertiaCam
0x00000001c49c8000 	/System/Library/PrivateFrameworks/TextRecognition.framework/Versions/A/TextRecognition
0x000000023503d000 	/System/Library/Frameworks/DataDetection.framework/Versions/A/DataDetection
0x00000001bebd4000 	/System/Library/PrivateFrameworks/TextInput.framework/Versions/A/TextInput
0x000000019e9fe000 	/System/Library/PrivateFrameworks/CVNLP.framework/Versions/A/CVNLP
0x0000000234b22000 	/System/Library/Frameworks/CoreTransferable.framework/Versions/A/CoreTransferable
0x0000000192fb1000 	/System/Library/PrivateFrameworks/UIFoundation.framework/Versions/A/UIFoundation
0x00000001a17b5000 	/usr/lib/libcups.2.dylib
0x00000001b396e000 	/System/Library/PrivateFrameworks/AXCoreUtilities.framework/Versions/A/AXCoreUtilities
0x00000001c3f6a000 	/System/Library/PrivateFrameworks/AttributeGraph.framework/Versions/A/AttributeGraph
0x0000000290d61000 	/usr/lib/libAXSafeCategoryBundle.dylib
0x000000023b7b2000 	/System/Library/Frameworks/TabularData.framework/Versions/A/TabularData
0x000000024267d000 	/System/Library/PrivateFrameworks/ArgumentParserInternal.framework/Versions/A/ArgumentParserInternal
0x0000000124f28000 	/Library/Java/JavaVirtualMachines/jdk-21.jdk/Contents/Home/lib/server/libjvm.dylib
0x0000000115a1c000 	/Library/Java/JavaVirtualMachines/jdk-21.jdk/Contents/Home/lib/libjimage.dylib
0x000000011b84c000 	/Library/Java/JavaVirtualMachines/jdk-21.jdk/Contents/Home/lib/libjava.dylib
0x0000000115be8000 	/Library/Java/JavaVirtualMachines/jdk-21.jdk/Contents/Home/lib/libnio.dylib
0x0000000115c2c000 	/Library/Java/JavaVirtualMachines/jdk-21.jdk/Contents/Home/lib/libnet.dylib
0x000000011d3ec000 	/Library/Java/JavaVirtualMachines/jdk-21.jdk/Contents/Home/lib/libzip.dylib
0x0000000115fa4000 	/Library/Java/JavaVirtualMachines/jdk-21.jdk/Contents/Home/lib/libverify.dylib
0x0000000124b78000 	/Users/chaeyeong/Developer/sk-encoa/dl-workspace/.venv/lib/python3.12/site-packages/_mecab.cpython-312-darwin.so
0x0000000124c08000 	/Users/chaeyeong/Developer/sk-encoa/dl-workspace/.venv/lib/python3.12/site-packages/mecab/.dylibs/libmecab.2.dylib
0x000000030b430000 	/Users/chaeyeong/Developer/sk-encoa/dl-workspace/.venv/lib/python3.12/site-packages/lxml/etree.cpython-312-darwin.so
0x0000000124e88000 	/Users/chaeyeong/Developer/sk-encoa/dl-workspace/.venv/lib/python3.12/site-packages/lxml/_elementpath.cpython-312-darwin.so
0x000000030c7e0000 	/Users/chaeyeong/Developer/sk-encoa/dl-workspace/.venv/lib/python3.12/site-packages/_kiwipiepy.abi3.so
0x0000000124b38000 	/Users/chaeyeong/Developer/sk-encoa/dl-workspace/.venv/lib/python3.12/site-packages/matplotlib/_c_internal_utils.cpython-312-darwin.so
0x0000000314850000 	/Users/chaeyeong/Developer/sk-encoa/dl-workspace/.venv/lib/python3.12/site-packages/matplotlib/_path.cpython-312-darwin.so
0x0000000314d40000 	/Users/chaeyeong/Developer/sk-encoa/dl-workspace/.venv/lib/python3.12/site-packages/matplotlib/ft2font.cpython-312-darwin.so
0x0000000147fac000 	/Users/chaeyeong/Developer/sk-encoa/dl-workspace/.venv/lib/python3.12/site-packages/kiwisolver/_cext.cpython-312-darwin.so
0x0000000314c10000 	/Users/chaeyeong/Developer/sk-encoa/dl-workspace/.venv/lib/python3.12/site-packages/matplotlib/_image.cpython-312-darwin.so
0x00000001162bc000 	/Users/chaeyeong/Developer/sk-encoa/dl-workspace/.venv/lib/python3.12/site-packages/PIL/_imagingft.cpython-312-darwin.so
0x00000003155ec000 	/Users/chaeyeong/Developer/sk-encoa/dl-workspace/.venv/lib/python3.12/site-packages/PIL/.dylibs/libfreetype.6.dylib
0x00000003158bc000 	/Users/chaeyeong/Developer/sk-encoa/dl-workspace/.venv/lib/python3.12/site-packages/PIL/.dylibs/libharfbuzz.0.dylib
0x0000000314c74000 	/Users/chaeyeong/Developer/sk-encoa/dl-workspace/.venv/lib/python3.12/site-packages/PIL/.dylibs/libpng16.16.dylib
0x0000000116624000 	/Users/chaeyeong/Developer/sk-encoa/dl-workspace/.venv/lib/python3.12/site-packages/PIL/.dylibs/libbrotlidec.1.2.0.dylib
0x0000000124ef0000 	/Users/chaeyeong/Developer/sk-encoa/dl-workspace/.venv/lib/python3.12/site-packages/PIL/.dylibs/libbrotlicommon.1.2.0.dylib
0x0000000314bac000 	/Users/chaeyeong/Developer/sk-encoa/dl-workspace/.venv/lib/python3.12/site-packages/wordcloud/query_integral_image.cpython-312-darwin.so
0x0000000315800000 	/Users/chaeyeong/Developer/sk-encoa/dl-workspace/.venv/lib/python3.12/site-packages/matplotlib/backends/_backend_agg.cpython-312-darwin.so
0x0000000116288000 	/Users/chaeyeong/Developer/sk-encoa/dl-workspace/.venv/lib/python3.12/site-packages/PIL/_imagingmath.cpython-312-darwin.so


VM Arguments:
jvm_args: -Dfile.encoding=UTF8 -ea -Xmx1024m 
java_command: <unknown>
java_class_path (initial): /Users/chaeyeong/Developer/sk-encoa/dl-workspace/.venv/lib/python3.12/site-packages/konlpy/java:/Users/chaeyeong/Developer/sk-encoa/dl-workspace/.venv/lib/python3.12/site-packages/konlpy/java/bin:/Users/chaeyeong/Developer/sk-encoa/dl-workspace/.venv/lib/python3.12/site-packages/konlpy/java/scala-library-2.12.3.jar:/Users/chaeyeong/Developer/sk-encoa/dl-workspace/.venv/lib/python3.12/site-packages/konlpy/java/twitter-text-1.14.7.jar:/Users/chaeyeong/Developer/sk-encoa/dl-workspace/.venv/lib/python3.12/site-packages/konlpy/java/komoran-3.0.jar:/Users/chaeyeong/Developer/sk-encoa/dl-workspace/.venv/lib/python3.12/site-packages/konlpy/java/jhannanum-0.8.4.jar:/Users/chaeyeong/Developer/sk-encoa/dl-workspace/.venv/lib/python3.12/site-packages/konlpy/java/open-korean-text-2.1.0.jar:/Users/chaeyeong/Developer/sk-encoa/dl-workspace/.venv/lib/python3.12/site-packages/konlpy/java/aho-corasick.jar:/Users/chaeyeong/Developer/sk-encoa/dl-workspace/.venv/lib/python3.12/site-packages/konlpy/java/kkma-2.0.jar:/Users/chaeyeong/Developer/sk-encoa/dl-workspace/.venv/lib/python3.12/site-packages/konlpy/java/shineware-common-1.0.jar:/Users/chaeyeong/Developer/sk-encoa/dl-workspace/.venv/lib/python3.12/site-packages/konlpy/java/snakeyaml-1.12.jar:/Users/chaeyeong/Developer/sk-encoa/dl-workspace/.venv/lib/python3.12/site-packages/konlpy/java/shineware-ds-1.0.jar:/Users/chaeyeong/Developer/sk-encoa/dl-workspace/.venv/lib/python3.12/site-packages/konlpy/java/jhannanum-0.8.4.jar:/Users/chaeyeong/Developer/sk-encoa/dl-workspace/.venv/lib/python3.12/site-packages/konlpy/java/kkma-2.0.jar:/Users/chaeyeong/Developer/sk-encoa/dl-workspace/.venv/lib/python3.12/site-packages/konlpy/java/aho-corasick.jar:/Users/chaeyeong/Developer/sk-encoa/dl-workspace/.venv/lib/python3.12/site-packages/konlpy/java/shineware-common-1.0.jar:/Users/chaeyeong/Developer/sk-encoa/dl-workspace/.venv/lib/python3.12/site-packages/konlpy/java/shineware-ds-1.0.jar:/Users/chaeyeong/Developer/sk-encoa/dl-workspace/.venv/lib/python3.12/site-packages/konlpy/java/komoran-3.0.jar:/Users/chaeyeong/Developer/sk-encoa/dl-workspace/.venv/lib/python3.12/site-packages/konlpy/java/snakeyaml-1.12.jar:/Users/chaeyeong/Developer/sk-encoa/dl-workspace/.venv/lib/python3.12/site-packages/konlpy/java/scala-library-2.12.3.jar:/Users/chaeyeong/Developer/sk-encoa/dl-workspace/.venv/lib/python3.12/site-packages/konlpy/java/open-korean-text-2.1.0.jar:/Users/chaeyeong/Developer/sk-encoa/dl-workspace/.venv/lib/python3.12/site-packages/konlpy/java/twitter-text-1.14.7.jar:/Users/chaeyeong/Developer/sk-encoa/dl-workspace/.venv/lib/python3.12/site-packages/konlpy/java/scala-library-2.12.3.jar:/Users/chaeyeong/Developer/sk-encoa/dl-workspace/.venv/lib/python3.12/site-packages/konlpy/java/twitter-text-1.14.7.jar:/Users/chaeyeong/Developer/sk-encoa/dl-workspace/.venv/lib/python3.12/site-packages/konlpy/java/komoran-3.0.jar:/Users/chaeyeong/Developer/sk-encoa/dl-workspace/.venv/lib/python3.12/site-packages/konlpy/java/jhannanum-0.8.4.jar:/Users/chaeyeong/Developer/sk-encoa/dl-workspace/.venv/lib/python3.12/site-packages/konlpy/java/open-korean-text-2.1.0.jar:/Users/chaeyeong/Developer/sk-encoa/dl-workspace/.venv/lib/python3.12/site-packages/konlpy/java/aho-corasick.jar:/Users/chaeyeong/Developer/sk-encoa/dl-workspace/.venv/lib/python3.12/site-packages/konlpy/java/kkma-2.0.jar:/Users/chaeyeong/Developer/sk-encoa/dl-workspace/.venv/lib/python3.12/site-packages/konlpy/java/shineware-common-1.0.jar:/Users/chaeyeong/Developer/sk-encoa/dl-workspace/.venv/lib/python3.12/site-packages/konlpy/java/snakeyaml-1.12.jar:/Users/chaeyeong/Developer/sk-encoa/dl-workspace/.venv/lib/python3.12/site-packages/konlpy/java/shineware-ds-1.0.jar:/Users/chaeyeong/Developer/sk-encoa/dl-workspace/.venv/lib/python3.12/site-packages/org.jpype.jar
Launcher Type: generic

[Global flags]
     intx CICompilerCount                          = 4                                         {product} {ergonomic}
     uint ConcGCThreads                            = 2                                         {product} {ergonomic}
     uint G1ConcRefinementThreads                  = 9                                         {product} {ergonomic}
   size_t G1HeapRegionSize                         = 1048576                                   {product} {ergonomic}
    uintx GCDrainStackTargetSize                   = 64                                        {product} {ergonomic}
   size_t InitialHeapSize                          = 268435456                                 {product} {ergonomic}
   size_t MarkStackSize                            = 4194304                                   {product} {ergonomic}
   size_t MaxHeapSize                              = 1073741824                                {product} {command line}
   size_t MaxNewSize                               = 643825664                                 {product} {ergonomic}
   size_t MinHeapDeltaBytes                        = 1048576                                   {product} {ergonomic}
   size_t MinHeapSize                              = 8388608                                   {product} {ergonomic}
    uintx NonNMethodCodeHeapSize                   = 5839564                                {pd product} {ergonomic}
    uintx NonProfiledCodeHeapSize                  = 122909338                              {pd product} {ergonomic}
    uintx ProfiledCodeHeapSize                     = 122909338                              {pd product} {ergonomic}
    uintx ReservedCodeCacheSize                    = 251658240                              {pd product} {ergonomic}
     bool SegmentedCodeCache                       = true                                      {product} {ergonomic}
   size_t SoftMaxHeapSize                          = 1073741824                             {manageable} {ergonomic}
     bool UseCompressedOops                        = true                           {product lp64_product} {ergonomic}
     bool UseG1GC                                  = true                                      {product} {ergonomic}
     bool UseNUMA                                  = false                                     {product} {ergonomic}
     bool UseNUMAInterleaving                      = false                                     {product} {ergonomic}

Logging:
Log output configuration:
 #0: stdout all=warning uptime,level,tags foldmultilines=false
 #1: stderr all=off uptime,level,tags foldmultilines=false

Environment Variables:
JAVA_HOME=/Library/Java/JavaVirtualMachines/jdk-21.jdk/Contents/Home
PATH=/Users/chaeyeong/Developer/sk-encoa/dl-workspace/.venv/bin:/Library/Java/JavaVirtualMachines/jdk-21.jdk/Contents/Home/bin:/usr/local/bin:/System/Cryptexes/App/usr/bin:/usr/bin:/bin:/usr/sbin:/sbin:/var/run/com.apple.security.cryptexd/codex.system/bootstrap/usr/local/bin:/var/run/com.apple.security.cryptexd/codex.system/bootstrap/usr/bin:/var/run/com.apple.security.cryptexd/codex.system/bootstrap/usr/appleinternal/bin:/pkg/env/global/bin:/opt/homebrew/bin
SHELL=/bin/zsh
LANG=C.UTF-8
TERM=xterm-color
TMPDIR=/var/folders/54/87jq7n7x6yj56mj9cn93kmsh0000gn/T/

Active Locale:
LC_ALL=C/C.UTF-8/C/C/C/C
LC_COLLATE=C
LC_CTYPE=C.UTF-8
LC_MESSAGES=C
LC_MONETARY=C
LC_NUMERIC=C
LC_TIME=C

Signal Handlers:
   SIGSEGV: crash_handler in libjvm.dylib, mask=11100110000111110111111111111111, flags=SA_ONSTACK|SA_RESTART|SA_SIGINFO, unblocked
    SIGBUS: crash_handler in libjvm.dylib, mask=11100110000111110111111111111111, flags=SA_RESTART|SA_SIGINFO, unblocked
    SIGFPE: crash_handler in libjvm.dylib, mask=11100110000111110111111111111111, flags=SA_RESTART|SA_SIGINFO, unblocked
   SIGPIPE: javaSignalHandler in libjvm.dylib, mask=11100110000111110111111111111111, flags=SA_RESTART|SA_SIGINFO, blocked
   SIGXFSZ: javaSignalHandler in libjvm.dylib, mask=11100110000111110111111111111111, flags=SA_RESTART|SA_SIGINFO, blocked
    SIGILL: crash_handler in libjvm.dylib, mask=11100110000111110111111111111111, flags=SA_RESTART|SA_SIGINFO, unblocked
   SIGUSR2: SR_handler in libjvm.dylib, mask=00000000000000000000000000000000, flags=SA_RESTART|SA_SIGINFO, blocked
    SIGHUP: UserHandler in libjvm.dylib, mask=11100110000111110111111111111111, flags=SA_RESTART|SA_SIGINFO, blocked
    SIGINT: SIG_IGN, mask=00000000000000000000000000000000, flags=SA_ONSTACK, blocked
   SIGTERM: UserHandler in libjvm.dylib, mask=11100110000111110111111111111111, flags=SA_RESTART|SA_SIGINFO, blocked
   SIGQUIT: UserHandler in libjvm.dylib, mask=11100110000111110111111111111111, flags=SA_RESTART|SA_SIGINFO, blocked
   SIGTRAP: crash_handler in libjvm.dylib, mask=11100110000111110111111111111111, flags=SA_RESTART|SA_SIGINFO, unblocked


Periodic native trim disabled

---------------  S Y S T E M  ---------------

OS:
uname: Darwin 25.6.0 Darwin Kernel Version 25.6.0: Fri Jul 31 19:11:03 PDT 2026; root:xnu-12377.161.14~5/RELEASE_ARM64_T8132 arm64
OS uptime: 1 days 17:23 hours
rlimit (soft/hard): STACK 8176k/65520k , CORE 0k/infinity , NPROC 2666/4000 , NOFILE 1048576/infinity , AS infinity/infinity , CPU infinity/infinity , DATA infinity/infinity , FSIZE infinity/infinity , MEMLOCK infinity/infinity , RSS infinity/infinity
load average: 3.02 2.03 2.06

CPU: total 10 (initial active 10) 0x61:0x0:0x6f5129ac:0, fp, asimd, aes, pmull, sha1, sha256, crc32, lse, sha3, sha512
machdep.cpu.brand_string:Apple M4
hw.cachelinesize:128
hw.l1icachesize:131072
hw.l1dcachesize:65536
hw.l2cachesize:4194304

Memory: 16k page, physical 16777216k(1024464k free), swap 7340032k(1081600k free)

vm_info: Java HotSpot(TM) 64-Bit Server VM (21.0.12.1+1-LTS-4) for bsd-aarch64 JRE (21.0.12.1+1-LTS-4), built on 2026-07-15T18:25:55Z by "mach5run" with clang Apple LLVM 12.0.0 (clang-1200.0.32.29)

END.
